date,asset_a,asset_b
2023-01-02,99.21716306401713,49.7520021461773
2023-01-03,99.48001297109613,51.2433843125391
2023-01-04,97.84366754405389,50.265846711544924
2023-01-05,98.51977242161055,49.32531288603535
2023-01-06,99.68322544430265,48.86584249245135
2023-01-09,99.25061444129474,48.451377926097564
2023-01-10,99.70110018684906,50.159451183969765
2023-01-11,99.97203275593324,49.8429448149333
2023-01-12,99.59768070047434,51.27758327175452
2023-01-13,98.75527583495874,52.27908688008749
2023-01-16,96.74272340750201,53.19602174260529
2023-01-17,98.17314689151368,54.00486995414426
2023-01-18,98.14551465432135,54.475970974210036
2023-01-19,100.68784206507078,55.15266687507935
2023-01-20,101.5340603142454,56.65935052867277
2023-01-23,101.83184084122078,54.26024353790722
2023-01-24,101.19440978271467,54.73825153204547
2023-01-25,102.60687898714649,56.1846210377909
2023-01-26,102.12058987266771,55.4443676127947
2023-01-27,103.7105390049153,55.43516215164327
2023-01-30,103.33217772402539,56.50912095577392
2023-01-31,103.53813165360653,54.441672099653054
2023-02-01,102.03546125063335,54.837255562860875
2023-02-02,104.39869363234207,53.563084695843294
2023-02-03,104.32466780300847,53.878847026716116
2023-02-06,103.95955421394972,54.36340175416888
2023-02-07,104.79040184789716,54.69137602016277
2023-02-08,103.91903001173863,53.51052841342253
2023-02-09,104.70663728749203,53.55367814043332
2023-02-10,103.55539688266197,52.827124582375745
2023-02-13,104.12063865415728,53.22810936204573
2023-02-14,103.09651241494147,52.81142664863236
2023-02-15,101.279444306023,51.83249951084023
2023-02-16,100.7056767216894,52.992709480358855
2023-02-17,99.26176230619028,51.56201795905232
2023-02-20,99.83504053641092,50.987142856309774
2023-02-21,99.87671165341025,52.324451853839676
2023-02-22,100.40615814957921,52.793493109621956
2023-02-23,100.51746097500744,53.87214181135578
2023-02-24,100.18360194577686,52.70685905603308
2023-02-27,100.23173128520997,52.946516797510135
2023-02-28,101.30422036540347,51.92028489546084
2023-03-01,101.14108952779993,49.82527384923639
2023-03-02,100.39904232177106,50.55549839104177
2023-03-03,99.44914069272916,49.347243746655096
2023-03-06,99.24741455276967,49.50986174526995
2023-03-07,98.51767525680204,48.39364131031223
2023-03-08,100.41830753212021,49.082418703862295
2023-03-09,99.25974310434275,49.79726303058832
2023-03-10,98.19814352094237,48.602904087064836
2023-03-13,97.91225120846397,47.40367988675591
2023-03-14,98.582264954411,44.23458189458101
2023-03-15,98.33416689003735,43.68995165935129
2023-03-16,97.39625876505929,43.424947314258525
2023-03-17,96.60935837706253,42.55730986770992
2023-03-20,96.27856636413304,43.41344529740561
2023-03-21,97.27192908529895,43.329850682994525
2023-03-22,96.31394712630257,43.34981766914215
2023-03-23,96.24261938749507,42.61332022050301
2023-03-24,95.64956544527946,40.816061990142124
2023-03-27,95.9941854716977,40.901415185893484
2023-03-28,96.41132126454553,41.93329505520749
2023-03-29,94.96607572608102,43.40763131868506
2023-03-30,97.37293805590369,43.63565143551222
2023-03-31,97.58254145368782,42.13750356527349
2023-04-03,97.09320928506853,41.75032269465308
2023-04-04,96.21921879849405,41.95096434826411
2023-04-05,95.9797085548916,40.6402746808171
2023-04-06,96.03152528454994,40.20442786088302
2023-04-07,96.64668368280165,39.44324497779129
2023-04-10,96.67230475749908,38.483694059819456
2023-04-11,97.1762536723305,37.26509340374642
2023-04-12,95.5863024669784,37.65326083067265
2023-04-13,94.8539183837416,38.318363855119074
2023-04-14,93.86736074947642,39.81096719258744
2023-04-17,94.05194754733489,39.508227590215384
2023-04-18,94.52994662002881,39.60038425245739
2023-04-19,93.0838603439097,37.53812562327937
2023-04-20,92.93593168252116,37.893151323786704
2023-04-21,93.68139240703253,39.552794061739185
2023-04-24,94.61647038734455,38.63229000062744
2023-04-25,93.52107893985352,39.24562933520659
2023-04-26,94.1040018934425,38.635099543509156
2023-04-27,94.4623811254478,39.27686605949107
2023-04-28,94.0464557861548,40.16676600606553
2023-05-01,96.02947980023178,38.44358643810176
2023-05-02,94.93076153810789,37.38008677526015
2023-05-03,94.6733878355833,36.50059403231322
2023-05-04,95.1481851597614,36.272007659974875
2023-05-05,95.41130048926088,37.8630014129411
2023-05-08,95.26005780320872,37.9303738312721
2023-05-09,96.65694710531565,38.10923964314029
2023-05-10,98.12229200413086,38.35627512489345
2023-05-11,99.05496510436859,37.59198921703556
2023-05-12,100.07661064134078,38.911223343769464
2023-05-15,100.04167906319167,39.550235327367574
2023-05-16,98.89688350990572,40.51353956519194
2023-05-17,101.10466466533013,40.843577148927196
2023-05-18,100.16714275538894,39.21453932135785
2023-05-19,102.41641676358716,39.87948541443178
2023-05-22,102.30931080773543,39.14252523983265
2023-05-23,102.56112312650579,38.06733451954452
2023-05-24,102.41196993738949,41.3251149624481
2023-05-25,103.39008588097401,42.45351092250679
2023-05-26,102.90200767735766,41.976466962497
2023-05-29,104.76521127206702,42.9977434215534
2023-05-30,105.32023966826121,44.35232167377333
2023-05-31,105.51486550397597,44.64947976550037
2023-06-01,104.96479359889591,44.19441058286643
2023-06-02,105.26534716687004,45.40397602899928
2023-06-05,105.28210029381015,46.344192716754975
2023-06-06,107.20208255627823,47.19860896955877
2023-06-07,108.15819805595616,45.211460150085244
2023-06-08,106.61821347557444,45.76664284237535
2023-06-09,108.16731083120824,48.27385135457559
2023-06-12,105.8141324711797,46.98970338672877
2023-06-13,107.37496819774223,46.52311989028984
2023-06-14,105.5089928211815,45.59330639469964
2023-06-15,105.52976063470336,45.005658279536526
2023-06-16,106.36211376470285,44.84602560309163
2023-06-19,106.37438413709486,47.30759281253355
2023-06-20,105.29631782528975,46.96375471979706
2023-06-21,106.54958775006774,48.92230635256298
2023-06-22,104.790013771533,47.79839407399158
2023-06-23,103.34982244969517,48.58762512427256
2023-06-26,104.75372599473612,48.54915077756439
2023-06-27,103.90878008335176,48.0666998407869
2023-06-28,104.17543190404238,48.433733119623625
2023-06-29,105.00529360331416,50.08204428011687
2023-06-30,104.9188110605685,50.59120960000026
2023-07-03,105.21530925444947,51.42398022533408
2023-07-04,105.35594612441533,51.55956359392863
2023-07-05,105.5900907168651,52.18232899322239
2023-07-06,106.79714071331091,52.71764356898512
2023-07-07,107.75135887264035,53.75923963753541
2023-07-10,108.09483915396291,53.655997401054485
2023-07-11,109.03230784730135,52.98540949072508
2023-07-12,108.51054364942928,52.46944827671223
2023-07-13,107.76621644263692,51.930387060680346
2023-07-14,106.78451736247197,52.63608302836069
2023-07-17,107.58865135070394,51.72116234408728
2023-07-18,109.23338433243268,52.65099494450119
2023-07-19,109.33838461417112,53.0027743985321
2023-07-20,107.37977304686844,54.58963634022298
2023-07-21,106.89107129897494,54.90383487029694
2023-07-24,107.37907077466194,56.26567227585541
2023-07-25,107.69609178292113,56.8545150053635
2023-07-26,107.80980632655074,57.142152106209416
2023-07-27,108.81861920516877,56.84025396665217
2023-07-28,109.76524980463412,57.47328237813234
2023-07-31,108.44447413289089,57.64801299444693
2023-08-01,108.89916806472174,56.953898979315554
2023-08-02,108.17953301955255,56.41905952348137
2023-08-03,108.43236479590011,54.13709670714679
2023-08-04,109.69628459444037,55.599780172403136
2023-08-07,111.54765943416976,57.03776233157962
2023-08-08,112.26765717321753,56.519657814831675
2023-08-09,111.78203748386538,55.04337762357141
2023-08-10,111.45077840904496,55.9128542432345
2023-08-11,112.00385087619242,57.313450066130784
2023-08-14,111.03590845154017,57.33131697854467
2023-08-15,110.98824865238365,56.581460707059875
2023-08-16,111.61318116080751,58.16771179568539
2023-08-17,112.5516802109061,59.290092719517325
2023-08-18,112.2746171798703,60.582427214784985
2023-08-21,112.66440906631617,62.919558632417186
2023-08-22,114.04693233840327,62.92942861070286
2023-08-23,114.37218388876545,63.181781788083995
2023-08-24,112.67580939416457,65.66546637474087
2023-08-25,112.91013466231817,66.73675498583395
2023-08-28,113.18156379058357,69.77737626762332
2023-08-29,112.7801355969853,66.68449255045579
2023-08-30,112.84311731040532,64.88049159225551
2023-08-31,111.38681303284812,65.62461867127823
2023-09-01,112.65290679226506,66.21854767555904
2023-09-04,113.09446566411971,64.86181472412203
2023-09-05,112.57094081021721,63.74818499637699
2023-09-06,112.82655380709629,62.69604736003426
2023-09-07,112.97902440541736,63.45557871801279
2023-09-08,112.13531569609266,61.72370366585123
2023-09-11,109.48813250736343,61.51719944188759
2023-09-12,106.66069039738353,60.557144897091725
2023-09-13,108.7025023127374,56.889028420643925
2023-09-14,107.60328919113742,57.174782619562066
2023-09-15,107.32887520467662,59.352873148639326
2023-09-18,107.92041096869313,59.053695721453174
2023-09-19,107.57863630692924,59.913322389458656
2023-09-20,108.79033311531018,59.91017002886982
2023-09-21,107.8616634878658,59.61623108856908
2023-09-22,108.44454824538464,57.544545077821326
2023-09-25,106.37745199392144,57.262472588216056
2023-09-26,107.11224162069102,54.75849091055248
2023-09-27,107.8199465645792,53.93403273775368
2023-09-28,108.2069074052928,54.025502004949416
2023-09-29,108.5280869206676,54.153888162897225
2023-10-02,108.81637797406918,53.10151357966216
2023-10-03,109.70048661823331,52.833685819113256
2023-10-04,110.682939274387,51.504025891802605
2023-10-05,109.75855680648857,52.352720984492244
2023-10-06,110.83605480374237,50.89747353426628
2023-10-09,109.90848663774239,54.165414721409526
2023-10-10,110.09310084093096,55.13064343571701
2023-10-11,109.86039440383651,55.00970453034664
2023-10-12,110.36096307423333,57.16081749165826
2023-10-13,110.04901189555406,56.04043340589071
2023-10-16,110.47388984094893,57.53241795081657
2023-10-17,110.01503748651237,56.770413922134765
2023-10-18,109.07629124738898,56.837263030365115
2023-10-19,110.16407471944507,56.181121610734294
2023-10-20,110.7566233701998,55.264792079774594
2023-10-23,111.2905705432098,54.569869693053874
2023-10-24,112.26708323656837,54.80216880228021
2023-10-25,111.2273491000847,54.439507837688204
2023-10-26,112.16177674101637,56.665262288026476
2023-10-27,111.1252033202106,56.77000657466478
2023-10-30,111.52594924846288,53.546505726873384
2023-10-31,111.36717144761492,52.63226098221993
2023-11-01,111.65899902514097,52.25993492659455
2023-11-02,112.37637586288623,52.58976953936818
2023-11-03,112.41772279777308,53.26694481602442
2023-11-06,111.51709870866385,51.63750864718315
2023-11-07,112.4667813698144,51.81394282729213
2023-11-08,113.6639130460018,50.70699183692565
2023-11-09,114.36908597959847,50.72389993057214
2023-11-10,115.42580857197497,50.29278419810931
2023-11-13,113.68271683946716,51.70139383357411
2023-11-14,113.77483324355562,52.82576703100334
2023-11-15,113.68072917433912,54.576477128519706
2023-11-16,111.74653322483913,53.53686364915154
2023-11-17,111.87526274951726,52.811314967940376
2023-11-20,111.89857139889008,52.75041917357737
2023-11-21,110.41219180811882,51.96208548690011
2023-11-22,109.59222047972528,51.088500069430495
2023-11-23,109.69729824356308,51.59034656157658
2023-11-24,110.31914892920095,54.131243375705175
2023-11-27,111.04671530484505,54.41584349725523
2023-11-28,109.96133766043283,56.19472912279291
2023-11-29,108.90439445734091,54.366616347765266
2023-11-30,108.41890915774773,56.68399486459269
2023-12-01,108.3889841968537,59.224584778289035
2023-12-04,107.83392507797839,59.337065531421956
2023-12-05,107.66199988750971,58.630399336047546
2023-12-06,108.39173080791744,59.27142844561479
2023-12-07,109.09618983796193,57.16545784061245
2023-12-08,109.25429977762319,57.4258191117261
2023-12-11,108.13303649851373,55.21159108036494
2023-12-12,107.66202105793114,57.026269776430944
2023-12-13,108.24580557075035,56.88283249623613
2023-12-14,109.13600414606724,55.88591415794965
2023-12-15,110.21827001278714,53.26187158831562
2023-12-18,109.17713519606339,54.912732041780316
2023-12-19,108.73284632848708,54.946858032295076
2023-12-20,107.54280778740548,54.21341465821633
2023-12-21,104.62137260731905,55.57474535102388
2023-12-22,103.54939501972494,53.88582102927818
2023-12-25,101.79845654968662,55.13444338256885
2023-12-26,103.21223585009703,56.66176433084096
2023-12-27,103.7064110393097,56.29683143040393
2023-12-28,103.08511526261647,57.7061100906387
2023-12-29,103.17263937655966,59.717425120783304
2024-01-01,103.60831196192647,58.81019825707216
2024-01-02,105.37997938634345,57.96391819345284
2024-01-03,106.17840851880527,58.95489465678112
2024-01-04,107.72641638922393,59.87631278820225
2024-01-05,108.23504096936976,58.953407227384574
2024-01-08,109.56118796040677,55.207015077470984
2024-01-09,111.02895011977068,53.36315774007355
2024-01-10,111.98515280040023,54.85582248966165
2024-01-11,112.0427219093605,54.27146539000824
2024-01-12,113.16333334941383,53.15528892396882
2024-01-15,112.79590554391282,53.61849215244673
2024-01-16,114.25036949177499,51.51541600881236
2024-01-17,114.00291624859835,54.20650062156599
2024-01-18,113.34908286894733,51.889065184715925
2024-01-19,115.26051150855541,51.66624704033248
2024-01-22,114.87663125357517,52.13601748306251
2024-01-23,115.06698473558276,52.88936393054716
2024-01-24,114.0305681232891,51.56631073008434
2024-01-25,113.35818417706395,51.166506333532105
2024-01-26,113.04614998042119,52.422356392494
2024-01-29,112.08460132545012,52.594864147025106
2024-01-30,113.33273050278355,53.426110419265456
2024-01-31,112.63578517317214,53.629986142417124
2024-02-01,111.40742712313222,53.88375952838501
2024-02-02,112.54951311995218,52.866305076617
2024-02-05,113.28463918477722,51.463241127278415
2024-02-06,110.98656403992399,51.150596711629966
2024-02-07,110.4450106356788,49.820219686760254
2024-02-08,111.46805838634081,51.558111675191256
2024-02-09,110.7273888552371,52.44048396173141
2024-02-12,110.4771583413066,53.94514670288677
2024-02-13,110.26544622365425,52.171491433219806
2024-02-14,108.03597564706065,50.619744261409714
2024-02-15,107.17720571775618,51.42056075379891
2024-02-16,107.97577034060085,51.63183150822435
2024-02-19,109.45555372346453,51.922708895517964
2024-02-20,109.41156233450289,53.104414304104644
2024-02-21,109.33867340406738,51.90853013520007
2024-02-22,109.92854325387034,50.39594852609669
2024-02-23,110.13263390078464,49.37834254763873
2024-02-26,110.67998124398679,51.89690041834387
2024-02-27,109.84401203815362,51.83705626907646
2024-02-28,109.90599997896555,50.89867090521353
2024-02-29,110.4504702045695,52.636877535280384
2024-03-01,111.08674433293749,53.7073969324623
2024-03-04,109.56931205722944,54.751945744537295
2024-03-05,110.43062761016424,55.49701779995914
2024-03-06,110.58645267458449,55.23405050832439
2024-03-07,110.78253119323556,57.35378043237044
2024-03-08,109.05295506137536,58.3546191947436
2024-03-11,109.13253868226418,56.92591809667379
2024-03-12,107.5923112499845,55.56413639181335
2024-03-13,105.10918170065219,54.78374196429075
2024-03-14,105.24572056633788,55.8101352357794
2024-03-15,105.28383612886908,55.06931629422161
2024-03-18,105.38488245292751,54.74836708867244
2024-03-19,105.60567179892897,54.1946923162386
2024-03-20,105.65161899528016,54.28244402142247
2024-03-21,106.79928229090056,55.76384089929664
2024-03-22,107.65880652344313,55.24790627045796
2024-03-25,109.33589358773722,55.2729521894218
2024-03-26,111.91601103639182,57.342417903833606
2024-03-27,112.74533995192837,55.51398689290942
2024-03-28,113.60417834272081,55.91560026044693
2024-03-29,115.56446879853793,56.170991611096134
2024-04-01,114.75401278949387,56.10871956886387
2024-04-02,114.49234494647915,57.351580831144574
2024-04-03,114.81247221817353,60.00073278464515
2024-04-04,113.32049541349309,60.043181340150724
2024-04-05,114.3518610518831,60.02519726830404
2024-04-08,115.99624113247135,60.82899924909714
2024-04-09,114.80191446291995,59.45738172857071
2024-04-10,114.05152335228335,59.068122117476406
2024-04-11,115.01507932904217,59.4770684461318
2024-04-12,116.4281147272575,59.77676947897128
2024-04-15,114.82843898228413,58.93547549281389
2024-04-16,115.42445062477371,60.287887705005865
2024-04-17,115.26725400314714,58.963777654601095
2024-04-18,113.46396592112248,58.16529481126113
2024-04-19,113.08139418067927,56.995983486409614
2024-04-22,112.549502134797,57.496751837293964
2024-04-23,112.68955402482806,58.50525080122064
2024-04-24,112.75846209321122,58.42052457865532
2024-04-25,112.51330629319678,59.845405759589944
2024-04-26,112.40760269946595,59.391570911488046
2024-04-29,112.27778900621107,59.54413269894592
2024-04-30,112.81704214317767,59.84703438442954
2024-05-01,113.80789358902601,59.84795424547569
2024-05-02,114.79253512275068,60.102109600230584
2024-05-03,113.92408668041871,58.92506525714563
2024-05-06,113.15353726322667,56.465712463331386
2024-05-07,112.50366037603025,55.85148825082379
2024-05-08,113.94653032767076,55.44014183516869
2024-05-09,114.44496394696262,55.19520586292517
2024-05-10,113.69805302454894,53.98656704729345
2024-05-13,112.56015929582459,52.526953180401414
2024-05-14,111.57305834009416,54.972213826377825
2024-05-15,111.62146082299878,55.90821760388006
2024-05-16,110.53726045548568,56.3474668287725
2024-05-17,110.5493044773591,56.586004471319676
2024-05-20,111.9167599887956,55.86389153863067
2024-05-21,111.68016771983206,55.738100634183226
2024-05-22,112.5545776930623,57.14266629108562
2024-05-23,111.05277529670164,58.383161965872105
2024-05-24,111.42873984674812,57.74491887068994
2024-05-27,111.73975820448861,57.20310454914127
2024-05-28,110.83636264214822,56.615170513122
2024-05-29,112.23508555391513,55.81120445547732
2024-05-30,112.2481469144216,56.94772119608295
2024-05-31,111.5790327668256,57.761039113475775
2024-06-03,111.30492318342526,58.18080027089722
2024-06-04,112.27709891306498,57.50353802490355
2024-06-05,110.92326134877486,59.04834293256468
2024-06-06,111.09186959574461,59.11875461225681
2024-06-07,110.14996280707415,56.16267175234269
2024-06-10,110.39645855306304,57.71817458855929
2024-06-11,109.88724768100133,58.03215179784793
2024-06-12,109.8332732396067,57.36177183527315
2024-06-13,110.61348299527064,58.967022348616425
2024-06-14,110.67553933401832,56.196371706304625
2024-06-17,111.24708321276353,55.44546421650674
2024-06-18,111.96576764472175,56.29609021733591
2024-06-19,112.39263790621429,55.47125096289173
2024-06-20,112.63868093102234,57.944194395908404
2024-06-21,112.70114834220111,60.35286027244756
2024-06-24,113.35859692632889,60.731817635152595
2024-06-25,114.58303950875077,61.040846015275605
2024-06-26,116.44472400373283,63.14891404680594
2024-06-27,118.22495107521704,63.94706818112766
2024-06-28,117.25190473349676,62.74464361611411
2024-07-01,117.56566332693872,62.49184109191347
2024-07-02,118.07484299827107,61.49404311079496
2024-07-03,119.31055910437108,62.27938739458265
2024-07-04,120.39418214591925,62.54657444325551
2024-07-05,118.98232995987057,64.28627548056421
2024-07-08,119.27793258896978,64.6564294046761
2024-07-09,117.58727754397253,63.79868407382004
2024-07-10,117.13261477840189,62.51917639871038
2024-07-11,116.22557546669475,64.3907503058644
2024-07-12,115.63320484131033,65.98194244134513
2024-07-15,117.23473869153341,65.03968722091443
2024-07-16,116.71158714682599,63.3291652676019
2024-07-17,116.23102614171894,61.50344814283851
2024-07-18,116.37364842450717,62.7541611376074
2024-07-19,117.46435312579518,62.36760211263536
2024-07-22,115.78161753925065,64.60098400459981
2024-07-23,117.42652315243868,64.16933784884479
2024-07-24,116.68139536780842,63.882088489239706
2024-07-25,115.70593415735632,63.6503126080708
2024-07-26,115.8522218924544,64.46000528254993
2024-07-29,116.5435188815252,66.62400299504887
2024-07-30,119.26883787000013,65.56730019068178
2024-07-31,120.18357780145753,66.59149191029181
2024-08-01,119.60710723793899,68.35336968880551
2024-08-02,119.41720872073616,68.25620528840949
2024-08-05,118.47515516960509,67.87867053186494
2024-08-06,119.14578272768112,69.28574727664525
2024-08-07,119.98825947835415,68.65640918943669
2024-08-08,119.66810072950396,68.41788964148995
2024-08-09,120.81410289439572,67.37962612764919
2024-08-12,119.13766364889025,66.85754243441599
2024-08-13,118.6706667390641,67.2850957274454
2024-08-14,117.75708841638404,67.83073929317102
2024-08-15,117.17749975986425,67.66506616131
2024-08-16,115.55084318407111,67.87160497859725
2024-08-19,116.51558925909923,66.40521094520074
2024-08-20,115.57087513197978,68.98794975036147
2024-08-21,115.44654314698504,67.77743638820911
2024-08-22,116.63849811668707,68.48117104696593
2024-08-23,118.25596252586872,67.60867671055465
2024-08-26,119.44635729724612,67.68358360012215
2024-08-27,117.22063120804505,65.3215774764846
2024-08-28,116.9242155977424,64.55058543017384
2024-08-29,116.58003152837539,63.12537447118129
2024-08-30,115.90229621820023,63.56625195535666
2024-09-02,115.12365730523697,63.73057668436396
2024-09-03,114.57684036191257,62.66561895189725
2024-09-04,115.17186997287354,61.52237237839157
2024-09-05,114.71593016836485,62.05259218014122
2024-09-06,113.37488718424986,61.49573405746559
2024-09-09,111.80072092000162,62.23105441954921
2024-09-10,111.95173584426361,62.60510181946422
2024-09-11,110.23363168543342,62.07050633986096
2024-09-12,110.94360752482902,61.7677467789762
2024-09-13,110.45495241618438,59.57134223450673
2024-09-16,109.95747755611858,59.572064304027236
2024-09-17,110.19642197657674,59.31755252395438
2024-09-18,109.84568449216299,59.31358132579115
2024-09-19,110.56734138176905,61.09669503637497
2024-09-20,109.29107302986357,61.29244127435242
2024-09-23,107.48382291814588,61.340045904315815
2024-09-24,109.4649020912924,61.364234244008586
2024-09-25,109.64890242688544,60.88497230813225
2024-09-26,107.07617377308699,62.61801350982272
2024-09-27,108.79393258569412,62.61158125760266
2024-09-30,107.39031469268109,64.16895539814024
2024-10-01,109.46661992214779,65.05373716581076
2024-10-02,111.30492890247143,64.2067270002051
2024-10-03,112.20581335409649,64.50741534654429
2024-10-04,112.22748980475593,65.8888097254308
2024-10-07,111.37128217665872,65.49842904414277
2024-10-08,112.34865165051322,65.6456277601587
2024-10-09,111.96756634096631,65.43009313772515
2024-10-10,113.0786723289532,65.2428192297732
2024-10-11,112.81879995016172,66.22453060705979
2024-10-14,111.25710803530356,65.29605429182831
2024-10-15,110.57382796314084,64.95920842150444
2024-10-16,110.65714604802216,65.19977908260466
2024-10-17,110.18537429240787,62.10534424816432
2024-10-18,110.3486354980314,61.77286179965458
2024-10-21,109.44386338202038,61.93135793483692
2024-10-22,111.08990563555629,62.43477996498396
2024-10-23,110.58793961374543,61.696861001760894
2024-10-24,111.13678676931868,60.60279523870358
2024-10-25,109.4818647523584,61.68129238521531
2024-10-28,110.34197007786196,60.890510603062644
2024-10-29,111.92455377824095,61.453297400220016
2024-10-30,112.55975806480598,61.584205084611554
2024-10-31,112.34545372900396,60.72019115339652
2024-11-01,111.44463918673105,60.18400006294272
2024-11-04,112.08651635898497,59.272695973312565
2024-11-05,112.70259467334158,60.48958831775205
2024-11-06,111.42744610312425,60.74846350303685
2024-11-07,111.47846772278086,58.720563338303705
2024-11-08,112.05834964635173,60.97034528734633
2024-11-11,111.31035578844717,62.67461102919445
2024-11-12,111.9560993481911,64.2334396228066
2024-11-13,111.72059429460646,63.17974608396083
2024-11-14,113.21582540929981,62.62118179866232
2024-11-15,111.97540393943812,61.96248815881569
2024-11-18,112.53743551522882,63.756484695074654
2024-11-19,112.69304214696662,63.902378193622454
2024-11-20,110.84473725883042,64.29359513993623
2024-11-21,109.94599601430637,64.05591298977461
2024-11-22,109.12168612913403,62.44456511054347
2024-11-25,110.09212370979773,63.56194106751384
2024-11-26,109.7668994402995,66.29414279513902
2024-11-27,109.79324529162366,66.01972867626603
2024-11-28,109.97709646211365,65.00335617151721
2024-11-29,112.60310423228705,64.25365149802228
2024-12-02,112.39702457909415,63.54969430461808
2024-12-03,114.3734723621755,61.83893521778436
2024-12-04,114.2187432532209,61.2704145064975
2024-12-05,112.66680528279942,60.917529212718755
2024-12-06,111.87881422438973,59.160737194321534
2024-12-09,110.66108715508942,59.71807697185881
2024-12-10,110.31912795825062,59.23043644774448
2024-12-11,108.8801394203849,57.89760208307193
2024-12-12,107.99142740552041,57.98830650827985
2024-12-13,109.93956911711923,59.946861570844334
2024-12-16,110.20897976770621,61.67339096439
2024-12-17,110.57358020844373,63.0851944049323
2024-12-18,112.42725296976916,64.49481759947534
2024-12-19,110.79828229528667,65.73410363921288
2024-12-20,111.39466078136876,66.68264710285703
2024-12-23,110.94963643956108,67.80934823108089
2024-12-24,110.9453252781927,70.31030988922626
2024-12-25,110.28807730804641,69.93405770889923
2024-12-26,110.43506363410805,71.00639280684307
2024-12-27,111.70185450252544,69.4591117232647
2024-12-30,112.9377177366137,70.34159025811076
2024-12-31,113.21430249714203,72.10148653788964
2025-01-01,114.06690454572976,71.78476070990114
2025-01-02,112.8979637828204,73.93476626026245
2025-01-03,109.99247562783322,72.89951605476972
2025-01-06,111.06565905835421,74.85803496039217
2025-01-07,113.13262292265733,74.65964959312609
2025-01-08,113.62966607855145,75.2112159612912
2025-01-09,113.03978923267076,74.85391831662473
2025-01-10,113.11623519002846,75.71314014757675
2025-01-13,114.36914067818915,75.61668981335097
2025-01-14,113.2256750458519,77.06077891440574
2025-01-15,113.32671538983118,77.18280559822551
2025-01-16,113.96990334305005,77.58617268915302
2025-01-17,112.96682216660069,77.38225743761342
2025-01-20,115.09236560968722,77.99166606026616
2025-01-21,115.93654869398353,77.52966158714942
2025-01-22,117.6302515933483,77.33972494853258
2025-01-23,116.57595246999647,75.78101189535504
2025-01-24,116.8207100214869,75.31639206231208
2025-01-27,118.3842742430288,74.93463356997921
2025-01-28,118.86272629512413,74.84663899458165
2025-01-29,120.15464645365398,74.99527899701027
2025-01-30,118.32581985000571,73.2351424336423
2025-01-31,118.2637771118614,74.27798224731771
2025-02-03,116.28817652316974,77.03930708551363
2025-02-04,115.81172264068223,77.16612845294785
2025-02-05,116.12759761374585,74.91170822488657
2025-02-06,116.0395478493579,75.94820859968661
2025-02-07,114.80103767877179,76.04341465616575
2025-02-10,115.12355061303774,75.88658259784116
2025-02-11,115.80308790887139,76.16521347777379
2025-02-12,115.72945712411084,76.27781334891291
2025-02-13,116.566603774957,76.12133909716245
2025-02-14,117.73448102691873,76.89034663922946
2025-02-17,119.0016725074288,77.30037225091904
2025-02-18,118.68593131839674,77.02770268956787
2025-02-19,119.225487643024,77.98097470039025
2025-02-20,118.60966757293349,79.60331470834619
2025-02-21,118.54510490528962,81.26351684479866
2025-02-24,119.6409596124483,80.199762080749
2025-02-25,119.55579528739017,80.39685463094398
2025-02-26,119.12375730934957,81.2672345713906
2025-02-27,118.54942256664026,81.59282476451378
2025-02-28,119.08842358197576,81.58274486534435
2025-03-03,120.7248585074051,83.1055578167187
2025-03-04,121.67197740495519,83.6547388192538
2025-03-05,121.46835760990692,84.3519638547276
2025-03-06,122.29120391075074,82.69736946200007
2025-03-07,123.26349904308108,81.13498913260996
2025-03-10,124.75098220742576,80.67914711875281
2025-03-11,124.09571425460413,81.03656345838212
2025-03-12,124.75365702792035,82.28200763863885
2025-03-13,124.37335853499752,81.4899813640636
2025-03-14,123.8503929032158,83.52706889960328
2025-03-17,125.12681704996785,83.88625794141643
2025-03-18,125.69438651357521,83.4687624648829
2025-03-19,125.79123044257058,84.56904685448416
2025-03-20,127.1725901474742,86.4318062810199
2025-03-21,127.36035473904224,86.66252116506011
2025-03-24,126.49721768712291,86.86546473279898
2025-03-25,127.42740866718509,87.34773636239858
2025-03-26,126.5218224553265,88.42362938769602
2025-03-27,125.67340835563618,88.30453196360276
2025-03-28,125.27741332821172,88.40662636693392
2025-03-31,125.1408508699067,88.75039301238223
2025-04-01,126.06039705468964,88.7193661170175
2025-04-02,125.72619339604051,89.28846400502673
2025-04-03,123.9279150664988,88.58769331858372
2025-04-04,123.38072878373224,86.37854356072793
2025-04-07,123.71501713011513,85.87780692433299
2025-04-08,123.61471457827683,85.5484130349759
2025-04-09,123.51388202090908,87.91419583368588
2025-04-10,122.31518342260537,89.2913847915717
2025-04-11,121.94630941629711,89.86238194174592
2025-04-14,122.54552886303229,89.38245555787877
2025-04-15,123.16209121680535,88.07841554255543
2025-04-16,122.34893666782457,87.38154242858386
2025-04-17,121.64437234165172,88.06033771330483
2025-04-18,120.69513390442607,87.97474835564896
2025-04-21,121.649577029177,86.81709879502695
2025-04-22,120.92126699196788,87.11622733590968
2025-04-23,120.6693564260483,86.38051383190903
2025-04-24,119.86640347994935,86.97755372751055
2025-04-25,118.9770380271247,89.30521860567733
2025-04-28,118.86718273945368,90.41676306115671
2025-04-29,119.78494024321793,87.51674389532404
2025-04-30,119.23059199780927,88.91782371897722
2025-05-01,120.42168018910326,88.35002602810926
2025-05-02,120.38633268392894,88.74134068071064
2025-05-05,121.12942426545894,89.20819603641161
2025-05-06,123.6284488189138,89.55741729062972
2025-05-07,125.91727300643328,87.49314148817975
2025-05-08,126.2267962684162,89.06285427387796
2025-05-09,126.32685505109484,87.98921005334415
2025-05-12,126.19754380927631,86.97128902136082
2025-05-13,126.93014411067679,87.32045922520373
2025-05-14,125.08094926305857,88.23222919616617
2025-05-15,124.39838536258647,87.6155196017869
2025-05-16,124.28360862562859,85.78379098457752
2025-05-19,123.54089587000934,86.3569573677858
2025-05-20,122.56785964951318,86.07872272886272
2025-05-21,123.88535864607138,87.1640980574278
2025-05-22,122.44697783541616,88.70720481617529
2025-05-23,122.03654300455091,87.29750625901559
2025-05-26,121.4765845186474,85.85015003398144
2025-05-27,121.02858046220172,85.72332662708897
2025-05-28,120.00234676402857,84.762459268405
2025-05-29,120.78483873167633,86.85733773181863
2025-05-30,120.68939932986734,87.06904596237106
2025-06-02,122.45146790502865,87.29659550639028
2025-06-03,121.10692989055458,87.67827718667037
2025-06-04,121.24947017079046,89.5495007569736
2025-06-05,119.98923446324686,90.15955237226677
2025-06-06,120.23895066023869,91.24783166291166
2025-06-09,121.42583316602553,90.5334750977102
2025-06-10,120.30417064480717,91.5416835824534
2025-06-11,121.3138407779045,91.18960884295973
2025-06-12,120.5179411688004,90.6372457055455
2025-06-13,119.39251393009177,90.05527335874555
2025-06-16,119.73889393940728,91.58433154868919
2025-06-17,120.50509041784959,91.29413693294154
2025-06-18,120.65817205705798,91.87145635290427
2025-06-19,120.98983984737667,92.0888125646122
2025-06-20,120.97635015224765,92.79455745298948
2025-06-23,120.48789463461793,92.18721420242386
2025-06-24,118.35772942200943,90.68380965989323
2025-06-25,118.00904427988709,90.37794377426343
2025-06-26,117.32528568589396,90.58082144115576
2025-06-27,117.89568950114129,89.63663117734254
2025-06-30,117.0880085456318,89.67279638597321
2025-07-01,119.12182105673244,90.54625799342116
2025-07-02,119.76183245902493,88.21356544941276
2025-07-03,119.36034491356024,90.07590461007065
2025-07-04,120.03734704644187,91.34672595837525
2025-07-07,119.81008290834698,91.79120085680414
2025-07-08,121.11899345897663,93.28762319629368
2025-07-09,120.71799787554704,90.96365372103315
2025-07-10,122.17701531265367,91.26114162803034
2025-07-11,121.13325001305427,91.82456009786983
2025-07-14,121.26334504011812,92.51140750568757
2025-07-15,121.22225865832293,93.14952645926287
2025-07-16,120.34836565775495,95.44592431599767
2025-07-17,120.05064934085968,96.385246064537
2025-07-18,120.08765505112513,95.75291724626496
2025-07-21,118.92330937294443,94.11719392782837
2025-07-22,118.09537643705937,93.06051362008064
2025-07-23,118.60897551243697,92.70684133467046
2025-07-24,117.8665533521512,93.05924737129033
2025-07-25,119.47647064655288,93.1376131989735
2025-07-28,121.0839485421863,93.53048642352037
2025-07-29,120.63879072767637,92.93162098709126
2025-07-30,121.02112472281385,92.53827813467385
2025-07-31,121.57934629290904,93.08941697370383
2025-08-01,122.32520586530475,92.88699512181395
2025-08-04,121.8158045570468,92.15963124422487
2025-08-05,122.58536413533653,91.67871497219264
2025-08-06,122.07843056979884,92.30370085294045
2025-08-07,122.00523220766398,91.73689071666986
2025-08-08,123.27607050887565,91.42271359709613
2025-08-11,123.2174882894538,93.66148768507719
2025-08-12,122.27757431343278,93.57044118158356
2025-08-13,121.72817375847276,93.86294495664119
2025-08-14,122.07312502352296,95.25202743334629
2025-08-15,121.33426785305353,97.38421197677448
2025-08-18,120.38513883755877,98.26412034363909
2025-08-19,120.55847503748129,96.77046993665718
2025-08-20,119.63666175897404,99.69152910755955
2025-08-21,121.7599149941106,98.65351442562476
2025-08-22,121.11320977355024,97.30291125079893
2025-08-25,121.82600901337278,96.36913983083201
2025-08-26,120.38539852966339,98.16266158118589
2025-08-27,120.07319776102115,98.14846407750574
2025-08-28,120.91732358968669,95.90194596085952
2025-08-29,121.4770630047488,98.19374473647889
2025-09-01,122.14244538971087,96.3528993901835
2025-09-02,121.59023337956991,98.64123582842316
2025-09-03,121.80566678084014,95.63023448407083
2025-09-04,121.62913569687558,95.51099465222977
2025-09-05,120.24120118026696,95.57896589031144
2025-09-08,121.40668220436476,94.89901889564891
2025-09-09,120.74971280192709,94.84693128310266
2025-09-10,120.53800072150884,96.17171888208495
2025-09-11,121.41843441482706,96.4457838413428
2025-09-12,122.09932100530516,97.34896701768278
2025-09-15,124.71853788248535,97.53422566765504
2025-09-16,124.66904868412274,97.80614112430204
2025-09-17,126.13474465487721,97.15295784164309
2025-09-18,126.05249596218246,97.1210423713917
2025-09-19,126.1087023739857,98.24918683371814
2025-09-22,127.21368479452312,99.6230508377065
2025-09-23,127.90584537779606,98.268854323028
2025-09-24,127.43140699056562,97.56272456448451
2025-09-25,127.37492005201138,97.81651289823239
2025-09-26,127.5839006303389,97.70533907851103
2025-09-29,129.302780749032,96.77377708798292
2025-09-30,128.5696027153986,94.34621050875916
2025-10-01,128.82747274370374,94.72570254104755
2025-10-02,129.46580989062147,93.92902354515101
2025-10-03,129.6346958252044,96.44251642122501
2025-10-06,129.15834198447388,97.90089705903377
2025-10-07,130.0241764963391,98.46669917800318
2025-10-08,129.1265578405182,96.93968059047748
2025-10-09,131.09669716979204,96.11363743645778
2025-10-10,128.5021539298099,97.50385527343009
2025-10-13,126.5875692696624,96.60797175525857
2025-10-14,126.78024683637501,96.36041941217755
2025-10-15,127.45411714813949,96.93560227018544
2025-10-16,127.94922952450241,97.71981265878992
2025-10-17,127.39240531874513,97.34259931107546
2025-10-20,127.27680495864578,98.00814251469922
2025-10-21,127.33172512482022,96.04993661728531
2025-10-22,126.48026679517628,96.09373512783512
2025-10-23,126.13560802849504,95.99597346457013
2025-10-24,125.21938727041614,98.0663516257024
2025-10-27,126.41511174037002,98.62473340686807
2025-10-28,126.86773917052986,95.97751513875147
2025-10-29,126.46808862678257,97.88209862851062
2025-10-30,126.12762561781368,101.20460173772938
2025-10-31,125.7062679401412,101.93722907750362
2025-11-03,125.4255149983324,102.82925254279607
2025-11-04,125.73032247165376,104.80410962450118
2025-11-05,125.40765696051454,104.84487869420087
2025-11-06,124.93336479213666,104.839917769139
2025-11-07,125.35008517633344,105.18919725326498
2025-11-10,125.21972994809117,101.24037158891107
2025-11-11,125.25510125285611,100.60576636230718
2025-11-12,125.36558603123642,101.45819491059076
2025-11-13,125.21610817200948,102.2282693863968
2025-11-14,124.12986439861112,100.4215182529372
