Date,gross_pnl,cost,net_pnl,n_pairs,in_market,position,cum_net,cum_gross
2022-10-03,0.0,0.0,0.0,1,0,0,0.0,0.0
2022-10-04,0.0,0.0,0.0,1,0,0,0.0,0.0
2022-10-05,0.0,0.0,0.0,1,0,0,0.0,0.0
2022-10-06,0.0,0.0,0.0,1,0,0,0.0,0.0
2022-10-07,0.0,0.0,0.0,1,0,0,0.0,0.0
2022-10-10,0.0,0.0,0.0,1,0,0,0.0,0.0
2022-10-11,0.0,0.0,0.0,1,0,0,0.0,0.0
2022-10-12,0.0,0.0,0.0,1,0,0,0.0,0.0
2022-10-13,0.0,0.0,0.0,1,0,0,0.0,0.0
2022-10-14,0.0,0.0,0.0,1,0,0,0.0,0.0
2022-10-17,0.0,0.0,0.0,1,0,0,0.0,0.0
2022-10-18,0.0,0.0,0.0,1,0,0,0.0,0.0
2022-10-19,0.0,0.0,0.0,1,0,0,0.0,0.0
2022-10-20,0.0,0.0,0.0,1,0,0,0.0,0.0
2022-10-21,0.0,0.0,0.0,1,0,0,0.0,0.0
2022-10-24,0.0,0.0,0.0,1,0,0,0.0,0.0
2022-10-25,0.0,0.0,0.0,1,0,0,0.0,0.0
2022-10-26,0.0,0.0,0.0,1,0,0,0.0,0.0
2022-10-27,0.0,0.0,0.0,1,0,0,0.0,0.0
2022-10-28,0.0,0.0,0.0,1,0,0,0.0,0.0
2022-10-31,0.0,0.0,0.0,1,0,0,0.0,0.0
2022-11-01,0.0,0.0,0.0,1,0,0,0.0,0.0
2022-11-02,0.0,0.0,0.0,1,0,0,0.0,0.0
2022-11-03,0.0,0.0,0.0,1,0,0,0.0,0.0
2022-11-04,0.0,0.0,0.0,1,0,0,0.0,0.0
2022-11-07,0.0,0.0,0.0,1,0,0,0.0,0.0
2022-11-08,0.0,0.0,0.0,1,0,0,0.0,0.0
2022-11-09,0.0,0.0,0.0,1,0,0,0.0,0.0
2022-11-10,0.0,0.0,0.0,1,0,0,0.0,0.0
2022-11-11,0.0,0.0,0.0,1,0,0,0.0,0.0
2022-11-14,0.0,0.0,0.0,1,0,0,0.0,0.0
2022-11-15,0.0,0.0,0.0,1,0,0,0.0,0.0
2022-11-16,0.0,0.0,0.0,1,0,0,0.0,0.0
2022-11-17,0.0,0.0,0.0,1,0,0,0.0,0.0
2022-11-18,0.0,0.0,0.0,1,0,0,0.0,0.0
2022-11-21,0.0,0.0,0.0,1,0,0,0.0,0.0
2022-11-22,0.0,0.0,0.0,1,0,0,0.0,0.0
2022-11-23,0.0,0.0,0.0,1,0,0,0.0,0.0
2022-11-24,0.0,0.0,0.0,1,0,0,0.0,0.0
2022-11-25,0.0,0.00019999999999999998,-0.00019999999999999998,1,1,1,-0.00019999999999999998,0.0
2022-11-28,0.0009808234658372497,0.0,0.0009808234658372497,1,1,1,0.0007808234658372497,0.0009808234658372497
2022-11-29,0.0034162118960251245,0.0,0.0034162118960251245,1,1,1,0.004197035361862374,0.004397035361862374
2022-11-30,-0.0002749421969159982,0.0,-0.0002749421969159982,1,1,1,0.003922093164946376,0.004122093164946375
2022-12-01,-0.0017342921226159505,0.0,-0.0017342921226159505,1,1,1,0.0021878010423304253,0.002387801042330425
2022-12-02,-0.003995179302816865,0.0,-0.003995179302816865,1,1,1,-0.0018073782604864398,-0.0016073782604864402
2022-12-05,-0.0010804031667345508,0.0,-0.0010804031667345508,1,1,1,-0.0028877814272209906,-0.002687781427220991
2022-12-06,0.002820316344493877,0.0,0.002820316344493877,1,1,1,-6.746508272711385e-05,0.0001325349172728858
2022-12-07,0.0015524710302440411,0.0,0.0015524710302440411,1,1,1,0.0014850059475169273,0.001685005947516927
2022-12-08,-0.001777818389065803,0.0,-0.001777818389065803,1,1,1,-0.00029281244154887574,-9.281244154887608e-05
2022-12-09,0.0008832094551773013,0.0,0.0008832094551773013,1,1,1,0.0005903970136284255,0.0007903970136284252
2022-12-12,-0.0017351135327400306,0.0,-0.0017351135327400306,1,1,1,-0.001144716519111605,-0.0009447165191116054
2022-12-13,-0.0006306220832071454,0.0,-0.0006306220832071454,1,1,1,-0.0017753386023187504,-0.0015753386023187508
2022-12-14,-0.00034685249362318565,0.0,-0.00034685249362318565,1,1,1,-0.002122191095941936,-0.0019221910959419364
2022-12-15,-0.0007807156022679894,0.0,-0.0007807156022679894,1,1,1,-0.0029029066982099254,-0.002702906698209926
2022-12-16,0.009086247942210945,0.0,0.009086247942210945,1,1,1,0.006183341244001019,0.00638334124400102
2022-12-19,-0.0010268012115133454,0.00020193437466007442,-0.0012287355861734198,1,0,0,0.0049546056578276,0.005356540032487674
2022-12-20,0.0,0.0,0.0,1,0,0,0.0049546056578276,0.005356540032487674
2022-12-21,0.0,0.0,0.0,1,0,0,0.0049546056578276,0.005356540032487674
2022-12-22,0.0,0.0,0.0,1,0,0,0.0049546056578276,0.005356540032487674
2022-12-23,0.0,0.0,0.0,1,0,0,0.0049546056578276,0.005356540032487674
2022-12-26,0.0,0.0,0.0,1,0,0,0.0049546056578276,0.005356540032487674
2022-12-27,0.0,0.0,0.0,1,0,0,0.0049546056578276,0.005356540032487674
2022-12-28,0.0,0.0,0.0,1,0,0,0.0049546056578276,0.005356540032487674
2022-12-29,0.0,0.0,0.0,1,0,0,0.0049546056578276,0.005356540032487674
2022-12-30,0.0,0.0,0.0,1,0,0,0.0049546056578276,0.005356540032487674
2023-01-02,0.0,0.0,0.0,1,0,0,0.0049546056578276,0.005356540032487674
2023-01-03,0.0,0.0,0.0,1,0,0,0.0049546056578276,0.005356540032487674
2023-01-04,0.0,0.0,0.0,1,0,0,0.0049546056578276,0.005356540032487674
2023-01-05,0.0,0.0,0.0,1,0,0,0.0049546056578276,0.005356540032487674
2023-01-06,0.0,0.0,0.0,1,0,0,0.0049546056578276,0.005356540032487674
2023-01-09,0.0,0.0,0.0,1,0,0,0.0049546056578276,0.005356540032487674
2023-01-10,0.0,0.0,0.0,1,0,0,0.0049546056578276,0.005356540032487674
2023-01-11,0.0,0.0,0.0,1,0,0,0.0049546056578276,0.005356540032487674
2023-01-12,0.0,0.0,0.0,1,0,0,0.0049546056578276,0.005356540032487674
2023-01-13,0.0,0.0,0.0,1,0,0,0.0049546056578276,0.005356540032487674
2023-01-16,0.0,0.0,0.0,1,0,0,0.0049546056578276,0.005356540032487674
2023-01-17,0.0,0.0,0.0,1,0,0,0.0049546056578276,0.005356540032487674
2023-01-18,0.0,0.0,0.0,1,0,0,0.0049546056578276,0.005356540032487674
2023-01-19,0.0,0.0,0.0,1,0,0,0.0049546056578276,0.005356540032487674
2023-01-20,0.0,0.0,0.0,1,0,0,0.0049546056578276,0.005356540032487674
2023-01-23,0.0,0.0,0.0,1,0,0,0.0049546056578276,0.005356540032487674
2023-01-24,0.0,0.0,0.0,1,0,0,0.0049546056578276,0.005356540032487674
2023-01-25,0.0,0.0,0.0,1,0,0,0.0049546056578276,0.005356540032487674
2023-01-26,0.0,0.0,0.0,1,0,0,0.0049546056578276,0.005356540032487674
2023-01-27,0.0,0.0,0.0,1,0,0,0.0049546056578276,0.005356540032487674
2023-01-30,0.0,0.0,0.0,1,0,0,0.0049546056578276,0.005356540032487674
2023-01-31,0.0,0.0,0.0,1,0,0,0.0049546056578276,0.005356540032487674
2023-02-01,0.0,0.0,0.0,1,0,0,0.0049546056578276,0.005356540032487674
2023-02-02,0.0,0.0,0.0,1,0,0,0.0049546056578276,0.005356540032487674
2023-02-03,0.0,0.0,0.0,1,0,0,0.0049546056578276,0.005356540032487674
2023-02-06,0.0,0.0,0.0,1,0,0,0.0049546056578276,0.005356540032487674
2023-02-07,0.0,0.0002,-0.0002,1,1,1,0.0047546056578276,0.005356540032487674
2023-02-08,0.0013134095641176029,0.0,0.0013134095641176029,1,1,1,0.006068015221945203,0.006669949596605277
2023-02-09,0.0013552488549618978,0.0,0.0013552488549618978,1,1,1,0.007423264076907101,0.008025198451567175
2023-02-10,0.0009549383065093173,0.0,0.0009549383065093173,1,1,1,0.008378202383416418,0.008980136758076492
2023-02-13,-0.000228456311008496,0.0,-0.000228456311008496,1,1,1,0.008149746072407923,0.008751680447067995
2023-02-14,0.0023399776095464724,0.0,0.0023399776095464724,1,1,1,0.010489723681954395,0.011091658056614467
2023-02-15,0.0007894651924820653,0.00020138827008872693,0.0005880769223933383,1,0,0,0.011077800604347734,0.011881123249096532
2023-02-16,0.0,0.0,0.0,1,0,0,0.011077800604347734,0.011881123249096532
2023-02-17,0.0,0.0,0.0,1,0,0,0.011077800604347734,0.011881123249096532
2023-02-20,0.0,0.0,0.0,1,0,0,0.011077800604347734,0.011881123249096532
2023-02-21,0.0,0.0,0.0,1,0,0,0.011077800604347734,0.011881123249096532
2023-02-22,0.0,0.0,0.0,1,0,0,0.011077800604347734,0.011881123249096532
2023-02-23,0.0,0.0,0.0,1,0,0,0.011077800604347734,0.011881123249096532
2023-02-24,0.0,0.0,0.0,1,0,0,0.011077800604347734,0.011881123249096532
2023-02-27,0.0,0.0,0.0,1,0,0,0.011077800604347734,0.011881123249096532
2023-02-28,0.0,0.0,0.0,1,0,0,0.011077800604347734,0.011881123249096532
2023-03-01,0.0,0.0,0.0,1,0,0,0.011077800604347734,0.011881123249096532
2023-03-02,0.0,0.0,0.0,1,0,0,0.011077800604347734,0.011881123249096532
2023-03-03,0.0,0.0,0.0,1,0,0,0.011077800604347734,0.011881123249096532
2023-03-06,0.0,0.0,0.0,1,0,0,0.011077800604347734,0.011881123249096532
2023-03-07,0.0,0.0,0.0,1,0,0,0.011077800604347734,0.011881123249096532
2023-03-08,0.0,0.0,0.0,1,0,0,0.011077800604347734,0.011881123249096532
2023-03-09,0.0,0.0,0.0,1,0,0,0.011077800604347734,0.011881123249096532
2023-03-10,0.0,0.0,0.0,1,0,0,0.011077800604347734,0.011881123249096532
2023-03-13,0.0,0.0,0.0,1,0,0,0.011077800604347734,0.011881123249096532
2023-03-14,0.0,0.0,0.0,1,0,0,0.011077800604347734,0.011881123249096532
2023-03-15,0.0,0.0,0.0,1,0,0,0.011077800604347734,0.011881123249096532
2023-03-16,0.0,0.0,0.0,1,0,0,0.011077800604347734,0.011881123249096532
2023-03-17,0.0,0.0,0.0,1,0,0,0.011077800604347734,0.011881123249096532
2023-03-20,0.0,0.0,0.0,1,0,0,0.011077800604347734,0.011881123249096532
2023-03-21,0.0,0.0,0.0,1,0,0,0.011077800604347734,0.011881123249096532
2023-03-22,0.0,0.0002,-0.0002,1,1,1,0.010877800604347733,0.011881123249096532
2023-03-23,0.0015348315892842372,0.0,0.0015348315892842372,1,1,1,0.012412632193631971,0.013415954838380768
2023-03-24,-0.0015518860636041189,0.00020101566674560298,-0.001752901730349722,1,0,0,0.010659730463282249,0.01186406877477665
2023-03-27,0.0,0.0,0.0,1,0,0,0.010659730463282249,0.01186406877477665
2023-03-28,0.0,0.0,0.0,1,0,0,0.010659730463282249,0.01186406877477665
2023-03-29,0.0,0.0,0.0,1,0,0,0.010659730463282249,0.01186406877477665
2023-03-30,0.0,0.0,0.0,1,0,0,0.010659730463282249,0.01186406877477665
2023-03-31,0.0,0.0,0.0,1,0,0,0.010659730463282249,0.01186406877477665
2023-04-03,0.0,0.0,0.0,1,0,0,0.010659730463282249,0.01186406877477665
2023-04-04,0.0,0.0,0.0,1,0,0,0.010659730463282249,0.01186406877477665
2023-04-05,0.0,0.0,0.0,1,0,0,0.010659730463282249,0.01186406877477665
2023-04-06,0.0,0.0,0.0,1,0,0,0.010659730463282249,0.01186406877477665
2023-04-07,0.0,0.0,0.0,1,0,0,0.010659730463282249,0.01186406877477665
2023-04-10,0.0,0.0,0.0,1,0,0,0.010659730463282249,0.01186406877477665
2023-04-11,0.0,0.0,0.0,1,0,0,0.010659730463282249,0.01186406877477665
2023-04-12,0.0,0.0,0.0,1,0,0,0.010659730463282249,0.01186406877477665
2023-04-13,0.0,0.0,0.0,1,0,0,0.010659730463282249,0.01186406877477665
2023-04-14,0.0,0.0,0.0,1,0,0,0.010659730463282249,0.01186406877477665
2023-04-17,0.0,0.0,0.0,1,0,0,0.010659730463282249,0.01186406877477665
2023-04-18,0.0,0.0,0.0,1,0,0,0.010659730463282249,0.01186406877477665
2023-04-19,0.0,0.0,0.0,1,0,0,0.010659730463282249,0.01186406877477665
2023-04-20,0.0,0.0,0.0,1,0,0,0.010659730463282249,0.01186406877477665
2023-04-21,0.0,0.0,0.0,1,0,0,0.010659730463282249,0.01186406877477665
2023-04-24,0.0,0.0,0.0,1,0,0,0.010659730463282249,0.01186406877477665
2023-04-25,0.0,0.0,0.0,1,0,0,0.010659730463282249,0.01186406877477665
2023-04-26,0.0,0.0,0.0,1,0,0,0.010659730463282249,0.01186406877477665
2023-04-27,0.0,0.0,0.0,1,0,0,0.010659730463282249,0.01186406877477665
2023-04-28,0.0,0.0,0.0,1,0,0,0.010659730463282249,0.01186406877477665
2023-05-01,0.0,0.0,0.0,1,0,0,0.010659730463282249,0.01186406877477665
2023-05-02,0.0,0.0,0.0,1,0,0,0.010659730463282249,0.01186406877477665
2023-05-03,0.0,0.0,0.0,1,0,0,0.010659730463282249,0.01186406877477665
2023-05-04,0.0,0.0,0.0,1,0,0,0.010659730463282249,0.01186406877477665
2023-05-05,0.0,0.0,0.0,1,0,0,0.010659730463282249,0.01186406877477665
2023-05-08,0.0,0.00020000000000000006,-0.00020000000000000006,1,1,1,0.010459730463282248,0.01186406877477665
2023-05-09,-0.00012879603928843723,0.0,-0.00012879603928843723,1,1,1,0.01033093442399381,0.011735272735488212
2023-05-10,-0.0017971460987544294,0.0,-0.0017971460987544294,1,1,1,0.008533788325239381,0.009938126636733782
2023-05-11,0.0006823167704735697,0.0,0.0006823167704735697,1,1,1,0.00921610509571295,0.010620443407207351
2023-05-12,0.0023062847194309836,0.0,0.0023062847194309836,1,1,1,0.011522389815143934,0.012926728126638335
2023-05-15,0.00010290236527346012,0.0,0.00010290236527346012,1,1,1,0.011625292180417395,0.013029630491911796
2023-05-16,-0.0024075746486345658,0.0,-0.0024075746486345658,1,1,1,0.00921771753178283,0.010622055843277231
2023-05-17,0.0014658757507678617,0.0,0.0014658757507678617,1,1,1,0.010683593282550691,0.012087931594045092
2023-05-18,-0.0010356082575949418,0.0,-0.0010356082575949418,1,1,1,0.009647985024955749,0.01105232333645015
2023-05-19,0.000545332898887944,0.0,0.000545332898887944,1,1,1,0.010193317923843693,0.011597656235338094
2023-05-22,-0.00022228118794271755,0.0,-0.00022228118794271755,1,1,1,0.009971036735900975,0.011375375047395376
2023-05-23,0.0006960502896782801,0.0,0.0006960502896782801,1,1,1,0.010667087025579254,0.012071425337073656
2023-05-24,-0.000920167950425385,0.0,-0.000920167950425385,1,1,1,0.009746919075153869,0.01115125738664827
2023-05-25,0.0015273649552950126,0.0,0.0015273649552950126,1,1,1,0.011274284030448882,0.012678622341943283
2023-05-26,0.0009834801408504074,0.0,0.0009834801408504074,1,1,1,0.01225776417129929,0.013662102482793691
2023-05-29,-0.0013105178443970002,0.00019511857786284854,-0.0015056364222598487,1,0,0,0.010752127749039442,0.01235158463839669
2023-05-30,0.0,0.0,0.0,1,0,0,0.010752127749039442,0.01235158463839669
2023-05-31,0.0,0.0,0.0,1,0,0,0.010752127749039442,0.01235158463839669
2023-06-01,0.0,0.0,0.0,1,0,0,0.010752127749039442,0.01235158463839669
2023-06-02,0.0,0.0,0.0,1,0,0,0.010752127749039442,0.01235158463839669
2023-06-05,0.0,0.0002,-0.0002,1,1,1,0.010552127749039441,0.01235158463839669
2023-06-06,0.000413362181155164,0.0,0.000413362181155164,1,1,1,0.010965489930194606,0.012764946819551854
2023-06-07,-0.00036077660929216765,0.0,-0.00036077660929216765,1,1,1,0.010604713320902438,0.012404170210259687
2023-06-08,-0.00038860623969824736,0.0,-0.00038860623969824736,1,1,1,0.010216107081204191,0.01201556397056144
2023-06-09,-0.001984196580244978,0.0,-0.001984196580244978,1,1,1,0.008231910500959214,0.010031367390316463
2023-06-12,-0.00227750698045765,0.0,-0.00227750698045765,1,1,1,0.005954403520501564,0.007753860409858813
2023-06-13,0.0034427990794063455,0.0,0.0034427990794063455,1,1,1,0.00939720259990791,0.011196659489265159
2023-06-14,-0.003014578493751842,0.0,-0.003014578493751842,1,1,1,0.006382624106156068,0.008182080995513317
2023-06-15,-0.0006524460850909912,0.0,-0.0006524460850909912,1,1,1,0.0057301780210650775,0.007529634910422326
2023-06-16,-0.0008965839847469223,0.0,-0.0008965839847469223,1,1,1,0.004833594036318155,0.006633050925675404
2023-06-19,-0.0021599646090979074,0.0,-0.0021599646090979074,1,1,1,0.0026736294272202477,0.004473086316577496
2023-06-20,0.0008612828749946607,0.0,0.0008612828749946607,1,1,1,0.0035349123022149083,0.005334369191572157
2023-06-21,0.0011559100401863885,0.0,0.0011559100401863885,1,1,1,0.004690822342401297,0.006490279231758545
2023-06-22,0.0026887774408157743,0.0,0.0026887774408157743,1,1,1,0.007379599783217072,0.00917905667257432
2023-06-23,-0.0002776558762463731,0.0,-0.0002776558762463731,1,1,1,0.0071019439069706985,0.008901400796327948
2023-06-26,-0.0013740377799966036,0.0,-0.0013740377799966036,1,1,1,0.005727906126974095,0.007527363016331345
2023-06-27,0.0009486665729948206,0.0,0.0009486665729948206,1,1,1,0.006676572699968916,0.008476029589326166
2023-06-28,0.0004651530961821129,0.0,0.0004651530961821129,1,1,1,0.007141725796151029,0.008941182685508278
2023-06-29,0.002870589355312157,0.0,0.002870589355312157,1,1,1,0.010012315151463187,0.011811772040820435
2023-06-30,-0.0007253560203779185,0.00020305544127141353,-0.000928411461649332,1,0,0,0.009083903689813854,0.011086416020442517
2023-07-03,0.0,0.0,0.0,1,0,0,0.009083903689813854,0.011086416020442517
2023-07-04,0.0,0.0,0.0,1,0,0,0.009083903689813854,0.011086416020442517
2023-07-05,0.0,0.0,0.0,1,0,0,0.009083903689813854,0.011086416020442517
2023-07-06,0.0,0.0,0.0,1,0,0,0.009083903689813854,0.011086416020442517
2023-07-07,0.0,0.0,0.0,1,0,0,0.009083903689813854,0.011086416020442517
2023-07-10,0.0,0.0,0.0,1,0,0,0.009083903689813854,0.011086416020442517
2023-07-11,0.0,0.0,0.0,1,0,0,0.009083903689813854,0.011086416020442517
2023-07-12,0.0,0.0,0.0,1,0,0,0.009083903689813854,0.011086416020442517
2023-07-13,0.0,0.0002,-0.0002,1,1,1,0.008883903689813854,0.011086416020442517
2023-07-14,-0.0025552686057506734,0.0,-0.0025552686057506734,1,1,1,0.006328635084063181,0.008531147414691844
2023-07-17,0.0018166390056262778,0.0,0.0018166390056262778,1,1,1,0.008145274089689458,0.010347786420318122
2023-07-18,0.0011839772028260252,0.0,0.0011839772028260252,1,1,1,0.009329251292515484,0.011531763623144148
2023-07-19,0.0012292944548743419,0.0,0.0012292944548743419,1,1,1,0.010558545747389826,0.01276105807801849
2023-07-20,0.003157848446165409,0.0001999952828402451,0.0029578531633251636,1,0,0,0.01351639891071499,0.015918906524183898
2023-07-21,0.0,0.0,0.0,1,0,0,0.01351639891071499,0.015918906524183898
2023-07-24,0.0,0.0,0.0,1,0,0,0.01351639891071499,0.015918906524183898
2023-07-25,0.0,0.0,0.0,1,0,0,0.01351639891071499,0.015918906524183898
2023-07-26,0.0,0.0,0.0,1,0,0,0.01351639891071499,0.015918906524183898
2023-07-27,0.0,0.0,0.0,1,0,0,0.01351639891071499,0.015918906524183898
2023-07-28,0.0,0.0,0.0,1,0,0,0.01351639891071499,0.015918906524183898
2023-07-31,0.0,0.0,0.0,1,0,0,0.01351639891071499,0.015918906524183898
2023-08-01,0.0,0.0,0.0,1,0,0,0.01351639891071499,0.015918906524183898
2023-08-02,0.0,0.0,0.0,1,0,0,0.01351639891071499,0.015918906524183898
2023-08-03,0.0,0.0,0.0,1,0,0,0.01351639891071499,0.015918906524183898
2023-08-04,0.0,0.0,0.0,1,0,0,0.01351639891071499,0.015918906524183898
2023-08-07,0.0,0.0,0.0,1,0,0,0.01351639891071499,0.015918906524183898
2023-08-08,0.0,0.0,0.0,1,0,0,0.01351639891071499,0.015918906524183898
2023-08-09,0.0,0.0,0.0,1,0,0,0.01351639891071499,0.015918906524183898
2023-08-10,0.0,0.0,0.0,1,0,0,0.01351639891071499,0.015918906524183898
2023-08-11,0.0,0.0,0.0,1,0,0,0.01351639891071499,0.015918906524183898
2023-08-14,0.0,0.0002,-0.0002,1,1,1,0.01331639891071499,0.015918906524183898
2023-08-15,0.0009651502008848523,0.0,0.0009651502008848523,1,1,1,0.014281549111599842,0.01688405672506875
2023-08-16,0.0009381783354383879,0.0,0.0009381783354383879,1,1,1,0.01521972744703823,0.017822235060507136
2023-08-17,0.002362892660757958,0.00019972823540514526,0.002163164425352813,1,0,0,0.017382891872391042,0.020185127721265093
2023-08-18,0.0,0.0,0.0,1,0,0,0.017382891872391042,0.020185127721265093
2023-08-21,0.0,0.0,0.0,1,0,0,0.017382891872391042,0.020185127721265093
2023-08-22,0.0,0.0,0.0,1,0,0,0.017382891872391042,0.020185127721265093
2023-08-23,0.0,0.0,0.0,1,0,0,0.017382891872391042,0.020185127721265093
2023-08-24,0.0,0.0,0.0,1,0,0,0.017382891872391042,0.020185127721265093
2023-08-25,0.0,0.0,0.0,1,0,0,0.017382891872391042,0.020185127721265093
2023-08-28,0.0,0.0,0.0,1,0,0,0.017382891872391042,0.020185127721265093
2023-08-29,0.0,0.0,0.0,1,0,0,0.017382891872391042,0.020185127721265093
2023-08-30,0.0,0.0,0.0,1,0,0,0.017382891872391042,0.020185127721265093
2023-08-31,0.0,0.0,0.0,1,0,0,0.017382891872391042,0.020185127721265093
2023-09-01,0.0,0.0,0.0,1,0,0,0.017382891872391042,0.020185127721265093
2023-09-04,0.0,0.0,0.0,1,0,0,0.017382891872391042,0.020185127721265093
2023-09-05,0.0,0.0,0.0,1,0,0,0.017382891872391042,0.020185127721265093
2023-09-06,0.0,0.0,0.0,1,0,0,0.017382891872391042,0.020185127721265093
2023-09-07,0.0,0.0,0.0,1,0,0,0.017382891872391042,0.020185127721265093
2023-09-08,0.0,0.0,0.0,1,0,0,0.017382891872391042,0.020185127721265093
2023-09-11,0.0,0.0,0.0,1,0,0,0.017382891872391042,0.020185127721265093
2023-09-12,0.0,0.0,0.0,1,0,0,0.017382891872391042,0.020185127721265093
2023-09-13,0.0,0.0,0.0,1,0,0,0.017382891872391042,0.020185127721265093
2023-09-14,0.0,0.0,0.0,1,0,0,0.017382891872391042,0.020185127721265093
2023-09-15,0.0,0.0,0.0,1,0,0,0.017382891872391042,0.020185127721265093
2023-09-18,0.0,0.0,0.0,1,0,0,0.017382891872391042,0.020185127721265093
2023-09-19,0.0,0.0,0.0,1,0,0,0.017382891872391042,0.020185127721265093
2023-09-20,0.0,0.0002,-0.0002,1,1,1,0.017182891872391044,0.020185127721265093
2023-09-21,-0.0017030510777076074,0.0,-0.0017030510777076074,1,1,1,0.015479840794683435,0.018482076643557485
2023-09-22,-0.0019136143852797717,0.0,-0.0019136143852797717,1,1,1,0.013566226409403664,0.016568462258277714
2023-09-25,-0.0018135901390136618,0.0,-0.0018135901390136618,1,1,1,0.011752636270390002,0.014754872119264052
2023-09-26,0.0010656553650795545,0.0,0.0010656553650795545,1,1,1,0.012818291635469556,0.015820527484343608
2023-09-27,-0.00206254985442165,0.0,-0.00206254985442165,1,1,1,0.010755741781047906,0.013757977629921958
2023-09-28,0.0021433624553451234,0.0,0.0021433624553451234,1,1,1,0.01289910423639303,0.01590134008526708
2023-09-29,0.0007542260130368405,0.0,0.0007542260130368405,1,1,1,0.01365333024942987,0.01665556609830392
2023-10-02,-0.0006441913075616058,0.0,-0.0006441913075616058,1,1,1,0.013009138941868266,0.016011374790742314
2023-10-03,-0.0010778523283558475,0.0,-0.0010778523283558475,1,1,1,0.011931286613512417,0.014933522462386467
2023-10-04,-0.00022092590219518013,0.0,-0.00022092590219518013,1,1,1,0.011710360711317237,0.014712596560191287
2023-10-05,0.0012082808243270829,0.0,0.0012082808243270829,1,1,1,0.01291864153564432,0.01592087738451837
2023-10-06,0.0006213778967633912,0.0,0.0006213778967633912,1,1,1,0.01354001943240771,0.01654225528128176
2023-10-09,0.0006293651021233663,0.0,0.0006293651021233663,1,1,1,0.014169384534531078,0.017171620383405126
2023-10-10,0.000853358990329401,0.0,0.000853358990329401,1,1,1,0.015022743524860478,0.018024979373734526
2023-10-11,0.0007671105306647321,0.00019844040375847154,0.0005686701269062605,1,0,0,0.015591413651766738,0.01879208990439926
2023-10-12,0.0,0.0,0.0,1,0,0,0.015591413651766738,0.01879208990439926
2023-10-13,0.0,0.0,0.0,1,0,0,0.015591413651766738,0.01879208990439926
2023-10-16,0.0,0.0,0.0,1,0,0,0.015591413651766738,0.01879208990439926
2023-10-17,0.0,0.0,0.0,1,0,0,0.015591413651766738,0.01879208990439926
2023-10-18,0.0,0.0,0.0,1,0,0,0.015591413651766738,0.01879208990439926
2023-10-19,0.0,0.0,0.0,1,0,0,0.015591413651766738,0.01879208990439926
2023-10-20,0.0,0.0,0.0,1,0,0,0.015591413651766738,0.01879208990439926
2023-10-23,0.0,0.0,0.0,1,0,0,0.015591413651766738,0.01879208990439926
2023-10-24,0.0,0.0,0.0,1,0,0,0.015591413651766738,0.01879208990439926
2023-10-25,0.0,0.0,0.0,1,0,0,0.015591413651766738,0.01879208990439926
2023-10-26,0.0,0.0,0.0,1,0,0,0.015591413651766738,0.01879208990439926
2023-10-27,0.0,0.0,0.0,1,0,0,0.015591413651766738,0.01879208990439926
2023-10-30,0.0,0.0,0.0,1,0,0,0.015591413651766738,0.01879208990439926
2023-10-31,0.0,0.0,0.0,1,0,0,0.015591413651766738,0.01879208990439926
2023-11-01,0.0,0.0,0.0,1,0,0,0.015591413651766738,0.01879208990439926
2023-11-02,0.0,0.0,0.0,1,0,0,0.015591413651766738,0.01879208990439926
2023-11-03,0.0,0.0,0.0,1,0,0,0.015591413651766738,0.01879208990439926
2023-11-06,0.0,0.0,0.0,1,0,0,0.015591413651766738,0.01879208990439926
2023-11-07,0.0,0.0,0.0,1,0,0,0.015591413651766738,0.01879208990439926
2023-11-08,0.0,0.0,0.0,1,0,0,0.015591413651766738,0.01879208990439926
2023-11-09,0.0,0.0,0.0,1,0,0,0.015591413651766738,0.01879208990439926
2023-11-10,0.0,0.0,0.0,1,0,0,0.015591413651766738,0.01879208990439926
2023-11-13,0.0,0.0,0.0,1,0,0,0.015591413651766738,0.01879208990439926
2023-11-14,0.0,0.0,0.0,1,0,0,0.015591413651766738,0.01879208990439926
2023-11-15,0.0,0.0,0.0,1,0,0,0.015591413651766738,0.01879208990439926
2023-11-16,0.0,0.0,0.0,1,0,0,0.015591413651766738,0.01879208990439926
2023-11-17,0.0,0.0,0.0,1,0,0,0.015591413651766738,0.01879208990439926
2023-11-20,0.0,0.0,0.0,1,0,0,0.015591413651766738,0.01879208990439926
2023-11-21,0.0,0.0,0.0,1,0,0,0.015591413651766738,0.01879208990439926
2023-11-22,0.0,0.0,0.0,1,0,0,0.015591413651766738,0.01879208990439926
2023-11-23,0.0,0.0,0.0,1,0,0,0.015591413651766738,0.01879208990439926
2023-11-24,0.0,0.0,0.0,1,0,0,0.015591413651766738,0.01879208990439926
2023-11-27,0.0,0.0,0.0,1,0,0,0.015591413651766738,0.01879208990439926
2023-11-28,0.0,0.0002,-0.0002,1,1,1,0.015391413651766737,0.01879208990439926
2023-11-29,-0.0014989872451560784,0.0,-0.0014989872451560784,1,1,1,0.01389242640661066,0.01729310265924318
2023-11-30,-0.0006084571112766598,0.0,-0.0006084571112766598,1,1,1,0.013283969295334,0.016684645547966517
2023-12-01,-0.00046423826477525734,0.0,-0.00046423826477525734,1,1,1,0.012819731030558742,0.01622040728319126
2023-12-04,-0.0037393801197869274,0.0,-0.0037393801197869274,1,1,1,0.009080350910771815,0.012481027163404334
2023-12-05,0.0014322791916022044,0.0,0.0014322791916022044,1,1,1,0.01051263010237402,0.013913306355006538
2023-12-06,-4.571998422882892e-05,0.0,-4.571998422882892e-05,1,1,1,0.010466910118145191,0.01386758637077771
2023-12-07,0.00047888504067164386,0.0,0.00047888504067164386,1,1,1,0.010945795158816834,0.014346471411449353
2023-12-08,-0.00032416799779425715,0.0,-0.00032416799779425715,1,1,1,0.010621627161022577,0.014022303413655096
2023-12-11,0.0004598863746328697,0.0,0.0004598863746328697,1,1,1,0.011081513535655447,0.014482189788287966
2023-12-12,3.984242428070947e-05,0.0,3.984242428070947e-05,1,1,1,0.011121355959936156,0.014522032212568675
2023-12-13,0.000593220402488892,0.0,0.000593220402488892,1,1,1,0.011714576362425047,0.015115252615057567
2023-12-14,0.0012504318814284187,0.0,0.0012504318814284187,1,1,1,0.012965008243853465,0.016365684496485986
2023-12-15,-0.002172057933639163,0.0,-0.002172057933639163,1,1,1,0.010792950310214301,0.014193626562846822
2023-12-18,0.0003686227410400877,0.0,0.0003686227410400877,1,1,1,0.011161573051254389,0.01456224930388691
2023-12-19,0.002060755564253458,0.0,0.002060755564253458,1,1,1,0.013222328615507846,0.01662300486814037
2023-12-20,-0.001236409875165166,0.0,-0.001236409875165166,1,1,1,0.011985918740342681,0.015386594992975202
2023-12-21,0.0025878391387564145,0.0,0.0025878391387564145,1,1,1,0.014573757879099095,0.017974434131731616
2023-12-22,0.0005291213417549681,0.00020083238483000965,0.0003282889569249585,1,0,0,0.014902046836024054,0.018503555473486585
2023-12-25,0.0,0.0,0.0,1,0,0,0.014902046836024054,0.018503555473486585
2023-12-26,0.0,0.0,0.0,1,0,0,0.014902046836024054,0.018503555473486585
2023-12-27,0.0,0.0,0.0,1,0,0,0.014902046836024054,0.018503555473486585
2023-12-28,0.0,0.0,0.0,1,0,0,0.014902046836024054,0.018503555473486585
2023-12-29,0.0,0.0,0.0,1,0,0,0.014902046836024054,0.018503555473486585
2024-01-01,0.0,0.0,0.0,1,0,0,0.014902046836024054,0.018503555473486585
2024-01-02,0.0,0.0,0.0,1,0,0,0.014902046836024054,0.018503555473486585
2024-01-03,0.0,0.0,0.0,1,0,0,0.014902046836024054,0.018503555473486585
2024-01-04,0.0,0.0,0.0,1,0,0,0.014902046836024054,0.018503555473486585
2024-01-05,0.0,0.0,0.0,1,0,0,0.014902046836024054,0.018503555473486585
2024-01-08,0.0,0.0,0.0,1,0,0,0.014902046836024054,0.018503555473486585
2024-01-09,0.0,0.0,0.0,1,0,0,0.014902046836024054,0.018503555473486585
2024-01-10,0.0,0.0,0.0,1,0,0,0.014902046836024054,0.018503555473486585
2024-01-11,0.0,0.0,0.0,1,0,0,0.014902046836024054,0.018503555473486585
2024-01-12,0.0,0.0,0.0,1,0,0,0.014902046836024054,0.018503555473486585
2024-01-15,0.0,0.0,0.0,1,0,0,0.014902046836024054,0.018503555473486585
2024-01-16,0.0,0.0,0.0,1,0,0,0.014902046836024054,0.018503555473486585
2024-01-17,0.0,0.0,0.0,1,0,0,0.014902046836024054,0.018503555473486585
2024-01-18,0.0,0.0,0.0,1,0,0,0.014902046836024054,0.018503555473486585
2024-01-19,0.0,0.0,0.0,1,0,0,0.014902046836024054,0.018503555473486585
2024-01-22,0.0,0.0,0.0,1,0,0,0.014902046836024054,0.018503555473486585
2024-01-23,0.0,0.0,0.0,1,0,0,0.014902046836024054,0.018503555473486585
2024-01-24,0.0,0.0,0.0,1,0,0,0.014902046836024054,0.018503555473486585
2024-01-25,0.0,0.0,0.0,1,0,0,0.014902046836024054,0.018503555473486585
2024-01-26,0.0,0.0,0.0,1,0,0,0.014902046836024054,0.018503555473486585
2024-01-29,0.0,0.0,0.0,1,0,0,0.014902046836024054,0.018503555473486585
2024-01-30,0.0,0.0,0.0,1,0,0,0.014902046836024054,0.018503555473486585
2024-01-31,0.0,0.0,0.0,1,0,0,0.014902046836024054,0.018503555473486585
2024-02-01,0.0,0.0,0.0,1,0,0,0.014902046836024054,0.018503555473486585
2024-02-02,0.0,0.0,0.0,1,0,0,0.014902046836024054,0.018503555473486585
2024-02-05,0.0,0.0,0.0,1,0,0,0.014902046836024054,0.018503555473486585
2024-02-06,0.0,0.0,0.0,1,0,0,0.014902046836024054,0.018503555473486585
2024-02-07,0.0,0.0,0.0,1,0,0,0.014902046836024054,0.018503555473486585
2024-02-08,0.0,0.0,0.0,1,0,0,0.014902046836024054,0.018503555473486585
2024-02-09,0.0,0.0,0.0,1,0,0,0.014902046836024054,0.018503555473486585
2024-02-12,0.0,0.0,0.0,1,0,0,0.014902046836024054,0.018503555473486585
2024-02-13,0.0,0.0,0.0,1,0,0,0.014902046836024054,0.018503555473486585
2024-02-14,0.0,0.0,0.0,1,0,0,0.014902046836024054,0.018503555473486585
2024-02-15,0.0,0.0,0.0,1,0,0,0.014902046836024054,0.018503555473486585
2024-02-16,0.0,0.0,0.0,1,0,0,0.014902046836024054,0.018503555473486585
2024-02-19,0.0,0.0,0.0,1,0,0,0.014902046836024054,0.018503555473486585
2024-02-20,0.0,0.0,0.0,1,0,0,0.014902046836024054,0.018503555473486585
2024-02-21,0.0,0.0,0.0,1,0,0,0.014902046836024054,0.018503555473486585
2024-02-22,0.0,0.0,0.0,1,0,0,0.014902046836024054,0.018503555473486585
2024-02-23,0.0,0.0,0.0,1,0,0,0.014902046836024054,0.018503555473486585
2024-02-26,0.0,0.0,0.0,1,0,0,0.014902046836024054,0.018503555473486585
2024-02-27,0.0,0.0,0.0,1,0,0,0.014902046836024054,0.018503555473486585
2024-02-28,0.0,0.0,0.0,1,0,0,0.014902046836024054,0.018503555473486585
2024-02-29,0.0,0.0,0.0,1,0,0,0.014902046836024054,0.018503555473486585
2024-03-01,0.0,0.0,0.0,1,0,0,0.014902046836024054,0.018503555473486585
2024-03-04,0.0,0.0,0.0,1,0,0,0.014902046836024054,0.018503555473486585
2024-03-05,0.0,0.0,0.0,1,0,0,0.014902046836024054,0.018503555473486585
2024-03-06,0.0,0.0,0.0,1,0,0,0.014902046836024054,0.018503555473486585
2024-03-07,0.0,0.0,0.0,1,0,0,0.014902046836024054,0.018503555473486585
2024-03-08,0.0,0.0,0.0,1,0,0,0.014902046836024054,0.018503555473486585
2024-03-11,0.0,0.0,0.0,1,0,0,0.014902046836024054,0.018503555473486585
2024-03-12,0.0,0.0002,-0.0002,1,1,1,0.014702046836024054,0.018503555473486585
2024-03-13,0.0008994674197121375,0.0,0.0008994674197121375,1,1,1,0.015601514255736191,0.019403022893198722
2024-03-14,0.0008368733653959222,0.0,0.0008368733653959222,1,1,1,0.016438387621132113,0.020239896258594646
2024-03-15,-0.00043643032268394187,0.0,-0.00043643032268394187,1,1,1,0.016001957298448173,0.019803465935910702
2024-03-18,0.0005973003914812926,0.0,0.0005973003914812926,1,1,1,0.016599257689929467,0.020400766327391996
2024-03-19,-0.00016381988455171055,0.00019872865150458434,-0.0003625485360562949,1,0,0,0.016236709153873173,0.020236946442840284
2024-03-20,0.0,0.0,0.0,1,0,0,0.016236709153873173,0.020236946442840284
2024-03-21,0.0,0.0,0.0,1,0,0,0.016236709153873173,0.020236946442840284
2024-03-22,0.0,0.0,0.0,1,0,0,0.016236709153873173,0.020236946442840284
2024-03-25,0.0,0.0,0.0,1,0,0,0.016236709153873173,0.020236946442840284
2024-03-26,0.0,0.0,0.0,1,0,0,0.016236709153873173,0.020236946442840284
2024-03-27,0.0,0.0,0.0,1,0,0,0.016236709153873173,0.020236946442840284
2024-03-28,0.0,0.0,0.0,1,0,0,0.016236709153873173,0.020236946442840284
2024-03-29,0.0,0.0,0.0,1,0,0,0.016236709153873173,0.020236946442840284
2024-04-01,0.0,0.0,0.0,1,0,0,0.016236709153873173,0.020236946442840284
2024-04-02,0.0,0.0,0.0,1,0,0,0.016236709153873173,0.020236946442840284
2024-04-03,0.0,0.0,0.0,1,0,0,0.016236709153873173,0.020236946442840284
2024-04-04,0.0,0.0,0.0,1,0,0,0.016236709153873173,0.020236946442840284
2024-04-05,0.0,0.0,0.0,1,0,0,0.016236709153873173,0.020236946442840284
2024-04-08,0.0,0.0,0.0,1,0,0,0.016236709153873173,0.020236946442840284
2024-04-09,0.0,0.0,0.0,1,0,0,0.016236709153873173,0.020236946442840284
2024-04-10,0.0,0.0,0.0,1,0,0,0.016236709153873173,0.020236946442840284
2024-04-11,0.0,0.0,0.0,1,0,0,0.016236709153873173,0.020236946442840284
2024-04-12,0.0,0.0,0.0,1,0,0,0.016236709153873173,0.020236946442840284
2024-04-15,0.0,0.0,0.0,1,0,0,0.016236709153873173,0.020236946442840284
2024-04-16,0.0,0.0,0.0,1,0,0,0.016236709153873173,0.020236946442840284
2024-04-17,0.0,0.0,0.0,1,0,0,0.016236709153873173,0.020236946442840284
2024-04-18,0.0,0.0,0.0,1,0,0,0.016236709153873173,0.020236946442840284
2024-04-19,0.0,0.0,0.0,1,0,0,0.016236709153873173,0.020236946442840284
2024-04-22,0.0,0.0,0.0,1,0,0,0.016236709153873173,0.020236946442840284
2024-04-23,0.0,0.0002,-0.0002,1,1,1,0.016036709153873174,0.020236946442840284
2024-04-24,0.002556158213033378,0.0,0.002556158213033378,1,1,1,0.018592867366906553,0.022793104655873662
2024-04-25,0.0004655697051430804,0.0,0.0004655697051430804,1,1,1,0.019058437072049635,0.023258674361016744
2024-04-26,0.000998851022691428,0.0,0.000998851022691428,1,1,1,0.02005728809474106,0.02425752538370817
2024-04-29,0.0010093660709580804,0.0,0.0010093660709580804,1,1,1,0.021066654165699143,0.025266891454666252
2024-04-30,0.0018577799656397786,0.0002024029255939901,0.0016553770400457885,1,0,0,0.02272203120574493,0.02712467142030603
2024-05-01,0.0,0.0,0.0,1,0,0,0.02272203120574493,0.02712467142030603
2024-05-02,0.0,0.0,0.0,1,0,0,0.02272203120574493,0.02712467142030603
2024-05-03,0.0,0.0,0.0,1,0,0,0.02272203120574493,0.02712467142030603
2024-05-06,0.0,0.0,0.0,1,0,0,0.02272203120574493,0.02712467142030603
2024-05-07,0.0,0.0,0.0,1,0,0,0.02272203120574493,0.02712467142030603
2024-05-08,0.0,0.0,0.0,1,0,0,0.02272203120574493,0.02712467142030603
2024-05-09,0.0,0.0,0.0,1,0,0,0.02272203120574493,0.02712467142030603
2024-05-10,0.0,0.0,0.0,1,0,0,0.02272203120574493,0.02712467142030603
2024-05-13,0.0,0.0,0.0,1,0,0,0.02272203120574493,0.02712467142030603
2024-05-14,0.0,0.0,0.0,1,0,0,0.02272203120574493,0.02712467142030603
2024-05-15,0.0,0.0,0.0,1,0,0,0.02272203120574493,0.02712467142030603
2024-05-16,0.0,0.0,0.0,1,0,0,0.02272203120574493,0.02712467142030603
2024-05-17,0.0,0.0,0.0,1,0,0,0.02272203120574493,0.02712467142030603
2024-05-20,0.0,0.0,0.0,1,0,0,0.02272203120574493,0.02712467142030603
2024-05-21,0.0,0.0,0.0,1,0,0,0.02272203120574493,0.02712467142030603
2024-05-22,0.0,0.0,0.0,1,0,0,0.02272203120574493,0.02712467142030603
2024-05-23,0.0,0.0,0.0,1,0,0,0.02272203120574493,0.02712467142030603
2024-05-24,0.0,0.0002,-0.0002,1,1,1,0.022522031205744933,0.02712467142030603
2024-05-27,-0.0004328063583555063,0.0,-0.0004328063583555063,1,1,1,0.022089224847389427,0.026691865061950523
2024-05-28,-0.0010206543960874551,0.0,-0.0010206543960874551,1,1,1,0.021068570451301973,0.02567121066586307
2024-05-29,0.00021080412654787427,0.0,0.00021080412654787427,1,1,1,0.021279374577849848,0.025882014792410944
2024-05-30,0.0006272241270162855,0.0,0.0006272241270162855,1,1,1,0.021906598704866134,0.02650923891942723
2024-05-31,-6.428451792707662e-05,0.0,-6.428451792707662e-05,1,1,1,0.021842314186939056,0.026444954401500152
2024-06-03,0.00013059078453129668,0.0,0.00013059078453129668,1,1,1,0.021972904971470354,0.02657554518603145
2024-06-04,-0.000721183196747124,0.0,-0.000721183196747124,1,1,1,0.02125172177472323,0.025854361989284327
2024-06-05,0.0006006913967715139,0.0,0.0006006913967715139,1,1,1,0.021852413171494747,0.026455053386055843
2024-06-06,-0.001257510541854767,0.0,-0.001257510541854767,1,1,1,0.02059490262963998,0.025197542844201077
2024-06-07,0.0008746706411139918,0.0,0.0008746706411139918,1,1,1,0.021469573270753974,0.02607221348531507
2024-06-10,-0.0018840146081946121,0.0,-0.0018840146081946121,1,1,1,0.01958555866255936,0.024188198877120457
2024-06-11,-0.00045895288101437906,0.0,-0.00045895288101437906,1,1,1,0.019126605781544983,0.02372924599610608
2024-06-12,-0.0015960436493109502,0.0,-0.0015960436493109502,1,1,1,0.017530562132234032,0.02213320234679513
2024-06-13,0.0005022181496556312,0.0,0.0005022181496556312,1,1,1,0.018032780281889663,0.02263542049645076
2024-06-14,-0.0012085312241669611,0.0,-0.0012085312241669611,1,1,1,0.0168242490577227,0.021426889272283797
2024-06-17,0.001684952158310454,0.0,0.001684952158310454,1,1,1,0.018509201216033156,0.023111841430594252
2024-06-18,0.0001155669463270882,0.0,0.0001155669463270882,1,1,1,0.018624768162360243,0.02322740837692134
2024-06-19,0.0004429097314884612,0.0,0.0004429097314884612,1,1,1,0.019067677893848705,0.0236703181084098
2024-06-20,-0.00026608604748909774,0.0,-0.00026608604748909774,1,1,1,0.018801591846359607,0.023404232060920703
2024-06-21,0.0008791494932551586,0.0,0.0008791494932551586,1,1,1,0.019680741339614765,0.02428338155417586
2024-06-24,0.0001873371641531391,0.0,0.0001873371641531391,1,1,1,0.019868078503767903,0.024470718718329
2024-06-25,-0.00013005378411662838,0.0,-0.00013005378411662838,1,1,1,0.019738024719651276,0.024340664934212372
2024-06-26,-0.0009647468878078835,0.0,-0.0009647468878078835,1,1,1,0.01877327783184339,0.023375918046404487
2024-06-27,0.0015438755093946527,0.0,0.0015438755093946527,1,1,1,0.020317153341238042,0.02491979355579914
2024-06-28,9.746485294993574e-05,0.00019872569911802887,-0.00010126084616809313,1,0,0,0.02021589249506995,0.025017258408749073
2024-07-01,0.0,0.0,0.0,1,0,0,0.02021589249506995,0.025017258408749073
2024-07-02,0.0,0.0,0.0,1,0,0,0.02021589249506995,0.025017258408749073
2024-07-03,0.0,0.0,0.0,1,0,0,0.02021589249506995,0.025017258408749073
2024-07-04,0.0,0.0,0.0,1,0,0,0.02021589249506995,0.025017258408749073
2024-07-05,0.0,0.0,0.0,1,0,0,0.02021589249506995,0.025017258408749073
2024-07-08,0.0,0.0,0.0,1,0,0,0.02021589249506995,0.025017258408749073
2024-07-09,0.0,0.0,0.0,1,0,0,0.02021589249506995,0.025017258408749073
2024-07-10,0.0,0.0,0.0,1,0,0,0.02021589249506995,0.025017258408749073
2024-07-11,0.0,0.0,0.0,1,0,0,0.02021589249506995,0.025017258408749073
2024-07-12,0.0,0.0002,-0.0002,1,1,1,0.02001589249506995,0.025017258408749073
2024-07-15,-0.001363110530610345,0.0,-0.001363110530610345,1,1,1,0.018652781964459606,0.02365414787813873
2024-07-16,0.0005043850839165334,0.0,0.0005043850839165334,1,1,1,0.01915716704837614,0.024158532962055262
2024-07-17,-0.00029704103188039487,0.0,-0.00029704103188039487,1,1,1,0.018860126016495744,0.023861491930174866
2024-07-18,0.00021747628996752295,0.0,0.00021747628996752295,1,1,1,0.019077602306463267,0.02407896822014239
2024-07-19,0.0008774162872102439,0.0,0.0008774162872102439,1,1,1,0.01995501859367351,0.024956384507352634
2024-07-22,0.0007147651508935157,0.0,0.0007147651508935157,1,1,1,0.020669783744567027,0.02567114965824615
2024-07-23,-0.0003475961820563711,0.0,-0.0003475961820563711,1,1,1,0.020322187562510655,0.025323553476189777
2024-07-24,-0.00022631200397337935,0.0,-0.00022631200397337935,1,1,1,0.020095875558537275,0.025097241472216397
2024-07-25,-0.0003763976233362137,0.0,-0.0003763976233362137,1,1,1,0.01971947793520106,0.024720843848880184
2024-07-26,0.002351648425064397,0.0,0.002351648425064397,1,1,1,0.02207112636026546,0.027072492273944582
2024-07-29,-0.0004052824229828503,0.00019936467251411143,-0.0006046470954969617,1,0,0,0.0214664792647685,0.026667209850961732
2024-07-30,0.0,0.0,0.0,1,0,0,0.0214664792647685,0.026667209850961732
2024-07-31,0.0,0.0,0.0,1,0,0,0.0214664792647685,0.026667209850961732
2024-08-01,0.0,0.0,0.0,1,0,0,0.0214664792647685,0.026667209850961732
2024-08-02,0.0,0.0,0.0,1,0,0,0.0214664792647685,0.026667209850961732
2024-08-05,0.0,0.0,0.0,1,0,0,0.0214664792647685,0.026667209850961732
2024-08-06,0.0,0.0,0.0,1,0,0,0.0214664792647685,0.026667209850961732
2024-08-07,0.0,0.0002,-0.0002,1,1,1,0.0212664792647685,0.026667209850961732
2024-08-08,-0.00026823900958929033,0.0,-0.00026823900958929033,1,1,1,0.02099824025517921,0.02639897084137244
2024-08-09,0.0034500667987287467,0.0,0.0034500667987287467,1,1,1,0.024448307053907957,0.02984903764010119
2024-08-12,0.0002058627255733647,0.0,0.0002058627255733647,1,1,1,0.024654169779481323,0.030054900365674556
2024-08-13,6.775896522489915e-06,0.0,6.775896522489915e-06,1,1,1,0.024660945676003812,0.030061676262197044
2024-08-14,0.0017345285694504121,0.0,0.0017345285694504121,1,1,1,0.026395474245454225,0.031796204831647454
2024-08-15,-0.0023256143493676925,0.0,-0.0023256143493676925,1,1,1,0.024069859896086534,0.029470590482279763
2024-08-16,0.002988315988427338,0.0,0.002988315988427338,1,1,1,0.027058175884513872,0.0324589064707071
2024-08-19,0.0017381172772207932,0.0,0.0017381172772207932,1,1,1,0.028796293161734664,0.03419702374792789
2024-08-20,-0.0005914618140426839,0.0002039846212428832,-0.0007954464352855671,1,0,0,0.028000846726449098,0.03360556193388521
2024-08-21,0.0,0.0,0.0,1,0,0,0.028000846726449098,0.03360556193388521
2024-08-22,0.0,0.0,0.0,1,0,0,0.028000846726449098,0.03360556193388521
2024-08-23,0.0,0.0,0.0,1,0,0,0.028000846726449098,0.03360556193388521
2024-08-26,0.0,0.0,0.0,1,0,0,0.028000846726449098,0.03360556193388521
2024-08-27,0.0,0.0,0.0,1,0,0,0.028000846726449098,0.03360556193388521
2024-08-28,0.0,0.0,0.0,1,0,0,0.028000846726449098,0.03360556193388521
2024-08-29,0.0,0.0,0.0,1,0,0,0.028000846726449098,0.03360556193388521
2024-08-30,0.0,0.0,0.0,1,0,0,0.028000846726449098,0.03360556193388521
2024-09-02,0.0,0.0,0.0,1,0,0,0.028000846726449098,0.03360556193388521
2024-09-03,0.0,0.0,0.0,1,0,0,0.028000846726449098,0.03360556193388521
2024-09-04,0.0,0.0,0.0,1,0,0,0.028000846726449098,0.03360556193388521
2024-09-05,0.0,0.0,0.0,1,0,0,0.028000846726449098,0.03360556193388521
2024-09-06,0.0,0.0,0.0,1,0,0,0.028000846726449098,0.03360556193388521
2024-09-09,0.0,0.0,0.0,1,0,0,0.028000846726449098,0.03360556193388521
2024-09-10,0.0,0.0,0.0,1,0,0,0.028000846726449098,0.03360556193388521
2024-09-11,0.0,0.0,0.0,1,0,0,0.028000846726449098,0.03360556193388521
2024-09-12,0.0,0.0,0.0,1,0,0,0.028000846726449098,0.03360556193388521
2024-09-13,0.0,0.0,0.0,1,0,0,0.028000846726449098,0.03360556193388521
2024-09-16,0.0,0.0,0.0,1,0,0,0.028000846726449098,0.03360556193388521
2024-09-17,0.0,0.0,0.0,1,0,0,0.028000846726449098,0.03360556193388521
2024-09-18,0.0,0.0,0.0,1,0,0,0.028000846726449098,0.03360556193388521
2024-09-19,0.0,0.0,0.0,1,0,0,0.028000846726449098,0.03360556193388521
2024-09-20,0.0,0.0,0.0,1,0,0,0.028000846726449098,0.03360556193388521
2024-09-23,0.0,0.0,0.0,1,0,0,0.028000846726449098,0.03360556193388521
2024-09-24,0.0,0.0,0.0,1,0,0,0.028000846726449098,0.03360556193388521
2024-09-25,0.0,0.00019999999999999998,-0.00019999999999999998,1,1,1,0.0278008467264491,0.03360556193388521
2024-09-26,0.002360804151698175,0.0,0.002360804151698175,1,1,1,0.030161650878147275,0.03596636608558339
2024-09-27,-0.0023359116482775783,0.0,-0.0023359116482775783,1,1,1,0.0278257392298697,0.03363045443730581
2024-09-30,0.0009992352682374852,0.0,0.0009992352682374852,1,1,1,0.028824974498107184,0.03462968970554329
2024-10-01,-0.0009880227870951975,0.0,-0.0009880227870951975,1,1,1,0.027836951711011988,0.03364166691844809
2024-10-02,0.001476829186329859,0.0,0.001476829186329859,1,1,1,0.029313780897341848,0.03511849610477795
2024-10-03,-0.000264324528758982,0.0,-0.000264324528758982,1,1,1,0.029049456368582867,0.034854171576018965
2024-10-04,0.005219934569233915,0.0,0.005219934569233915,1,1,1,0.03426939093781678,0.04007410614525288
2024-10-07,-0.002159513144735214,0.00019577334156885192,-0.002355286486304066,1,0,0,0.031914104451512715,0.037914593000517666
2024-10-08,0.0,0.0,0.0,1,0,0,0.031914104451512715,0.037914593000517666
2024-10-09,0.0,0.0,0.0,1,0,0,0.031914104451512715,0.037914593000517666
2024-10-10,0.0,0.0,0.0,1,0,0,0.031914104451512715,0.037914593000517666
2024-10-11,0.0,0.0,0.0,1,0,0,0.031914104451512715,0.037914593000517666
2024-10-14,0.0,0.0,0.0,1,0,0,0.031914104451512715,0.037914593000517666
2024-10-15,0.0,0.0,0.0,1,0,0,0.031914104451512715,0.037914593000517666
2024-10-16,0.0,0.0,0.0,1,0,0,0.031914104451512715,0.037914593000517666
2024-10-17,0.0,0.0,0.0,1,0,0,0.031914104451512715,0.037914593000517666
2024-10-18,0.0,0.0,0.0,1,0,0,0.031914104451512715,0.037914593000517666
2024-10-21,0.0,0.0,0.0,1,0,0,0.031914104451512715,0.037914593000517666
2024-10-22,0.0,0.0,0.0,1,0,0,0.031914104451512715,0.037914593000517666
2024-10-23,0.0,0.0,0.0,1,0,0,0.031914104451512715,0.037914593000517666
2024-10-24,0.0,0.0,0.0,1,0,0,0.031914104451512715,0.037914593000517666
2024-10-25,0.0,0.0,0.0,1,0,0,0.031914104451512715,0.037914593000517666
2024-10-28,0.0,0.0,0.0,1,0,0,0.031914104451512715,0.037914593000517666
2024-10-29,0.0,0.0,0.0,1,0,0,0.031914104451512715,0.037914593000517666
2024-10-30,0.0,0.0,0.0,1,0,0,0.031914104451512715,0.037914593000517666
2024-10-31,0.0,0.0,0.0,1,0,0,0.031914104451512715,0.037914593000517666
2024-11-01,0.0,0.0,0.0,1,0,0,0.031914104451512715,0.037914593000517666
2024-11-04,0.0,0.0002,-0.0002,1,1,1,0.031714104451512716,0.037914593000517666
2024-11-05,6.863364523602248e-05,0.0,6.863364523602248e-05,1,1,1,0.03178273809674874,0.03798322664575369
2024-11-06,0.0014516812673103698,0.0,0.0014516812673103698,1,1,1,0.03323441936405911,0.03943490791306406
2024-11-07,0.001103837051267374,0.0,0.001103837051267374,1,1,1,0.034338256415326486,0.040538744964331436
2024-11-08,0.0018170610810178001,0.00019961464418329487,0.0016174464368345052,1,0,0,0.035955702852160994,0.042355806045349234
2024-11-11,0.0,0.0,0.0,1,0,0,0.035955702852160994,0.042355806045349234
2024-11-12,0.0,0.0,0.0,1,0,0,0.035955702852160994,0.042355806045349234
2024-11-13,0.0,0.0,0.0,1,0,0,0.035955702852160994,0.042355806045349234
2024-11-14,0.0,0.0,0.0,1,0,0,0.035955702852160994,0.042355806045349234
2024-11-15,0.0,0.0,0.0,1,0,0,0.035955702852160994,0.042355806045349234
2024-11-18,0.0,0.0,0.0,1,0,0,0.035955702852160994,0.042355806045349234
2024-11-19,0.0,0.0,0.0,1,0,0,0.035955702852160994,0.042355806045349234
2024-11-20,0.0,0.0,0.0,1,0,0,0.035955702852160994,0.042355806045349234
2024-11-21,0.0,0.0,0.0,1,0,0,0.035955702852160994,0.042355806045349234
2024-11-22,0.0,0.0,0.0,1,0,0,0.035955702852160994,0.042355806045349234
2024-11-25,0.0,0.0,0.0,1,0,0,0.035955702852160994,0.042355806045349234
2024-11-26,0.0,0.0,0.0,1,0,0,0.035955702852160994,0.042355806045349234
2024-11-27,0.0,0.0,0.0,1,0,0,0.035955702852160994,0.042355806045349234
2024-11-28,0.0,0.0,0.0,1,0,0,0.035955702852160994,0.042355806045349234
2024-11-29,0.0,0.0,0.0,1,0,0,0.035955702852160994,0.042355806045349234
2024-12-02,0.0,0.0,0.0,1,0,0,0.035955702852160994,0.042355806045349234
2024-12-03,0.0,0.0,0.0,1,0,0,0.035955702852160994,0.042355806045349234
2024-12-04,0.0,0.0,0.0,1,0,0,0.035955702852160994,0.042355806045349234
2024-12-05,0.0,0.0,0.0,1,0,0,0.035955702852160994,0.042355806045349234
2024-12-06,0.0,0.0,0.0,1,0,0,0.035955702852160994,0.042355806045349234
2024-12-09,0.0,0.0,0.0,1,0,0,0.035955702852160994,0.042355806045349234
2024-12-10,0.0,0.0,0.0,1,0,0,0.035955702852160994,0.042355806045349234
2024-12-11,0.0,0.0,0.0,1,0,0,0.035955702852160994,0.042355806045349234
2024-12-12,0.0,0.0002,-0.0002,1,1,1,0.035755702852160995,0.042355806045349234
2024-12-13,0.002617730061030392,0.0,0.002617730061030392,1,1,1,0.03837343291319139,0.04497353610637963
2024-12-16,0.0037024645720938904,0.0,0.0037024645720938904,1,1,1,0.04207589748528528,0.04867600067847352
2024-12-17,-0.0025051968503592807,0.0001994094215012649,-0.002704606271860546,1,0,0,0.03937129121342473,0.04617080382811424
2024-12-18,0.0,0.0,0.0,1,0,0,0.03937129121342473,0.04617080382811424
2024-12-19,0.0,0.0,0.0,1,0,0,0.03937129121342473,0.04617080382811424
2024-12-20,0.0,0.0,0.0,1,0,0,0.03937129121342473,0.04617080382811424
2024-12-23,0.0,0.0,0.0,1,0,0,0.03937129121342473,0.04617080382811424
2024-12-24,0.0,0.0,0.0,1,0,0,0.03937129121342473,0.04617080382811424
2024-12-25,0.0,0.0,0.0,1,0,0,0.03937129121342473,0.04617080382811424
2024-12-26,0.0,0.0,0.0,1,0,0,0.03937129121342473,0.04617080382811424
2024-12-27,0.0,0.0,0.0,1,0,0,0.03937129121342473,0.04617080382811424
2024-12-30,0.0,0.0,0.0,1,0,0,0.03937129121342473,0.04617080382811424
2024-12-31,0.0,0.0,0.0,1,0,0,0.03937129121342473,0.04617080382811424
2025-01-02,0.0,0.0,0.0,1,0,0,0.03937129121342473,0.04617080382811424
2025-01-03,0.0,0.0,0.0,1,0,0,0.03937129121342473,0.04617080382811424
2025-01-06,0.0,0.0,0.0,1,0,0,0.03937129121342473,0.04617080382811424
2025-01-07,0.0,0.0,0.0,1,0,0,0.03937129121342473,0.04617080382811424
2025-01-08,0.0,0.0,0.0,1,0,0,0.03937129121342473,0.04617080382811424
2025-01-09,0.0,0.0,0.0,1,0,0,0.03937129121342473,0.04617080382811424
2025-01-10,0.0,0.00020000000000000006,-0.00020000000000000006,1,1,1,0.03917129121342473,0.04617080382811424
2025-01-13,-0.002083178089333596,0.0,-0.002083178089333596,1,1,1,0.03708811312409114,0.044087625738780646
2025-01-14,0.0004208316077122454,0.0,0.0004208316077122454,1,1,1,0.037508944731803384,0.04450845734649289
2025-01-15,-0.0026709535028973993,0.0,-0.0026709535028973993,1,1,1,0.03483799122890598,0.04183750384359549
2025-01-16,0.0018615773988263592,0.0,0.0018615773988263592,1,1,1,0.03669956862773234,0.04369908124242185
2025-01-17,-0.0005782653268975094,0.0,-0.0005782653268975094,1,1,1,0.03612130330083483,0.04312081591552434
2025-01-20,-0.0019848303637863057,0.0,-0.0019848303637863057,1,1,1,0.03413647293704852,0.04113598555173803
2025-01-21,0.001296151822850363,0.0,0.001296151822850363,1,1,1,0.03543262475989889,0.0424321373745884
2025-01-22,0.0008088870603527186,0.0,0.0008088870603527186,1,1,1,0.03624151182025161,0.043241024434941114
2025-01-23,-0.0011510616158284031,0.0,-0.0011510616158284031,1,1,1,0.0350904502044232,0.04208996281911271
2025-01-24,0.0015741939878079999,0.0,0.0015741939878079999,1,1,1,0.0366646441922312,0.043664156806920706
2025-01-27,0.0026562267533327263,0.0,0.0026562267533327263,1,1,1,0.03932087094556393,0.046320383560253434
2025-01-28,0.0010097543751559637,0.0,0.0010097543751559637,1,1,1,0.04033062532071989,0.0473301379354094
2025-01-29,-0.0001903468621111419,0.0002024182138150359,-0.0003927650759261778,1,0,0,0.03993786024479371,0.04713979107329826
2025-01-30,0.0,0.0,0.0,1,0,0,0.03993786024479371,0.04713979107329826
2025-01-31,0.0,0.0,0.0,1,0,0,0.03993786024479371,0.04713979107329826
2025-02-03,0.0,0.0,0.0,1,0,0,0.03993786024479371,0.04713979107329826
2025-02-04,0.0,0.0,0.0,1,0,0,0.03993786024479371,0.04713979107329826
2025-02-05,0.0,0.0,0.0,1,0,0,0.03993786024479371,0.04713979107329826
2025-02-06,0.0,0.0,0.0,1,0,0,0.03993786024479371,0.04713979107329826
2025-02-07,0.0,0.0,0.0,1,0,0,0.03993786024479371,0.04713979107329826
2025-02-10,0.0,0.0,0.0,1,0,0,0.03993786024479371,0.04713979107329826
2025-02-11,0.0,0.0,0.0,1,0,0,0.03993786024479371,0.04713979107329826
2025-02-12,0.0,0.0,0.0,1,0,0,0.03993786024479371,0.04713979107329826
2025-02-13,0.0,0.0,0.0,1,0,0,0.03993786024479371,0.04713979107329826
2025-02-14,0.0,0.0,0.0,1,0,0,0.03993786024479371,0.04713979107329826
2025-02-17,0.0,0.0,0.0,1,0,0,0.03993786024479371,0.04713979107329826
2025-02-18,0.0,0.0,0.0,1,0,0,0.03993786024479371,0.04713979107329826
2025-02-19,0.0,0.0,0.0,1,0,0,0.03993786024479371,0.04713979107329826
2025-02-20,0.0,0.0002,-0.0002,1,1,1,0.03973786024479371,0.04713979107329826
2025-02-21,-0.0005812059189896925,0.0,-0.0005812059189896925,1,1,1,0.03915665432580402,0.046558585154308565
2025-02-24,-0.00014555664304190653,0.0,-0.00014555664304190653,1,1,1,0.03901109768276211,0.046413028511266656
2025-02-25,0.0008856292073760449,0.0,0.0008856292073760449,1,1,1,0.03989672689013816,0.0472986577186427
2025-02-26,5.620804712195291e-05,0.0,5.620804712195291e-05,1,1,1,0.03995293493726011,0.047354865765764656
2025-02-27,-0.0018224196477305147,0.0,-0.0018224196477305147,1,1,1,0.0381305152895296,0.04553244611803414
2025-02-28,-0.00013273810590902707,0.0,-0.00013273810590902707,1,1,1,0.037997777183620574,0.04539970801212512
2025-03-03,0.0005491134396661732,0.0,0.0005491134396661732,1,1,1,0.03854689062328675,0.04594882145179129
2025-03-04,-0.0014355033641332672,0.0,-0.0014355033641332672,1,1,1,0.03711138725915348,0.04451331808765802
2025-03-05,0.0017163887504590917,0.0,0.0017163887504590917,1,1,1,0.03882777600961257,0.04622970683811711
2025-03-06,0.002577426729608644,0.0,0.002577426729608644,1,1,1,0.041405202739221214,0.04880713356772576
2025-03-07,7.585324749682877e-06,0.00020576296907727062,-0.00019817764432758774,1,0,0,0.04120702509489363,0.04881471889247544
2025-03-10,0.0,0.0,0.0,1,0,0,0.04120702509489363,0.04881471889247544
2025-03-11,0.0,0.0,0.0,1,0,0,0.04120702509489363,0.04881471889247544
2025-03-12,0.0,0.0,0.0,1,0,0,0.04120702509489363,0.04881471889247544
2025-03-13,0.0,0.0,0.0,1,0,0,0.04120702509489363,0.04881471889247544
2025-03-14,0.0,0.0,0.0,1,0,0,0.04120702509489363,0.04881471889247544
2025-03-17,0.0,0.0,0.0,1,0,0,0.04120702509489363,0.04881471889247544
2025-03-18,0.0,0.0,0.0,1,0,0,0.04120702509489363,0.04881471889247544
2025-03-19,0.0,0.0,0.0,1,0,0,0.04120702509489363,0.04881471889247544
2025-03-20,0.0,0.0,0.0,1,0,0,0.04120702509489363,0.04881471889247544
2025-03-21,0.0,0.0,0.0,1,0,0,0.04120702509489363,0.04881471889247544
2025-03-24,0.0,0.0,0.0,1,0,0,0.04120702509489363,0.04881471889247544
2025-03-25,0.0,0.0,0.0,1,0,0,0.04120702509489363,0.04881471889247544
2025-03-26,0.0,0.0,0.0,1,0,0,0.04120702509489363,0.04881471889247544
2025-03-27,0.0,0.0,0.0,1,0,0,0.04120702509489363,0.04881471889247544
2025-03-28,0.0,0.0,0.0,1,0,0,0.04120702509489363,0.04881471889247544
2025-03-31,0.0,0.0,0.0,1,0,0,0.04120702509489363,0.04881471889247544
2025-04-01,0.0,0.0,0.0,1,0,0,0.04120702509489363,0.04881471889247544
2025-04-02,0.0,0.0,0.0,1,0,0,0.04120702509489363,0.04881471889247544
2025-04-03,0.0,0.0,0.0,1,0,0,0.04120702509489363,0.04881471889247544
2025-04-04,0.0,0.0,0.0,1,0,0,0.04120702509489363,0.04881471889247544
2025-04-07,0.0,0.0,0.0,1,0,0,0.04120702509489363,0.04881471889247544
2025-04-08,0.0,0.0002,-0.0002,1,1,1,0.04100702509489363,0.04881471889247544
2025-04-09,-0.0001741228399732976,0.0,-0.0001741228399732976,1,1,1,0.04083290225492033,0.04864059605250214
2025-04-10,0.0026588053653232467,0.0,0.0026588053653232467,1,1,1,0.043491707620243576,0.05129940141782539
2025-04-11,-0.005057008160067818,0.0,-0.005057008160067818,1,1,1,0.03843469946017576,0.04624239325775757
2025-04-14,0.0006366081312943095,0.0,0.0006366081312943095,1,1,1,0.039071307591470074,0.046879001389051884
2025-04-15,0.004057281586440407,0.0,0.004057281586440407,1,1,1,0.04312858917791048,0.05093628297549229
2025-04-16,0.004377697859719482,0.0,0.004377697859719482,1,1,1,0.04750628703762996,0.05531398083521177
2025-04-17,-0.00408002384186031,0.0,-0.00408002384186031,1,1,1,0.04342626319576965,0.05123395699335146
2025-04-22,0.001701282785845074,0.0,0.001701282785845074,1,1,1,0.045127545981614725,0.052935239779196536
2025-04-23,0.0018584511248538717,0.0,0.0018584511248538717,1,1,1,0.0469859971064686,0.05479369090405041
2025-04-24,0.0005887561547285785,0.00020797770699058438,0.00038077844773799416,1,0,0,0.04736677555420659,0.05538244705877899
2025-04-25,0.0,0.0,0.0,1,0,0,0.04736677555420659,0.05538244705877899
2025-04-28,0.0,0.0,0.0,1,0,0,0.04736677555420659,0.05538244705877899
2025-04-29,0.0,0.0,0.0,1,0,0,0.04736677555420659,0.05538244705877899
2025-04-30,0.0,0.0,0.0,1,0,0,0.04736677555420659,0.05538244705877899
2025-05-01,0.0,0.0,0.0,1,0,0,0.04736677555420659,0.05538244705877899
2025-05-02,0.0,0.0,0.0,1,0,0,0.04736677555420659,0.05538244705877899
2025-05-05,0.0,0.0,0.0,1,0,0,0.04736677555420659,0.05538244705877899
2025-05-06,0.0,0.0,0.0,1,0,0,0.04736677555420659,0.05538244705877899
2025-05-07,0.0,0.0,0.0,1,0,0,0.04736677555420659,0.05538244705877899
2025-05-08,0.0,0.0,0.0,1,0,0,0.04736677555420659,0.05538244705877899
2025-05-09,0.0,0.0,0.0,1,0,0,0.04736677555420659,0.05538244705877899
2025-05-12,0.0,0.0,0.0,1,0,0,0.04736677555420659,0.05538244705877899
2025-05-13,0.0,0.0,0.0,1,0,0,0.04736677555420659,0.05538244705877899
2025-05-14,0.0,0.0,0.0,1,0,0,0.04736677555420659,0.05538244705877899
2025-05-15,0.0,0.0,0.0,1,0,0,0.04736677555420659,0.05538244705877899
2025-05-16,0.0,0.0,0.0,1,0,0,0.04736677555420659,0.05538244705877899
2025-05-19,0.0,0.0,0.0,1,0,0,0.04736677555420659,0.05538244705877899
2025-05-20,0.0,0.0,0.0,1,0,0,0.04736677555420659,0.05538244705877899
2025-05-21,0.0,0.0,0.0,1,0,0,0.04736677555420659,0.05538244705877899
2025-05-22,0.0,0.0,0.0,1,0,0,0.04736677555420659,0.05538244705877899
2025-05-23,0.0,0.0,0.0,1,0,0,0.04736677555420659,0.05538244705877899
2025-05-26,0.0,0.0,0.0,1,0,0,0.04736677555420659,0.05538244705877899
2025-05-27,0.0,0.0,0.0,1,0,0,0.04736677555420659,0.05538244705877899
2025-05-28,0.0,0.0,0.0,1,0,0,0.04736677555420659,0.05538244705877899
2025-05-29,0.0,0.0,0.0,1,0,0,0.04736677555420659,0.05538244705877899
2025-05-30,0.0,0.0,0.0,1,0,0,0.04736677555420659,0.05538244705877899
2025-06-02,0.0,0.0,0.0,1,0,0,0.04736677555420659,0.05538244705877899
2025-06-03,0.0,0.0,0.0,1,0,0,0.04736677555420659,0.05538244705877899
2025-06-04,0.0,0.0,0.0,1,0,0,0.04736677555420659,0.05538244705877899
2025-06-05,0.0,0.0,0.0,1,0,0,0.04736677555420659,0.05538244705877899
2025-06-06,0.0,0.0,0.0,1,0,0,0.04736677555420659,0.05538244705877899
2025-06-09,0.0,0.0,0.0,1,0,0,0.04736677555420659,0.05538244705877899
2025-06-10,0.0,0.0,0.0,1,0,0,0.04736677555420659,0.05538244705877899
2025-06-11,0.0,0.0,0.0,1,0,0,0.04736677555420659,0.05538244705877899
2025-06-12,0.0,0.0,0.0,1,0,0,0.04736677555420659,0.05538244705877899
2025-06-13,0.0,0.0,0.0,1,0,0,0.04736677555420659,0.05538244705877899
2025-06-16,0.0,0.0,0.0,1,0,0,0.04736677555420659,0.05538244705877899
2025-06-17,0.0,0.0,0.0,1,0,0,0.04736677555420659,0.05538244705877899
2025-06-18,0.0,0.0,0.0,1,0,0,0.04736677555420659,0.05538244705877899
2025-06-19,0.0,0.0002,-0.0002,1,1,1,0.04716677555420659,0.05538244705877899
2025-06-20,0.0011534511955305514,0.0,0.0011534511955305514,1,1,1,0.04832022674973714,0.05653589825430954
2025-06-23,-0.001239884046877838,0.0,-0.001239884046877838,1,1,1,0.0470803427028593,0.0552960142074317
2025-06-24,0.0007857762668908794,0.0,0.0007857762668908794,1,1,1,0.04786611896975018,0.05608179047432258
2025-06-25,0.0023899667731314108,0.0,0.0023899667731314108,1,1,1,0.050256085742881595,0.058471757247453994
2025-06-26,0.00046111189327606916,0.0,0.00046111189327606916,1,1,1,0.05071719763615767,0.058932869140730065
2025-06-27,0.0010448903502539922,0.0,0.0010448903502539922,1,1,1,0.05176208798641166,0.05997775949098406
2025-06-30,-0.0015656516483291544,0.00020444709384548237,-0.0017700987421746367,1,0,0,0.04999198924423702,0.0584121078426549
2025-07-01,0.0,0.0,0.0,1,0,0,0.04999198924423702,0.0584121078426549
2025-07-02,0.0,0.0,0.0,1,0,0,0.04999198924423702,0.0584121078426549
2025-07-03,0.0,0.0,0.0,1,0,0,0.04999198924423702,0.0584121078426549
2025-07-04,0.0,0.00019999999999999996,-0.00019999999999999996,1,1,1,0.04979198924423702,0.0584121078426549
2025-07-07,-0.0010341692779857119,0.0,-0.0010341692779857119,1,1,1,0.04875781996625131,0.05737793856466919
2025-07-08,0.0005258936213200192,0.0,0.0005258936213200192,1,1,1,0.04928371358757133,0.05790383218598921
2025-07-09,-0.001112216607531885,0.0,-0.001112216607531885,1,1,1,0.04817149698003945,0.05679161557845733
2025-07-10,6.801565520167334e-05,0.0,6.801565520167334e-05,1,1,1,0.04823951263524112,0.056859631233659
2025-07-11,0.0005190179980490959,0.0,0.0005190179980490959,1,1,1,0.04875853063329022,0.0573786492317081
2025-07-14,-0.002720978073106049,0.0,-0.002720978073106049,1,1,1,0.04603755256018417,0.05465767115860205
2025-07-15,-0.0020879532760598044,0.0,-0.0020879532760598044,1,1,1,0.04394959928412437,0.05256971788254225
2025-07-16,0.0007993274040489795,0.0,0.0007993274040489795,1,1,1,0.044748926688173346,0.05336904528659123
2025-07-17,-0.0003419527512606784,0.0,-0.0003419527512606784,1,1,1,0.04440697393691267,0.05302709253533055
2025-07-18,0.0016371980864823678,0.0,0.0016371980864823678,1,1,1,0.04604417202339504,0.05466429062181292
2025-07-21,-0.001250069572000797,0.0,-0.001250069572000797,1,1,1,0.044794102451394244,0.053414221049812124
2025-07-22,0.000597832210050555,0.0,0.000597832210050555,1,1,1,0.0453919346614448,0.05401205325986268
2025-07-23,-0.0003684606644832752,0.0,-0.0003684606644832752,1,1,1,0.04502347399696152,0.0536435925953794
2025-07-24,0.0010461497412805464,0.0,0.0010461497412805464,1,1,1,0.04606962373824207,0.05468974233665995
2025-07-25,-0.0021537825684718433,0.0,-0.0021537825684718433,1,1,1,0.04391584116977022,0.052535959768188104
2025-07-28,-0.0028473240546936104,0.0,-0.0028473240546936104,1,1,1,0.041068517115076614,0.049688635713494494
2025-07-29,0.0027302981899290425,0.0,0.0027302981899290425,1,1,1,0.04379881530500566,0.05241893390342354
2025-07-30,0.001453277945378175,0.0,0.001453277945378175,1,1,1,0.04525209325038383,0.05387221184880171
2025-07-31,0.0006586409253276472,0.0,0.0006586409253276472,1,1,1,0.04591073417571148,0.05453085277412936
2025-08-01,-0.0017386578243365953,0.0,-0.0017386578243365953,1,1,1,0.044172076351374885,0.052792194949792766
2025-08-04,-0.0028617432672381595,0.0,-0.0028617432672381595,1,1,1,0.04131033308413672,0.049930451682554604
2025-08-05,0.0004057854797007838,0.0,0.0004057854797007838,1,1,1,0.04171611856383751,0.05033623716225539
2025-08-06,0.000265931644594503,0.0,0.000265931644594503,1,1,1,0.04198205020843201,0.05060216880684989
2025-08-07,-0.0007748178702073633,0.0,-0.0007748178702073633,1,1,1,0.041207232338224646,0.04982735093664253
2025-08-08,0.0033107361052365555,0.0,0.0033107361052365555,1,1,1,0.0445179684434612,0.053138087041879084
2025-08-11,0.0007913946566135684,0.00019724548407691253,0.0005941491725366558,1,0,0,0.04511211761599786,0.053929481698492654
2025-08-12,0.0,0.0,0.0,1,0,0,0.04511211761599786,0.053929481698492654
2025-08-13,0.0,0.0,0.0,1,0,0,0.04511211761599786,0.053929481698492654
2025-08-14,0.0,0.0,0.0,1,0,0,0.04511211761599786,0.053929481698492654
2025-08-15,0.0,0.0,0.0,1,0,0,0.04511211761599786,0.053929481698492654
2025-08-18,0.0,0.0,0.0,1,0,0,0.04511211761599786,0.053929481698492654
2025-08-19,0.0,0.0,0.0,1,0,0,0.04511211761599786,0.053929481698492654
2025-08-20,0.0,0.0,0.0,1,0,0,0.04511211761599786,0.053929481698492654
2025-08-21,0.0,0.0,0.0,1,0,0,0.04511211761599786,0.053929481698492654
2025-08-22,0.0,0.0,0.0,1,0,0,0.04511211761599786,0.053929481698492654
2025-08-25,0.0,0.0,0.0,1,0,0,0.04511211761599786,0.053929481698492654
2025-08-26,0.0,0.0,0.0,1,0,0,0.04511211761599786,0.053929481698492654
2025-08-27,0.0,0.0,0.0,1,0,0,0.04511211761599786,0.053929481698492654
2025-08-28,0.0,0.0,0.0,1,0,0,0.04511211761599786,0.053929481698492654
2025-08-29,0.0,0.0,0.0,1,0,0,0.04511211761599786,0.053929481698492654
2025-09-01,0.0,0.0,0.0,1,0,0,0.04511211761599786,0.053929481698492654
2025-09-02,0.0,0.0,0.0,1,0,0,0.04511211761599786,0.053929481698492654
2025-09-03,0.0,0.0,0.0,1,0,0,0.04511211761599786,0.053929481698492654
2025-09-04,0.0,0.0,0.0,1,0,0,0.04511211761599786,0.053929481698492654
2025-09-05,0.0,0.0,0.0,1,0,0,0.04511211761599786,0.053929481698492654
2025-09-08,0.0,0.0,0.0,1,0,0,0.04511211761599786,0.053929481698492654
2025-09-09,0.0,0.0,0.0,1,0,0,0.04511211761599786,0.053929481698492654
2025-09-10,0.0,0.0,0.0,1,0,0,0.04511211761599786,0.053929481698492654
2025-09-11,0.0,0.0,0.0,1,0,0,0.04511211761599786,0.053929481698492654
2025-09-12,0.0,0.0,0.0,1,0,0,0.04511211761599786,0.053929481698492654
2025-09-15,0.0,0.0,0.0,1,0,0,0.04511211761599786,0.053929481698492654
2025-09-16,0.0,0.0,0.0,1,0,0,0.04511211761599786,0.053929481698492654
2025-09-17,0.0,0.0,0.0,1,0,0,0.04511211761599786,0.053929481698492654
2025-09-18,0.0,0.0,0.0,1,0,0,0.04511211761599786,0.053929481698492654
2025-09-19,0.0,0.0,0.0,1,0,0,0.04511211761599786,0.053929481698492654
2025-09-22,0.0,0.0,0.0,1,0,0,0.04511211761599786,0.053929481698492654
2025-09-23,0.0,0.0002,-0.0002,1,1,1,0.04491211761599786,0.053929481698492654
2025-09-24,-0.00011625635653219615,0.0,-0.00011625635653219615,1,1,1,0.044795861259465664,0.05381322534196046
2025-09-25,-0.0003169534533098077,0.0,-0.0003169534533098077,1,1,1,0.044478907806155855,0.05349627188865065
2025-09-26,-0.0016536103672104003,0.0,-0.0016536103672104003,1,1,1,0.042825297438945455,0.05184266152144025
2025-09-29,0.0012208307825074072,0.0,0.0012208307825074072,1,1,1,0.04404612822145286,0.053063492303947656
2025-09-30,0.00031176034113302776,0.0,0.00031176034113302776,1,1,1,0.044357888562585886,0.05337525264508068
2025-10-01,8.523683590652597e-05,0.0,8.523683590652597e-05,1,1,1,0.04444312539849241,0.05346048948098721
2025-10-02,0.0015756548168001073,0.0,0.0015756548168001073,1,1,1,0.04601878021529252,0.05503614429778732
2025-10-03,-0.0010366853768363792,0.0,-0.0010366853768363792,1,1,1,0.044982094838456145,0.05399945892095094
2025-10-06,-4.8221097166061856e-05,0.0,-4.8221097166061856e-05,1,1,1,0.044933873741290084,0.05395123782378488
2025-10-07,0.0021770188878576487,0.0,0.0021770188878576487,1,1,1,0.047110892629147735,0.05612825671164253
2025-10-08,-0.0005143014907525601,0.0001981225372976506,-0.0007124240280502107,1,0,0,0.046398468601097524,0.05561395522088997
2025-10-09,0.0,0.0,0.0,1,0,0,0.046398468601097524,0.05561395522088997
2025-10-10,0.0,0.0,0.0,1,0,0,0.046398468601097524,0.05561395522088997
2025-10-13,0.0,0.0,0.0,1,0,0,0.046398468601097524,0.05561395522088997
2025-10-14,0.0,0.0,0.0,1,0,0,0.046398468601097524,0.05561395522088997
2025-10-15,0.0,0.0,0.0,1,0,0,0.046398468601097524,0.05561395522088997
2025-10-16,0.0,0.0,0.0,1,0,0,0.046398468601097524,0.05561395522088997
2025-10-17,0.0,0.0,0.0,1,0,0,0.046398468601097524,0.05561395522088997
2025-10-20,0.0,0.0,0.0,1,0,0,0.046398468601097524,0.05561395522088997
2025-10-21,0.0,0.0,0.0,1,0,0,0.046398468601097524,0.05561395522088997
2025-10-22,0.0,0.0,0.0,1,0,0,0.046398468601097524,0.05561395522088997
2025-10-23,0.0,0.0,0.0,1,0,0,0.046398468601097524,0.05561395522088997
2025-10-24,0.0,0.0,0.0,1,0,0,0.046398468601097524,0.05561395522088997
2025-10-27,0.0,0.0,0.0,1,0,0,0.046398468601097524,0.05561395522088997
2025-10-28,0.0,0.0,0.0,1,0,0,0.046398468601097524,0.05561395522088997
2025-10-29,0.0,0.0,0.0,1,0,0,0.046398468601097524,0.05561395522088997
2025-10-30,0.0,0.00020000000000000006,-0.00020000000000000006,1,1,1,0.046198468601097525,0.05561395522088997
2025-10-31,-0.00032709300238059884,0.0,-0.00032709300238059884,1,1,1,0.04587137559871693,0.055286862218509376
2025-11-03,0.0006942398728169994,0.0,0.0006942398728169994,1,1,1,0.04656561547153393,0.055981102091326375
2025-11-04,0.00036504508951418733,0.0,0.00036504508951418733,1,1,1,0.04693066056104812,0.056346147180840564
2025-11-05,-0.0034558556075092793,0.0,-0.0034558556075092793,1,1,1,0.04347480495353884,0.052890291573331284
2025-11-06,0.0008601104607282577,0.0,0.0008601104607282577,1,1,1,0.044334915414267095,0.05375040203405954
2025-11-07,0.0016739221103631856,0.0,0.0016739221103631856,1,1,1,0.04600883752463028,0.05542432414442273
2025-11-10,0.00027809605875718204,0.0,0.00027809605875718204,1,1,1,0.046286933583387466,0.05570242020317991
2025-11-11,0.0007531696670108537,0.0,0.0007531696670108537,1,1,1,0.04704010325039832,0.05645558987019077
2025-11-12,-0.0020090627727072704,0.0,-0.0020090627727072704,1,1,1,0.04503104047769105,0.054446527097483495
2025-11-13,-0.001229253549852645,0.0,-0.001229253549852645,1,1,1,0.043801786927838406,0.05321727354763085
2025-11-14,-0.0005160304437436618,0.0,-0.0005160304437436618,1,1,1,0.043285756484094745,0.05270124310388719
2025-11-17,0.0009745595119901235,0.0,0.0009745595119901235,1,1,1,0.04426031599608487,0.053675802615877316
2025-11-18,0.0007891865724251667,0.0,0.0007891865724251667,1,1,1,0.045049502568510036,0.05446498918830248
2025-11-19,6.053976960758716e-07,0.0,6.053976960758716e-07,1,1,1,0.045050107966206114,0.05446559458599856
2025-11-20,-0.0020238110492828395,0.0,-0.0020238110492828395,1,1,1,0.04302629691692327,0.05244178353671572
2025-11-21,0.0012019556472426334,0.0,0.0012019556472426334,1,1,1,0.044228252564165904,0.05364373918395835
2025-11-24,0.0015202399623500782,0.0,0.0015202399623500782,1,1,1,0.045748492526515985,0.05516397914630843
2025-11-25,-7.132392782587812e-05,0.0,-7.132392782587812e-05,1,1,1,0.04567716859869011,0.055092655218482556
2025-11-26,0.00047189169876704043,0.0,0.00047189169876704043,1,1,1,0.04614906029745715,0.055564546917249595
2025-11-27,0.002172036271615596,0.00020040581289298187,0.001971630458722614,1,0,0,0.048120690756179765,0.05773658318886519
2025-11-28,0.0,0.0,0.0,1,0,0,0.048120690756179765,0.05773658318886519
2025-12-01,0.0,0.0,0.0,1,0,0,0.048120690756179765,0.05773658318886519
2025-12-02,0.0,0.0,0.0,1,0,0,0.048120690756179765,0.05773658318886519
2025-12-03,0.0,0.0,0.0,1,0,0,0.048120690756179765,0.05773658318886519
2025-12-04,0.0,0.0,0.0,1,0,0,0.048120690756179765,0.05773658318886519
2025-12-05,0.0,0.0,0.0,1,0,0,0.048120690756179765,0.05773658318886519
2025-12-08,0.0,0.0,0.0,1,0,0,0.048120690756179765,0.05773658318886519
2025-12-09,0.0,0.0,0.0,1,0,0,0.048120690756179765,0.05773658318886519
2025-12-10,0.0,0.0,0.0,1,0,0,0.048120690756179765,0.05773658318886519
2025-12-11,0.0,0.0,0.0,1,0,0,0.048120690756179765,0.05773658318886519
2025-12-12,0.0,0.0,0.0,1,0,0,0.048120690756179765,0.05773658318886519
2025-12-15,0.0,0.0,0.0,1,0,0,0.048120690756179765,0.05773658318886519
2025-12-16,0.0,0.0,0.0,1,0,0,0.048120690756179765,0.05773658318886519
2025-12-17,0.0,0.0,0.0,1,0,0,0.048120690756179765,0.05773658318886519
2025-12-18,0.0,0.0,0.0,1,0,0,0.048120690756179765,0.05773658318886519
2025-12-19,0.0,0.0,0.0,1,0,0,0.048120690756179765,0.05773658318886519
2025-12-22,0.0,0.0,0.0,1,0,0,0.048120690756179765,0.05773658318886519
2025-12-23,0.0,0.0,0.0,1,0,0,0.048120690756179765,0.05773658318886519
2025-12-24,0.0,0.0,0.0,1,0,0,0.048120690756179765,0.05773658318886519
2025-12-26,0.0,0.0,0.0,1,0,0,0.048120690756179765,0.05773658318886519
2025-12-29,0.0,0.0,0.0,1,0,0,0.048120690756179765,0.05773658318886519
2025-12-30,0.0,0.0,0.0,1,0,0,0.048120690756179765,0.05773658318886519
2025-12-31,0.0,0.0,0.0,1,0,0,0.048120690756179765,0.05773658318886519
2026-01-02,0.0,0.0,0.0,1,0,0,0.048120690756179765,0.05773658318886519
2026-01-05,0.0,0.0,0.0,1,0,0,0.048120690756179765,0.05773658318886519
2026-01-06,0.0,0.0,0.0,1,0,0,0.048120690756179765,0.05773658318886519
2026-01-07,0.0,0.0002,-0.0002,1,1,1,0.04792069075617977,0.05773658318886519
2026-01-08,0.0012635518837500917,0.0,0.0012635518837500917,1,1,1,0.049184242639929855,0.05900013507261528
2026-01-09,0.00015910383400721297,0.0,0.00015910383400721297,1,1,1,0.049343346473937066,0.05915923890662249
2026-01-12,0.0005061929558664506,0.0,0.0005061929558664506,1,1,1,0.04984953942980352,0.05966543186248894
2026-01-13,-0.0012990406429340038,0.0,-0.0012990406429340038,1,1,1,0.04855049878686951,0.05836639121955493
2026-01-14,0.0006726251058825802,0.0,0.0006726251058825802,1,1,1,0.049223123892752095,0.05903901632543752
2026-01-15,-0.0005100631466053629,0.0,-0.0005100631466053629,1,1,1,0.04871306074614673,0.05852895317883215
2026-01-16,0.0011093966509230489,0.0,0.0011093966509230489,1,1,1,0.04982245739706978,0.0596383498297552
2026-01-19,-0.0003408841353157915,0.0,-0.0003408841353157915,1,1,1,0.04948157326175399,0.05929746569443941
2026-01-20,-3.833193358256874e-05,0.0,-3.833193358256874e-05,1,1,1,0.04944324132817142,0.05925913376085684
2026-01-21,0.0024410396656568654,0.0,0.0024410396656568654,1,1,1,0.05188428099382829,0.06170017342651371
2026-01-22,-0.0012007188824188497,0.000199215282753429,-0.0013999341651722787,1,0,0,0.05048434682865601,0.06049945454409486
2026-01-23,0.0,0.0,0.0,1,0,0,0.05048434682865601,0.06049945454409486
2026-01-26,0.0,0.0,0.0,1,0,0,0.05048434682865601,0.06049945454409486
2026-01-27,0.0,0.0,0.0,1,0,0,0.05048434682865601,0.06049945454409486
2026-01-28,0.0,0.0,0.0,1,0,0,0.05048434682865601,0.06049945454409486
2026-01-29,0.0,0.0,0.0,1,0,0,0.05048434682865601,0.06049945454409486
2026-01-30,0.0,0.00020000000000000006,-0.00020000000000000006,1,1,1,0.05028434682865601,0.06049945454409486
2026-02-02,0.0007985938584340792,0.0,0.0007985938584340792,1,1,1,0.05108294068709009,0.06129804840252894
2026-02-03,-0.001632368454952178,0.0,-0.001632368454952178,1,1,1,0.04945057223213792,0.059665679947576766
2026-02-04,-0.00033342552014094164,0.0,-0.00033342552014094164,1,1,1,0.049117146711996976,0.059332254427435824
2026-02-05,0.0015911691015549297,0.0,0.0015911691015549297,1,1,1,0.0507083158135519,0.06092342352899075
2026-02-06,0.0041014323007350535,0.0,0.0041014323007350535,1,1,1,0.05480974811428696,0.06502485582972581
2026-02-09,-0.0017699131799489847,0.00019737100336366008,-0.0019672841833126447,1,0,0,0.05284246393097432,0.06325494264977682
2026-02-10,0.0,0.0,0.0,1,0,0,0.05284246393097432,0.06325494264977682
2026-02-11,0.0,0.0,0.0,1,0,0,0.05284246393097432,0.06325494264977682
2026-02-12,0.0,0.0,0.0,1,0,0,0.05284246393097432,0.06325494264977682
2026-02-13,0.0,0.0,0.0,1,0,0,0.05284246393097432,0.06325494264977682
2026-02-16,0.0,0.0,0.0,1,0,0,0.05284246393097432,0.06325494264977682
2026-02-17,0.0,0.0,0.0,1,0,0,0.05284246393097432,0.06325494264977682
2026-02-18,0.0,0.0,0.0,1,0,0,0.05284246393097432,0.06325494264977682
2026-02-19,0.0,0.0,0.0,1,0,0,0.05284246393097432,0.06325494264977682
2026-02-20,0.0,0.0,0.0,1,0,0,0.05284246393097432,0.06325494264977682
2026-02-23,0.0,0.0,0.0,1,0,0,0.05284246393097432,0.06325494264977682
2026-02-24,0.0,0.0,0.0,1,0,0,0.05284246393097432,0.06325494264977682
2026-02-25,0.0,0.0,0.0,1,0,0,0.05284246393097432,0.06325494264977682
2026-02-26,0.0,0.0,0.0,1,0,0,0.05284246393097432,0.06325494264977682
2026-02-27,0.0,0.0,0.0,1,0,0,0.05284246393097432,0.06325494264977682
2026-03-02,0.0,0.0,0.0,1,0,0,0.05284246393097432,0.06325494264977682
2026-03-03,0.0,0.0,0.0,1,0,0,0.05284246393097432,0.06325494264977682
2026-03-04,0.0,0.0,0.0,1,0,0,0.05284246393097432,0.06325494264977682
2026-03-05,0.0,0.0,0.0,1,0,0,0.05284246393097432,0.06325494264977682
2026-03-06,0.0,0.0,0.0,1,0,0,0.05284246393097432,0.06325494264977682
2026-03-09,0.0,0.0,0.0,1,0,0,0.05284246393097432,0.06325494264977682
2026-03-10,0.0,0.0,0.0,1,0,0,0.05284246393097432,0.06325494264977682
2026-03-11,0.0,0.0,0.0,1,0,0,0.05284246393097432,0.06325494264977682
2026-03-12,0.0,0.0,0.0,1,0,0,0.05284246393097432,0.06325494264977682
2026-03-13,0.0,0.0,0.0,1,0,0,0.05284246393097432,0.06325494264977682
2026-03-16,0.0,0.0,0.0,1,0,0,0.05284246393097432,0.06325494264977682
2026-03-17,0.0,0.0,0.0,1,0,0,0.05284246393097432,0.06325494264977682
2026-03-18,0.0,0.0,0.0,1,0,0,0.05284246393097432,0.06325494264977682
2026-03-19,0.0,0.0,0.0,1,0,0,0.05284246393097432,0.06325494264977682
2026-03-20,0.0,0.0,0.0,1,0,0,0.05284246393097432,0.06325494264977682
2026-03-23,0.0,0.0,0.0,1,0,0,0.05284246393097432,0.06325494264977682
2026-03-24,0.0,0.0,0.0,1,0,0,0.05284246393097432,0.06325494264977682
2026-03-25,0.0,0.0,0.0,1,0,0,0.05284246393097432,0.06325494264977682
2026-03-26,0.0,0.0,0.0,1,0,0,0.05284246393097432,0.06325494264977682
2026-03-27,0.0,0.0,0.0,1,0,0,0.05284246393097432,0.06325494264977682
2026-03-30,0.0,0.0,0.0,1,0,0,0.05284246393097432,0.06325494264977682
2026-03-31,0.0,0.0,0.0,1,0,0,0.05284246393097432,0.06325494264977682
2026-04-01,0.0,0.0,0.0,1,0,0,0.05284246393097432,0.06325494264977682
2026-04-02,0.0,0.0,0.0,1,0,0,0.05284246393097432,0.06325494264977682
2026-04-03,0.0,0.0,0.0,1,0,0,0.05284246393097432,0.06325494264977682
2026-04-06,0.0,0.0,0.0,1,0,0,0.05284246393097432,0.06325494264977682
2026-04-07,0.0,0.0,0.0,1,0,0,0.05284246393097432,0.06325494264977682
2026-04-08,0.0,0.0,0.0,1,0,0,0.05284246393097432,0.06325494264977682
2026-04-09,0.0,0.0,0.0,1,0,0,0.05284246393097432,0.06325494264977682
2026-04-10,0.0,0.0,0.0,1,0,0,0.05284246393097432,0.06325494264977682
2026-04-13,0.0,0.0,0.0,1,0,0,0.05284246393097432,0.06325494264977682
2026-04-14,0.0,0.0,0.0,1,0,0,0.05284246393097432,0.06325494264977682
2026-04-15,0.0,0.0,0.0,1,0,0,0.05284246393097432,0.06325494264977682
2026-04-16,0.0,0.0,0.0,1,0,0,0.05284246393097432,0.06325494264977682
2026-04-17,0.0,0.0,0.0,1,0,0,0.05284246393097432,0.06325494264977682
2026-04-20,0.0,0.0,0.0,1,0,0,0.05284246393097432,0.06325494264977682
2026-04-21,0.0,0.0,0.0,1,0,0,0.05284246393097432,0.06325494264977682
2026-04-22,0.0,0.0,0.0,1,0,0,0.05284246393097432,0.06325494264977682
2026-04-23,0.0,0.0,0.0,1,0,0,0.05284246393097432,0.06325494264977682
2026-04-24,0.0,0.0,0.0,1,0,0,0.05284246393097432,0.06325494264977682
2026-04-27,0.0,0.0,0.0,1,0,0,0.05284246393097432,0.06325494264977682
2026-04-28,0.0,0.0,0.0,1,0,0,0.05284246393097432,0.06325494264977682
2026-04-29,0.0,0.0,0.0,1,0,0,0.05284246393097432,0.06325494264977682
2026-04-30,0.0,0.0,0.0,1,0,0,0.05284246393097432,0.06325494264977682
2026-05-01,0.0,0.0,0.0,1,0,0,0.05284246393097432,0.06325494264977682
2026-05-04,0.0,0.0002,-0.0002,1,1,1,0.05264246393097432,0.06325494264977682
2026-05-05,0.0007381238900826691,0.0,0.0007381238900826691,1,1,1,0.053380587821056986,0.06399306653985949
2026-05-06,-0.0006271274642467061,0.0,-0.0006271274642467061,1,1,1,0.05275346035681028,0.06336593907561279
2026-05-07,0.0002514580712317103,0.0,0.0002514580712317103,1,1,1,0.05300491842804199,0.0636173971468445
2026-05-08,0.0008813721759281698,0.0,0.0008813721759281698,1,1,1,0.05388629060397016,0.06449876932277267
2026-05-11,-0.00019261595616677438,0.0,-0.00019261595616677438,1,1,1,0.05369367464780339,0.06430615336660589
2026-05-12,9.738941792522841e-06,0.0,9.738941792522841e-06,1,1,1,0.05370341358959591,0.06431589230839842
2026-05-13,0.0010929157786103835,0.0,0.0010929157786103835,1,1,1,0.0547963293682063,0.0654088080870088
2026-05-14,-0.00029440808696519955,0.00019946817251108545,-0.0004938762594762849,1,0,0,0.05430245310873001,0.0651144000000436
2026-05-15,0.0,0.0,0.0,1,0,0,0.05430245310873001,0.0651144000000436
2026-05-18,0.0,0.0,0.0,1,0,0,0.05430245310873001,0.0651144000000436
2026-05-19,0.0,0.0,0.0,1,0,0,0.05430245310873001,0.0651144000000436
2026-05-20,0.0,0.0,0.0,1,0,0,0.05430245310873001,0.0651144000000436
2026-05-21,0.0,0.0,0.0,1,0,0,0.05430245310873001,0.0651144000000436
2026-05-22,0.0,0.0,0.0,1,0,0,0.05430245310873001,0.0651144000000436
2026-05-25,0.0,0.0,0.0,1,0,0,0.05430245310873001,0.0651144000000436
2026-05-26,0.0,0.0,0.0,1,0,0,0.05430245310873001,0.0651144000000436
2026-05-27,0.0,0.0,0.0,1,0,0,0.05430245310873001,0.0651144000000436
2026-05-28,0.0,0.0,0.0,1,0,0,0.05430245310873001,0.0651144000000436
2026-05-29,0.0,0.0,0.0,1,0,0,0.05430245310873001,0.0651144000000436
2026-06-01,0.0,0.0,0.0,1,0,0,0.05430245310873001,0.0651144000000436
2026-06-02,0.0,0.0,0.0,1,0,0,0.05430245310873001,0.0651144000000436
2026-06-03,0.0,0.0,0.0,1,0,0,0.05430245310873001,0.0651144000000436
2026-06-04,0.0,0.0,0.0,1,0,0,0.05430245310873001,0.0651144000000436
2026-06-05,0.0,0.0,0.0,1,0,0,0.05430245310873001,0.0651144000000436
2026-06-08,0.0,0.0,0.0,1,0,0,0.05430245310873001,0.0651144000000436
2026-06-09,0.0,0.0,0.0,1,0,0,0.05430245310873001,0.0651144000000436
2026-06-10,0.0,0.0,0.0,1,0,0,0.05430245310873001,0.0651144000000436
2026-06-11,0.0,0.0,0.0,1,0,0,0.05430245310873001,0.0651144000000436
2026-06-12,0.0,0.0,0.0,1,0,0,0.05430245310873001,0.0651144000000436
2026-06-15,0.0,0.0,0.0,1,0,0,0.05430245310873001,0.0651144000000436
2026-06-16,0.0,0.0,0.0,1,0,0,0.05430245310873001,0.0651144000000436
2026-06-17,0.0,0.0,0.0,1,0,0,0.05430245310873001,0.0651144000000436
2026-06-18,0.0,0.0,0.0,1,0,0,0.05430245310873001,0.0651144000000436
2026-06-19,0.0,0.0,0.0,1,0,0,0.05430245310873001,0.0651144000000436
2026-06-22,0.0,0.0002,-0.0002,1,1,1,0.05410245310873001,0.0651144000000436
2026-06-23,0.003029931883822626,0.0,0.003029931883822626,1,1,1,0.05713238499255264,0.06814433188386623
2026-06-24,-0.00013283534567740205,0.00019928857890293573,-0.0003321239245803378,1,0,0,0.0568002610679723,0.06801149653818883
2026-06-25,0.0,0.0,0.0,1,0,0,0.0568002610679723,0.06801149653818883
2026-06-26,0.0,0.0,0.0,1,0,0,0.0568002610679723,0.06801149653818883
2026-06-29,0.0,0.0,0.0,1,0,0,0.0568002610679723,0.06801149653818883
2026-06-30,0.0,0.0,0.0,1,0,0,0.0568002610679723,0.06801149653818883
2026-07-01,0.0,0.0,0.0,1,0,0,0.0568002610679723,0.06801149653818883
2026-07-02,0.0,0.0,0.0,1,0,0,0.0568002610679723,0.06801149653818883
2026-07-03,0.0,0.0002,-0.0002,1,1,1,0.0566002610679723,0.06801149653818883
2026-07-06,-2.258420986614711e-05,0.0,-2.258420986614711e-05,1,1,1,0.056577676858106156,0.06798891232832269
2026-07-07,-0.0017200192351971687,0.0,-0.0017200192351971687,1,1,1,0.054857657622908985,0.06626889309312552
2026-07-08,0.000585633660392547,0.0,0.000585633660392547,1,1,1,0.055443291283301534,0.06685452675351806
2026-07-09,-0.001277139966743092,0.0,-0.001277139966743092,1,1,1,0.05416615131655844,0.06557738678677497
2026-07-10,-0.00037427817224585915,0.0,-0.00037427817224585915,1,1,1,0.05379187314431258,0.0652031086145291
2026-07-13,8.570819903937058e-05,0.0,8.570819903937058e-05,1,1,1,0.05387758134335195,0.06528881681356848
2026-07-14,0.000854626714997684,0.0,0.000854626714997684,1,1,1,0.054732208058349635,0.06614344352856616
2026-07-15,-0.0005028242206419548,0.0,-0.0005028242206419548,1,1,1,0.05422938383770768,0.06564061930792421
2026-07-16,-0.004279051578292329,0.0,-0.004279051578292329,1,1,1,0.04995033225941535,0.06136156772963188
2026-07-17,0.0016248178193294584,0.0,0.0016248178193294584,1,1,1,0.05157515007874481,0.06298638554896134
2026-07-20,0.0007099802856857165,0.0,0.0007099802856857165,1,1,1,0.052285130364430527,0.06369636583464705
2026-07-21,0.0002449259573004182,0.0,0.0002449259573004182,1,1,1,0.052530056321730946,0.06394129179194746
2026-07-22,0.001645049372845297,0.0,0.001645049372845297,1,1,1,0.054175105694576245,0.06558634116479276
2026-07-23,0.000471563831792428,0.0,0.000471563831792428,1,1,1,0.05464666952636867,0.06605790499658519
2026-07-24,0.0012693515637150164,0.0,0.0012693515637150164,1,1,1,0.05591602109008369,0.06732725656030021
2026-07-27,-0.0009147918350248335,0.00019989148132698096,-0.0011146833163518145,1,0,0,0.054801337773731876,0.06641246472527537
2026-07-28,0.0,0.0,0.0,1,0,0,0.054801337773731876,0.06641246472527537
2026-07-29,0.0,0.0,0.0,1,0,0,0.054801337773731876,0.06641246472527537
2026-07-30,0.0,0.0,0.0,1,0,0,0.054801337773731876,0.06641246472527537
2026-07-31,0.0,0.0,0.0,1,0,0,0.054801337773731876,0.06641246472527537
2026-08-03,0.0,0.0,0.0,1,0,0,0.054801337773731876,0.06641246472527537
2026-08-04,0.0,0.0,0.0,1,0,0,0.054801337773731876,0.06641246472527537
2026-08-05,0.0,0.0,0.0,1,0,0,0.054801337773731876,0.06641246472527537
2026-08-06,0.0,0.0,0.0,1,0,0,0.054801337773731876,0.06641246472527537
2026-08-07,0.0,0.0,0.0,1,0,0,0.054801337773731876,0.06641246472527537
2026-08-10,0.0,0.0,0.0,1,0,0,0.054801337773731876,0.06641246472527537
2026-08-11,0.0,0.0,0.0,1,0,0,0.054801337773731876,0.06641246472527537
2026-08-12,0.0,0.0,0.0,1,0,0,0.054801337773731876,0.06641246472527537
2026-08-13,0.0,0.0,0.0,1,0,0,0.054801337773731876,0.06641246472527537
2026-08-14,0.0,0.0,0.0,1,0,0,0.054801337773731876,0.06641246472527537
2026-08-17,0.0,0.0,0.0,1,0,0,0.054801337773731876,0.06641246472527537
2026-08-18,0.0,0.0,0.0,1,0,0,0.054801337773731876,0.06641246472527537
2026-08-19,0.0,0.0,0.0,1,0,0,0.054801337773731876,0.06641246472527537
2026-08-20,0.0,0.0,0.0,1,0,0,0.054801337773731876,0.06641246472527537
2026-08-21,0.0,0.0,0.0,1,0,0,0.054801337773731876,0.06641246472527537
2026-08-24,0.0,0.0,0.0,1,0,0,0.054801337773731876,0.06641246472527537
2026-08-25,0.0,0.0,0.0,1,0,0,0.054801337773731876,0.06641246472527537
2026-08-26,0.0,0.0,0.0,1,0,0,0.054801337773731876,0.06641246472527537
2026-08-27,0.0,0.0,0.0,1,0,0,0.054801337773731876,0.06641246472527537
2026-08-28,0.0,0.0,0.0,1,0,0,0.054801337773731876,0.06641246472527537
2026-08-31,0.0,0.0,0.0,1,0,0,0.054801337773731876,0.06641246472527537
2026-09-01,0.0,0.0,0.0,1,0,0,0.054801337773731876,0.06641246472527537
2026-09-02,0.0,0.0,0.0,1,0,0,0.054801337773731876,0.06641246472527537
2026-09-03,0.0,0.0,0.0,1,0,0,0.054801337773731876,0.06641246472527537
2026-09-04,0.0,0.0,0.0,1,0,0,0.054801337773731876,0.06641246472527537
2026-09-07,0.0,0.0,0.0,1,0,0,0.054801337773731876,0.06641246472527537
2026-09-08,0.0,0.0,0.0,1,0,0,0.054801337773731876,0.06641246472527537
2026-09-09,0.0,0.0,0.0,1,0,0,0.054801337773731876,0.06641246472527537
2026-09-10,0.0,0.0,0.0,1,0,0,0.054801337773731876,0.06641246472527537
2026-09-11,0.0,0.0,0.0,1,0,0,0.054801337773731876,0.06641246472527537
2026-09-14,0.0,0.0,0.0,1,0,0,0.054801337773731876,0.06641246472527537
2026-09-15,0.0,0.0,0.0,1,0,0,0.054801337773731876,0.06641246472527537
2026-09-16,0.0,0.0,0.0,1,0,0,0.054801337773731876,0.06641246472527537
2026-09-17,0.0,0.0,0.0,1,0,0,0.054801337773731876,0.06641246472527537
2026-09-18,0.0,0.0,0.0,1,0,0,0.054801337773731876,0.06641246472527537
2026-09-21,0.0,0.00019999999999999998,-0.00019999999999999998,1,1,1,0.05460133777373188,0.06641246472527537
2026-09-22,-0.0001594437376490071,0.0,-0.0001594437376490071,1,1,1,0.05444189403608287,0.06625302098762637
2026-09-23,-0.0005177405542565204,0.0,-0.0005177405542565204,1,1,1,0.05392415348182635,0.06573528043336985
2026-09-24,-0.0016970739321364044,0.0,-0.0016970739321364044,1,1,1,0.05222707954968995,0.06403820650123344
2026-09-25,-0.001010394348159862,0.0,-0.001010394348159862,1,1,1,0.05121668520153009,0.06302781215307358
2026-09-28,0.0006483227041987775,0.0,0.0006483227041987775,1,1,1,0.051865007905728865,0.06367613485727236
2026-09-29,0.0012499733396873043,0.0,0.0012499733396873043,1,1,1,0.05311498124541617,0.06492610819695967
2026-09-30,0.00032532661839984427,0.0,0.00032532661839984427,1,1,1,0.05344030786381602,0.06525143481535951
2026-10-01,0.0018416736454342426,0.0,0.0018416736454342426,1,1,1,0.05528198150925026,0.06709310846079375
2026-10-02,0.000272522034235998,0.0001966542071923811,7.586782704361691e-05,1,0,0,0.055357849336293875,0.06736563049502975
2026-10-05,0.0,0.0,0.0,1,0,0,0.055357849336293875,0.06736563049502975
