block_start,pair,t_stat,critical,beta,half_life,traded
2018-09-13,EURUSD=X/GBPUSD=X,-3.589420619492482,-3.348476483968522,0.8622903655110508,18.366840341319524,True
2018-12-11,EURUSD=X/GBPUSD=X,-3.149748911639485,-3.3483042835235106,0.8719118435449494,16.78521506079992,False
2019-03-08,EURUSD=X/GBPUSD=X,-3.1468439993702737,-3.3485014825017854,0.9205869113243709,19.986673003935973,False
2019-06-06,EURUSD=X/GBPUSD=X,-3.199942846591889,-3.3483042835235106,1.0091483014947782,16.868619032862536,False
2019-09-03,EURUSD=X/GBPUSD=X,-2.395578425527831,-3.3483774919999996,1.1812497499898165,17.394700853225288,False
2019-11-29,EURUSD=X/GBPUSD=X,-1.9485824503924907,-3.3483774919999996,1.137820983311247,25.087183791604968,False
2020-02-26,EURUSD=X/GBPUSD=X,-1.623819837000127,-3.3483774919999996,0.969423913502412,38.11054468912791,False
2020-05-25,EURUSD=X/GBPUSD=X,-2.459023980609705,-3.3483042835235106,0.7909748056156666,27.580554764842983,False
2020-08-20,EURUSD=X/GBPUSD=X,-2.505717945433725,-3.3483042835235106,0.7291688535922901,27.642157419305263,False
2020-11-17,EURUSD=X/GBPUSD=X,-2.8304389245358665,-3.348352991541866,0.6046882664790401,26.0774495187587,False
2021-02-12,EURUSD=X/GBPUSD=X,-2.458322437085189,-3.3483042835235106,0.7519671307260692,28.248997700832394,False
2021-05-12,EURUSD=X/GBPUSD=X,-1.9069577319308721,-3.3483042835235106,0.9668744720879178,41.74458258502586,False
2021-08-09,EURUSD=X/GBPUSD=X,-2.1067364187437505,-3.3483042835235106,1.0267111608308286,39.31881276434955,False
2021-11-04,EURUSD=X/GBPUSD=X,-1.8642347297014699,-3.3483042835235106,1.0372802526495934,47.96298411081738,False
2022-02-01,EURUSD=X/GBPUSD=X,-1.3625083147362307,-3.3484267887614716,1.1006747587137933,55.765065275574365,False
2022-04-29,EURUSD=X/GBPUSD=X,-2.138802522962676,-3.3483042835235106,0.7100922358066033,52.91122843350267,False
2022-07-27,EURUSD=X/GBPUSD=X,-1.756174676582167,-3.348402090875137,0.8117346519031235,45.76397214074717,False
2022-10-24,EURUSD=X/GBPUSD=X,-1.9436334197819487,-3.348402090875137,1.0328453308436187,33.51150916409306,False
2023-01-19,EURUSD=X/GBPUSD=X,-3.1309415392505593,-3.3483042835235106,1.193237304863338,18.398230293659065,False
2023-04-18,EURUSD=X/GBPUSD=X,-1.7400863211264812,-3.3484267887614716,1.2617332811660062,27.88887448400244,False
2023-07-14,EURUSD=X/GBPUSD=X,-2.039839135783258,-3.3484267887614716,1.3157746205310574,25.148986413347657,False
2023-10-11,EURUSD=X/GBPUSD=X,-2.086816486729839,-3.3484267887614716,1.3434351557191144,24.505884617847318,False
2024-01-08,EURUSD=X/GBPUSD=X,-2.081834042248593,-3.3484267887614716,1.257900994174156,23.26871404214821,False
2024-04-04,EURUSD=X/GBPUSD=X,-2.4323792667581414,-3.3484267887614716,1.123894551020748,17.299033876495713,False
2024-07-02,EURUSD=X/GBPUSD=X,-2.640662950471145,-3.3484267887614716,1.1807529875830585,20.579840549868955,False
2024-09-27,EURUSD=X/GBPUSD=X,-2.2120455121177427,-3.3483042835235106,1.3713343827947904,30.854854384557825,False
2024-12-25,EURUSD=X/GBPUSD=X,-1.475187639545917,-3.3483042835235106,1.1350124279452303,67.42156070044823,False
2025-03-25,EURUSD=X/GBPUSD=X,-2.3993829900182835,-3.3483042835235106,0.819447984677052,36.40917326846738,False
2025-06-24,EURUSD=X/GBPUSD=X,-2.1368986913517145,-3.3483042835235106,1.0203618326222443,38.0590587528655,False
2025-09-19,EURUSD=X/GBPUSD=X,-2.5314062513742615,-3.3483042835235106,0.9268619714289316,30.248040708469322,False
2025-12-17,EURUSD=X/GBPUSD=X,-2.693401069629602,-3.3483042835235106,0.7935607247133777,24.17960715069182,False
2026-03-18,EURUSD=X/GBPUSD=X,-3.09638217197232,-3.3483042835235106,0.7630910240363689,19.05588732599258,False
2026-06-15,EURUSD=X/GBPUSD=X,-3.645626730599056,-3.3483042835235106,0.7173212549550201,13.510716421374799,True
2026-09-10,EURUSD=X/GBPUSD=X,-3.8949795404041576,-3.3483042835235106,0.723641160808417,12.785883559782478,True
