,gross_pnl,cost,net_pnl,n_pairs,in_market,position,cum_net,cum_gross
2019-10-02,0.0,0.0,0.0,1,0,0,0.0,0.0
2019-10-03,0.0,0.0,0.0,1,0,0,0.0,0.0
2019-10-04,0.0,0.0,0.0,1,0,0,0.0,0.0
2019-10-07,0.0,0.0,0.0,1,0,0,0.0,0.0
2019-10-08,0.0,0.0,0.0,1,0,0,0.0,0.0
2019-10-09,0.0,0.0,0.0,1,0,0,0.0,0.0
2019-10-10,0.0,0.0,0.0,1,0,0,0.0,0.0
2019-10-11,0.0,0.0,0.0,1,0,0,0.0,0.0
2019-10-14,0.0,0.0,0.0,1,0,0,0.0,0.0
2019-10-15,0.0,0.0,0.0,1,0,0,0.0,0.0
2019-10-16,0.0,0.0,0.0,1,0,0,0.0,0.0
2019-10-17,0.0,0.0,0.0,1,0,0,0.0,0.0
2019-10-18,0.0,0.0002,-0.0002,1,1,1,-0.0002,0.0
2019-10-21,0.0010876266930159766,0.0,0.0010876266930159766,1,1,1,0.0008876266930159766,0.0010876266930159766
2019-10-22,-0.0027719729908568165,0.0,-0.0027719729908568165,1,1,1,-0.00188434629784084,-0.0016843462978408399
2019-10-23,-0.0010432530101057887,0.0,-0.0010432530101057887,1,1,1,-0.0029275993079466286,-0.0027275993079466285
2019-10-24,-0.005258287814621349,0.0,-0.005258287814621349,1,1,1,-0.008185887122567978,-0.007985887122567977
2019-10-25,-0.002737358265311256,0.0,-0.002737358265311256,1,1,1,-0.010923245387879234,-0.010723245387879233
2019-10-28,0.00014346498009834866,0.0,0.00014346498009834866,1,1,1,-0.010779780407780885,-0.010579780407780884
2019-10-29,-0.002975092266843775,0.0,-0.002975092266843775,1,1,1,-0.01375487267462466,-0.013554872674624659
2019-10-30,0.000972619926970628,0.0,0.000972619926970628,1,1,1,-0.012782252747654032,-0.012582252747654031
2019-10-31,-0.0009022856621734869,0.0,-0.0009022856621734869,1,1,1,-0.013684538409827519,-0.013484538409827518
2019-11-01,0.0008473054888124328,0.0,0.0008473054888124328,1,1,1,-0.012837232921015086,-0.012637232921015085
2019-11-04,-0.0013342423726624537,0.0,-0.0013342423726624537,1,1,1,-0.01417147529367754,-0.01397147529367754
2019-11-05,-0.0032778701996190266,0.0,-0.0032778701996190266,1,1,1,-0.01744934549329657,-0.017249345493296566
2019-11-06,-7.705620921697994e-05,0.0,-7.705620921697994e-05,1,1,1,-0.017526401702513548,-0.017326401702513546
2019-11-07,0.0016636568109238935,0.0,0.0016636568109238935,1,1,1,-0.015862744891589654,-0.015662744891589652
2019-11-08,-0.0012037062534014065,0.0,-0.0012037062534014065,1,1,1,-0.01706645114499106,-0.01686645114499106
2019-11-11,0.0008761879356702901,0.0,0.0008761879356702901,1,1,1,-0.01619026320932077,-0.015990263209320767
2019-11-12,-0.0016465680072812474,0.0,-0.0016465680072812474,1,1,1,-0.017836831216602015,-0.017636831216602013
2019-11-13,-0.0007920389364546569,0.0,-0.0007920389364546569,1,1,1,-0.01862887015305667,-0.018428870153056668
2019-11-14,0.0028483318917009357,0.0,0.0028483318917009357,1,1,1,-0.015780538261355736,-0.015580538261355732
2019-11-15,-9.351084897202006e-05,0.0,-9.351084897202006e-05,1,1,1,-0.015874049110327755,-0.015674049110327753
2019-11-18,-0.0022078806313475174,0.0,-0.0022078806313475174,1,1,1,-0.018081929741675273,-0.01788192974167527
2019-11-19,0.001246269199243074,0.0,0.001246269199243074,1,1,1,-0.0168356605424322,-0.016635660542432196
2019-11-20,7.698453029655536e-05,0.0,7.698453029655536e-05,1,1,1,-0.016758676012135643,-0.01655867601213564
2019-11-21,-0.00126027516952733,0.0,-0.00126027516952733,1,1,1,-0.018018951181662975,-0.017818951181662972
2019-11-22,0.0016077840937071789,0.0,0.0016077840937071789,1,1,1,-0.016411167087955796,-0.016211167087955794
2019-11-25,-0.0066158728061106505,0.0,-0.0066158728061106505,1,1,1,-0.023027039894066445,-0.022827039894066446
2019-11-26,0.0012818759630608394,0.0,0.0012818759630608394,1,1,1,-0.021745163931005604,-0.021545163931005605
2019-11-27,0.004324775680928917,0.0,0.004324775680928917,1,1,1,-0.017420388250076687,-0.017220388250076688
2019-11-28,0.0006728181245398373,0.0,0.0006728181245398373,1,1,1,-0.016747570125536848,-0.01654757012553685
2019-11-29,-0.004346335586442535,0.00020556056339952753,-0.004551896149842062,1,0,0,-0.02129946627537891,-0.020893905711979383
2019-12-02,0.0,0.0,0.0,1,0,0,-0.02129946627537891,-0.020893905711979383
2019-12-03,0.0,0.0,0.0,1,0,0,-0.02129946627537891,-0.020893905711979383
2019-12-04,0.0,0.0,0.0,1,0,0,-0.02129946627537891,-0.020893905711979383
2019-12-05,0.0,0.0,0.0,1,0,0,-0.02129946627537891,-0.020893905711979383
2019-12-06,0.0,0.0,0.0,1,0,0,-0.02129946627537891,-0.020893905711979383
2019-12-09,0.0,0.0,0.0,1,0,0,-0.02129946627537891,-0.020893905711979383
2019-12-10,0.0,0.0,0.0,1,0,0,-0.02129946627537891,-0.020893905711979383
2019-12-11,0.0,0.0,0.0,1,0,0,-0.02129946627537891,-0.020893905711979383
2019-12-12,0.0,0.0,0.0,1,0,0,-0.02129946627537891,-0.020893905711979383
2019-12-13,0.0,0.0,0.0,1,0,0,-0.02129946627537891,-0.020893905711979383
2019-12-16,0.0,0.0,0.0,1,0,0,-0.02129946627537891,-0.020893905711979383
2019-12-17,0.0,0.0,0.0,1,0,0,-0.02129946627537891,-0.020893905711979383
2019-12-18,0.0,0.0,0.0,1,0,0,-0.02129946627537891,-0.020893905711979383
2019-12-19,0.0,0.0,0.0,1,0,0,-0.02129946627537891,-0.020893905711979383
2019-12-20,0.0,0.0,0.0,1,0,0,-0.02129946627537891,-0.020893905711979383
2019-12-23,0.0,0.0,0.0,1,0,0,-0.02129946627537891,-0.020893905711979383
2019-12-24,0.0,0.0,0.0,1,0,0,-0.02129946627537891,-0.020893905711979383
2019-12-25,0.0,0.0,0.0,1,0,0,-0.02129946627537891,-0.020893905711979383
2019-12-26,0.0,0.0,0.0,1,0,0,-0.02129946627537891,-0.020893905711979383
2019-12-27,0.0,0.0,0.0,1,0,0,-0.02129946627537891,-0.020893905711979383
2019-12-30,0.0,0.0,0.0,1,0,0,-0.02129946627537891,-0.020893905711979383
2019-12-31,0.0,0.0,0.0,1,0,0,-0.02129946627537891,-0.020893905711979383
2020-01-01,0.0,0.0,0.0,1,0,0,-0.02129946627537891,-0.020893905711979383
2020-01-02,0.0,0.0,0.0,1,0,0,-0.02129946627537891,-0.020893905711979383
2020-01-03,0.0,0.0,0.0,1,0,0,-0.02129946627537891,-0.020893905711979383
2020-01-06,0.0,0.0002,-0.0002,1,1,1,-0.02149946627537891,-0.020893905711979383
2020-01-07,0.00019089100283370885,0.0,0.00019089100283370885,1,1,1,-0.0213085752725452,-0.020703014709145675
2020-01-08,-0.00219358491392682,0.0,-0.00219358491392682,1,1,1,-0.02350216018647202,-0.022896599623072493
2020-01-09,-0.00030104517939489586,0.0,-0.00030104517939489586,1,1,1,-0.023803205365866914,-0.023197644802467388
2020-01-10,0.001265134168099059,0.0,0.001265134168099059,1,1,1,-0.022538071197767854,-0.021932510634368328
2020-01-13,-0.0002369300371556657,0.0,-0.0002369300371556657,1,1,1,-0.02277500123492352,-0.022169440671523995
2020-01-14,0.0018024506268029862,0.0,0.0018024506268029862,1,1,1,-0.020972550608120536,-0.02036699004472101
2020-01-15,0.001034063582597472,0.0,0.001034063582597472,1,1,1,-0.019938487025523064,-0.019332926462123538
2020-01-16,0.007326446856785512,0.0,0.007326446856785512,1,1,1,-0.012612040168737553,-0.012006479605338027
2020-01-17,-0.00032626413116890835,0.00020061141095062683,-0.0005268755421195352,1,0,0,-0.013138915710857088,-0.012332743736506935
2020-01-20,0.0,0.0,0.0,1,0,0,-0.013138915710857088,-0.012332743736506935
2020-01-21,0.0,0.0,0.0,1,0,0,-0.013138915710857088,-0.012332743736506935
2020-01-22,0.0,0.0,0.0,1,0,0,-0.013138915710857088,-0.012332743736506935
2020-01-23,0.0,0.0,0.0,1,0,0,-0.013138915710857088,-0.012332743736506935
2020-01-24,0.0,0.0,0.0,1,0,0,-0.013138915710857088,-0.012332743736506935
2020-01-27,0.0,0.0,0.0,1,0,0,-0.013138915710857088,-0.012332743736506935
2020-01-28,0.0,0.0,0.0,1,0,0,-0.013138915710857088,-0.012332743736506935
2020-01-29,0.0,0.0,0.0,1,0,0,-0.013138915710857088,-0.012332743736506935
2020-01-30,0.0,0.0,0.0,1,0,0,-0.013138915710857088,-0.012332743736506935
2020-01-31,0.0,0.0,0.0,1,0,0,-0.013138915710857088,-0.012332743736506935
2020-02-03,0.0,0.0,0.0,1,0,0,-0.013138915710857088,-0.012332743736506935
2020-02-04,0.0,0.0,0.0,1,0,0,-0.013138915710857088,-0.012332743736506935
2020-02-05,0.0,0.0,0.0,1,0,0,-0.013138915710857088,-0.012332743736506935
2020-02-06,0.0,0.0,0.0,1,0,0,-0.013138915710857088,-0.012332743736506935
2020-02-07,0.0,0.0,0.0,1,0,0,-0.013138915710857088,-0.012332743736506935
2020-02-10,0.0,0.0,0.0,1,0,0,-0.013138915710857088,-0.012332743736506935
2020-02-11,0.0,0.0,0.0,1,0,0,-0.013138915710857088,-0.012332743736506935
2020-02-12,0.0,0.0,0.0,1,0,0,-0.013138915710857088,-0.012332743736506935
2020-02-13,0.0,0.0,0.0,1,0,0,-0.013138915710857088,-0.012332743736506935
2020-02-14,0.0,0.0,0.0,1,0,0,-0.013138915710857088,-0.012332743736506935
2020-02-17,0.0,0.0,0.0,1,0,0,-0.013138915710857088,-0.012332743736506935
2020-02-18,0.0,0.0,0.0,1,0,0,-0.013138915710857088,-0.012332743736506935
2020-02-19,0.0,0.0,0.0,1,0,0,-0.013138915710857088,-0.012332743736506935
2020-02-20,0.0,0.0,0.0,1,0,0,-0.013138915710857088,-0.012332743736506935
2020-02-21,0.0,0.0,0.0,1,0,0,-0.013138915710857088,-0.012332743736506935
2020-02-24,0.0,0.0002,-0.0002,1,1,1,-0.013338915710857088,-0.012332743736506935
2020-02-25,0.00014670764248929467,0.0,0.00014670764248929467,1,1,1,-0.013192208068367794,-0.012186036094017642
2020-02-26,0.0003484908758401421,0.0,0.0003484908758401421,1,1,1,-0.012843717192527653,-0.0118375452181775
2020-02-27,-0.0010136273086082913,0.0,-0.0010136273086082913,1,1,1,-0.013857344501135944,-0.012851172526785791
2020-02-28,0.0005337021537123103,0.0,0.0005337021537123103,1,1,1,-0.013323642347423633,-0.01231747037307348
2020-03-02,0.0012886539636824666,0.0,0.0012886539636824666,1,1,1,-0.012034988383741167,-0.011028816409391014
2020-03-03,-0.00030245662007095356,0.0,-0.00030245662007095356,1,1,1,-0.012337445003812121,-0.011331273029461969
2020-03-04,-0.0013532437820271163,0.0,-0.0013532437820271163,1,1,1,-0.013690688785839237,-0.012684516811489084
2020-03-05,-0.001335510932693127,0.0,-0.001335510932693127,1,1,1,-0.015026199718532364,-0.014020027744182212
2020-03-06,-0.0008522028219854682,0.0,-0.0008522028219854682,1,1,1,-0.01587840254051783,-0.014872230566167679
2020-03-09,-0.0009839025604251486,0.0,-0.0009839025604251486,1,1,1,-0.01686230510094298,-0.015856133126592828
2020-03-10,0.00035497057321041406,0.0,0.00035497057321041406,1,1,1,-0.016507334527732568,-0.015501162553382413
2020-03-11,0.005975382745528919,0.0,0.005975382745528919,1,1,1,-0.010531951782203649,-0.009525779807853494
2020-03-12,0.0026197643152020555,0.00019195899819835041,0.0024278053170037053,1,0,0,-0.008104146465199944,-0.0069060154926514385
2020-03-13,0.0,0.0,0.0,1,0,0,-0.008104146465199944,-0.0069060154926514385
2020-03-16,0.0,0.0,0.0,1,0,0,-0.008104146465199944,-0.0069060154926514385
2020-03-17,0.0,0.0,0.0,1,0,0,-0.008104146465199944,-0.0069060154926514385
2020-03-18,0.0,0.0,0.0,1,0,0,-0.008104146465199944,-0.0069060154926514385
2020-03-19,0.0,0.0,0.0,1,0,0,-0.008104146465199944,-0.0069060154926514385
2020-03-20,0.0,0.0,0.0,1,0,0,-0.008104146465199944,-0.0069060154926514385
2020-03-23,0.0,0.0,0.0,1,0,0,-0.008104146465199944,-0.0069060154926514385
2020-03-24,0.0,0.0002,-0.0002,1,1,1,-0.008304146465199945,-0.0069060154926514385
2020-03-25,-0.00029067108310682757,0.0,-0.00029067108310682757,1,1,1,-0.008594817548306773,-0.0071966865757582665
2020-03-26,0.0017499173230560191,0.0,0.0017499173230560191,1,1,1,-0.006844900225250753,-0.005446769252702247
2020-03-27,0.003604916072564332,0.0,0.003604916072564332,1,1,1,-0.0032399841526864212,-0.001841853180137915
2020-03-30,0.0037736516983256614,0.0,0.0037736516983256614,1,1,1,0.0005336675456392402,0.0019317985181877464
2020-03-31,-0.004450807382912535,0.0002032522711102548,-0.00465405965402279,1,0,0,-0.00412039210838355,-0.002519008864724789
2020-04-01,0.0,0.0,0.0,1,0,0,-0.00412039210838355,-0.002519008864724789
2020-04-02,0.0,0.0,0.0,1,0,0,-0.00412039210838355,-0.002519008864724789
2020-04-03,0.0,0.0,0.0,1,0,0,-0.00412039210838355,-0.002519008864724789
2020-04-06,0.0,0.0,0.0,1,0,0,-0.00412039210838355,-0.002519008864724789
2020-04-07,0.0,0.0,0.0,1,0,0,-0.00412039210838355,-0.002519008864724789
2020-04-08,0.0,0.0,0.0,1,0,0,-0.00412039210838355,-0.002519008864724789
2020-04-09,0.0,0.0,0.0,1,0,0,-0.00412039210838355,-0.002519008864724789
2020-04-10,0.0,0.0,0.0,1,0,0,-0.00412039210838355,-0.002519008864724789
2020-04-13,0.0,0.0,0.0,1,0,0,-0.00412039210838355,-0.002519008864724789
2020-04-14,0.0,0.0,0.0,1,0,0,-0.00412039210838355,-0.002519008864724789
2020-04-15,0.0,0.0,0.0,1,0,0,-0.00412039210838355,-0.002519008864724789
2020-04-16,0.0,0.0,0.0,1,0,0,-0.00412039210838355,-0.002519008864724789
2020-04-17,0.0,0.0,0.0,1,0,0,-0.00412039210838355,-0.002519008864724789
2020-04-20,0.0,0.0,0.0,1,0,0,-0.00412039210838355,-0.002519008864724789
2020-04-21,0.0,0.0,0.0,1,0,0,-0.00412039210838355,-0.002519008864724789
2020-04-22,0.0,0.0,0.0,1,0,0,-0.00412039210838355,-0.002519008864724789
2020-04-23,0.0,0.0,0.0,1,0,0,-0.00412039210838355,-0.002519008864724789
2020-04-24,0.0,0.0,0.0,1,0,0,-0.00412039210838355,-0.002519008864724789
2020-04-27,0.0,0.0,0.0,1,0,0,-0.00412039210838355,-0.002519008864724789
2020-04-28,0.0,0.0,0.0,1,0,0,-0.00412039210838355,-0.002519008864724789
2020-04-29,0.0,0.0,0.0,1,0,0,-0.00412039210838355,-0.002519008864724789
2020-04-30,0.0,0.0,0.0,1,0,0,-0.00412039210838355,-0.002519008864724789
2020-05-01,0.0,0.0,0.0,1,0,0,-0.00412039210838355,-0.002519008864724789
2020-05-04,0.0,0.0,0.0,1,0,0,-0.00412039210838355,-0.002519008864724789
2020-05-05,0.0,0.0,0.0,1,0,0,-0.00412039210838355,-0.002519008864724789
2020-05-06,0.0,0.0,0.0,1,0,0,-0.00412039210838355,-0.002519008864724789
2020-05-07,0.0,0.0,0.0,1,0,0,-0.00412039210838355,-0.002519008864724789
2020-05-08,0.0,0.0,0.0,1,0,0,-0.00412039210838355,-0.002519008864724789
2020-05-11,0.0,0.0,0.0,1,0,0,-0.00412039210838355,-0.002519008864724789
2020-05-12,0.0,0.0,0.0,1,0,0,-0.00412039210838355,-0.002519008864724789
2020-05-13,0.0,0.0,0.0,1,0,0,-0.00412039210838355,-0.002519008864724789
2020-05-14,0.0,0.0,0.0,1,0,0,-0.00412039210838355,-0.002519008864724789
2020-05-15,0.0,0.0,0.0,1,0,0,-0.00412039210838355,-0.002519008864724789
2020-05-18,0.0,0.0,0.0,1,0,0,-0.00412039210838355,-0.002519008864724789
2020-05-19,0.0,0.0,0.0,1,0,0,-0.00412039210838355,-0.002519008864724789
2020-05-20,0.0,0.0,0.0,1,0,0,-0.00412039210838355,-0.002519008864724789
2020-05-21,0.0,0.0,0.0,1,0,0,-0.00412039210838355,-0.002519008864724789
2020-05-22,0.0,0.0,0.0,1,0,0,-0.00412039210838355,-0.002519008864724789
2020-05-25,0.0,0.0,0.0,1,0,0,-0.00412039210838355,-0.002519008864724789
2020-05-26,0.0,0.0,0.0,1,0,0,-0.00412039210838355,-0.002519008864724789
2020-05-27,0.0,0.0,0.0,1,0,0,-0.00412039210838355,-0.002519008864724789
2020-05-28,0.0,0.0,0.0,1,0,0,-0.00412039210838355,-0.002519008864724789
2020-05-29,0.0,0.0,0.0,1,0,0,-0.00412039210838355,-0.002519008864724789
2020-06-01,0.0,0.0,0.0,1,0,0,-0.00412039210838355,-0.002519008864724789
2020-06-02,0.0,0.0,0.0,1,0,0,-0.00412039210838355,-0.002519008864724789
2020-06-03,0.0,0.0,0.0,1,0,0,-0.00412039210838355,-0.002519008864724789
2020-06-04,0.0,0.0,0.0,1,0,0,-0.00412039210838355,-0.002519008864724789
2020-06-05,0.0,0.0,0.0,1,0,0,-0.00412039210838355,-0.002519008864724789
2020-06-08,0.0,0.0,0.0,1,0,0,-0.00412039210838355,-0.002519008864724789
2020-06-09,0.0,0.0,0.0,1,0,0,-0.00412039210838355,-0.002519008864724789
2020-06-10,0.0,0.0,0.0,1,0,0,-0.00412039210838355,-0.002519008864724789
2020-06-11,0.0,0.0,0.0,1,0,0,-0.00412039210838355,-0.002519008864724789
2020-06-12,0.0,0.0,0.0,1,0,0,-0.00412039210838355,-0.002519008864724789
2020-06-15,0.0,0.0002,-0.0002,1,1,1,-0.00432039210838355,-0.002519008864724789
2020-06-16,-0.002287845128157739,0.0,-0.002287845128157739,1,1,1,-0.006608237236541289,-0.004806853992882528
2020-06-17,-0.0009285463596918923,0.0,-0.0009285463596918923,1,1,1,-0.007536783596233181,-0.00573540035257442
2020-06-18,-0.00015033748537879353,0.0,-0.00015033748537879353,1,1,1,-0.007687121081611974,-0.005885737837953214
2020-06-19,0.0020051886786200453,0.0,0.0020051886786200453,1,1,1,-0.005681932402991929,-0.0038805491593331687
2020-06-22,-0.0007600090847418497,0.0,-0.0007600090847418497,1,1,1,-0.006441941487733778,-0.004640558244075018
2020-06-23,0.0035493121953560805,0.0,0.0035493121953560805,1,1,1,-0.002892629292377698,-0.0010912460487189379
2020-06-24,-0.002640413540810122,0.0,-0.002640413540810122,1,1,1,-0.005533042833187819,-0.0037316595895290597
2020-06-25,0.0017794135791267401,0.0,0.0017794135791267401,1,1,1,-0.003753629254061079,-0.0019522460104023196
2020-06-26,0.00012530785586903435,0.0,0.00012530785586903435,1,1,1,-0.0036283213981920448,-0.0018269381545332852
2020-06-29,0.00027185767403137707,0.0,0.00027185767403137707,1,1,1,-0.0033564637241606677,-0.0015550804805019081
2020-06-30,-0.0012308016711342152,0.0,-0.0012308016711342152,1,1,1,-0.004587265395294883,-0.0027858821516361233
2020-07-01,0.0026195431663894077,0.0,0.0026195431663894077,1,1,1,-0.001967722228905475,-0.00016633898524671563
2020-07-02,-0.001829834931586217,0.00020475470563122326,-0.00203458963721744,1,0,0,-0.004002311866122915,-0.001996173916832933
2020-07-03,0.0,0.0,0.0,1,0,0,-0.004002311866122915,-0.001996173916832933
2020-07-06,0.0,0.0,0.0,1,0,0,-0.004002311866122915,-0.001996173916832933
2020-07-07,0.0,0.0,0.0,1,0,0,-0.004002311866122915,-0.001996173916832933
2020-07-08,0.0,0.0,0.0,1,0,0,-0.004002311866122915,-0.001996173916832933
2020-07-09,0.0,0.0,0.0,1,0,0,-0.004002311866122915,-0.001996173916832933
2020-07-10,0.0,0.0,0.0,1,0,0,-0.004002311866122915,-0.001996173916832933
2020-07-13,0.0,0.0,0.0,1,0,0,-0.004002311866122915,-0.001996173916832933
2020-07-14,0.0,0.0,0.0,1,0,0,-0.004002311866122915,-0.001996173916832933
2020-07-15,0.0,0.0,0.0,1,0,0,-0.004002311866122915,-0.001996173916832933
2020-07-16,0.0,0.0,0.0,1,0,0,-0.004002311866122915,-0.001996173916832933
2020-07-17,0.0,0.0,0.0,1,0,0,-0.004002311866122915,-0.001996173916832933
2020-07-20,0.0,0.0,0.0,1,0,0,-0.004002311866122915,-0.001996173916832933
2020-07-21,0.0,0.0,0.0,1,0,0,-0.004002311866122915,-0.001996173916832933
2020-07-22,0.0,0.0,0.0,1,0,0,-0.004002311866122915,-0.001996173916832933
2020-07-23,0.0,0.0,0.0,1,0,0,-0.004002311866122915,-0.001996173916832933
2020-07-24,0.0,0.0002,-0.0002,1,1,1,-0.004202311866122915,-0.001996173916832933
2020-07-27,-0.0039847873090483295,0.0,-0.0039847873090483295,1,1,1,-0.008187099175171245,-0.005980961225881262
2020-07-28,0.0007828576842267871,0.0,0.0007828576842267871,1,1,1,-0.0074042414909444585,-0.0051981035416544755
2020-07-29,-0.0016814403648822817,0.0,-0.0016814403648822817,1,1,1,-0.009085681855826741,-0.006879543906536757
2020-07-30,-0.0002714982658578467,0.0,-0.0002714982658578467,1,1,1,-0.009357180121684587,-0.007151042172394604
2020-07-31,0.0023598397917333532,0.0,0.0023598397917333532,1,1,1,-0.006997340329951234,-0.00479120238066125
2020-08-03,0.0002382409105503194,0.0,0.0002382409105503194,1,1,1,-0.006759099419400914,-0.0045529614701109306
2020-08-04,-0.0014905505513808004,0.0,-0.0014905505513808004,1,1,1,-0.008249649970781715,-0.006043512021491731
2020-08-05,0.00045293977737248916,0.0,0.00045293977737248916,1,1,1,-0.007796710193409226,-0.005590572244119242
2020-08-06,0.000714755841727904,0.0,0.000714755841727904,1,1,1,-0.007081954351681323,-0.004875816402391339
2020-08-07,-2.847125670843453e-05,0.0,-2.847125670843453e-05,1,1,1,-0.007110425608389757,-0.004904287659099773
2020-08-10,0.0016110287043310575,0.0,0.0016110287043310575,1,1,1,-0.0054993969040587,-0.0032932589547687158
2020-08-11,0.0020921663002740195,0.0,0.0020921663002740195,1,1,1,-0.00340723060378468,-0.0012010926544946962
2020-08-12,-0.0002441562030429295,0.00019439775560290724,-0.00043855395864583676,1,0,0,-0.0038457845624305168,-0.0014452488575376257
2020-08-13,0.0,0.0,0.0,1,0,0,-0.0038457845624305168,-0.0014452488575376257
2020-08-14,0.0,0.0,0.0,1,0,0,-0.0038457845624305168,-0.0014452488575376257
2020-08-17,0.0,0.0,0.0,1,0,0,-0.0038457845624305168,-0.0014452488575376257
2020-08-18,0.0,0.0,0.0,1,0,0,-0.0038457845624305168,-0.0014452488575376257
2020-08-19,0.0,0.0,0.0,1,0,0,-0.0038457845624305168,-0.0014452488575376257
2020-08-20,0.0,0.0,0.0,1,0,0,-0.0038457845624305168,-0.0014452488575376257
2020-08-21,0.0,0.0,0.0,1,0,0,-0.0038457845624305168,-0.0014452488575376257
2020-08-24,0.0,0.0,0.0,1,0,0,-0.0038457845624305168,-0.0014452488575376257
2020-08-25,0.0,0.0,0.0,1,0,0,-0.0038457845624305168,-0.0014452488575376257
2020-08-26,0.0,0.0,0.0,1,0,0,-0.0038457845624305168,-0.0014452488575376257
2020-08-27,0.0,0.0,0.0,1,0,0,-0.0038457845624305168,-0.0014452488575376257
2020-08-28,0.0,0.0,0.0,1,0,0,-0.0038457845624305168,-0.0014452488575376257
2020-08-31,0.0,0.0,0.0,1,0,0,-0.0038457845624305168,-0.0014452488575376257
2020-09-01,0.0,0.0,0.0,1,0,0,-0.0038457845624305168,-0.0014452488575376257
2020-09-02,0.0,0.0,0.0,1,0,0,-0.0038457845624305168,-0.0014452488575376257
2020-09-03,0.0,0.0,0.0,1,0,0,-0.0038457845624305168,-0.0014452488575376257
2020-09-04,0.0,0.0,0.0,1,0,0,-0.0038457845624305168,-0.0014452488575376257
2020-09-07,0.0,0.0,0.0,1,0,0,-0.0038457845624305168,-0.0014452488575376257
2020-09-08,0.0,0.00019999999999999996,-0.00019999999999999996,1,1,1,-0.004045784562430516,-0.0014452488575376257
2020-09-09,0.0027161866067546316,0.0,0.0027161866067546316,1,1,1,-0.0013295979556758849,0.001270937749217006
2020-09-10,0.0017345362108547695,0.0,0.0017345362108547695,1,1,1,0.0004049382551788846,0.0030054739600717754
2020-09-11,0.003541167545079841,0.00019850155740024186,0.0033426659876795994,1,0,0,0.003747604242858484,0.0065466415051516165
2020-09-14,0.0,0.0,0.0,1,0,0,0.003747604242858484,0.0065466415051516165
2020-09-15,0.0,0.0002,-0.0002,1,1,1,0.003547604242858484,0.0065466415051516165
2020-09-16,-0.004104176610072879,0.0,-0.004104176610072879,1,1,1,-0.0005565723672143947,0.002442464895078738
2020-09-17,0.0008489098115249233,0.0,0.0008489098115249233,1,1,1,0.0002923374443105286,0.003291374706603661
2020-09-18,-0.0031345420777656517,0.0,-0.0031345420777656517,1,1,1,-0.002842204633455123,0.00015683262883800942
2020-09-21,-0.0006347795194030707,0.0,-0.0006347795194030707,1,1,1,-0.003476984152858194,-0.0004779468905650613
2020-09-22,0.0035356549287456646,0.0,0.0035356549287456646,1,1,1,5.867077588747084e-05,0.0030577080381806033
2020-09-23,-0.0005987731169496448,0.0,-0.0005987731169496448,1,1,1,-0.0005401023410621739,0.0024589349212309586
2020-09-24,4.7560609125221276e-05,0.0,4.7560609125221276e-05,1,1,1,-0.0004925417319369527,0.00250649553035618
2020-09-25,0.002606586767928536,0.0,0.002606586767928536,1,1,1,0.002114045035991583,0.005113082298284716
2020-09-28,-0.0005075577242486468,0.0,-0.0005075577242486468,1,1,1,0.0016064873117429363,0.004605524574036069
2020-09-29,0.0011654751873801266,0.0,0.0011654751873801266,1,1,1,0.002771962499123063,0.005770999761416196
2020-09-30,-0.0015511284923796858,0.0,-0.0015511284923796858,1,1,1,0.0012208340067433772,0.00421987126903651
2020-10-01,-0.0006292843815424547,0.0,-0.0006292843815424547,1,1,1,0.0005915496252009225,0.0035905868874940555
2020-10-02,0.0003516854979993946,0.0,0.0003516854979993946,1,1,1,0.0009432351232003171,0.00394227238549345
2020-10-05,8.239529227301121e-05,0.0,8.239529227301121e-05,1,1,1,0.0010256304154733283,0.004024667677766461
2020-10-06,-0.0014539221083464558,0.0,-0.0014539221083464558,1,1,1,-0.0004282916928731275,0.0025707455694200052
2020-10-07,0.000519389346372412,0.0,0.000519389346372412,1,1,1,9.109765349928447e-05,0.003090134915792417
2020-10-08,0.0013153390586052838,0.0,0.0013153390586052838,1,1,1,0.0014064367121045683,0.0044054739743977014
2020-10-09,0.0013275559027821084,0.0,0.0013275559027821084,1,1,1,0.0027339926148866765,0.00573302987717981
2020-10-12,0.0001736927719381226,0.00019953526344747454,-2.5842491509351923e-05,1,0,0,0.0027081501233773247,0.005906722649117933
2020-10-13,0.0,0.0,0.0,1,0,0,0.0027081501233773247,0.005906722649117933
2020-10-14,0.0,0.0,0.0,1,0,0,0.0027081501233773247,0.005906722649117933
2020-10-15,0.0,0.0,0.0,1,0,0,0.0027081501233773247,0.005906722649117933
2020-10-16,0.0,0.0,0.0,1,0,0,0.0027081501233773247,0.005906722649117933
2020-10-19,0.0,0.0,0.0,1,0,0,0.0027081501233773247,0.005906722649117933
2020-10-20,0.0,0.0,0.0,1,0,0,0.0027081501233773247,0.005906722649117933
2020-10-21,0.0,0.0,0.0,1,0,0,0.0027081501233773247,0.005906722649117933
2020-10-22,0.0,0.0,0.0,1,0,0,0.0027081501233773247,0.005906722649117933
2020-10-23,0.0,0.0,0.0,1,0,0,0.0027081501233773247,0.005906722649117933
2020-10-26,0.0,0.0,0.0,1,0,0,0.0027081501233773247,0.005906722649117933
2020-10-27,0.0,0.0,0.0,1,0,0,0.0027081501233773247,0.005906722649117933
2020-10-28,0.0,0.0,0.0,1,0,0,0.0027081501233773247,0.005906722649117933
2020-10-29,0.0,0.0,0.0,1,0,0,0.0027081501233773247,0.005906722649117933
2020-10-30,0.0,0.0,0.0,1,0,0,0.0027081501233773247,0.005906722649117933
2020-11-02,0.0,0.0,0.0,1,0,0,0.0027081501233773247,0.005906722649117933
2020-11-03,0.0,0.0,0.0,1,0,0,0.0027081501233773247,0.005906722649117933
2020-11-04,0.0,0.0,0.0,1,0,0,0.0027081501233773247,0.005906722649117933
2020-11-05,0.0,0.0002,-0.0002,1,1,1,0.0025081501233773246,0.005906722649117933
2020-11-06,0.0008031323053994178,0.0,0.0008031323053994178,1,1,1,0.0033112824287767424,0.00670985495451735
2020-11-09,0.0006836055475088116,0.0,0.0006836055475088116,1,1,1,0.003994887976285554,0.007393460502026161
2020-11-10,0.0017796408323223066,0.0,0.0017796408323223066,1,1,1,0.0057745288086078605,0.009173101334348469
2020-11-11,-0.001975908158331972,0.00020254129168028492,-0.002178449450012257,1,0,0,0.0035960793585956036,0.007197193176016497
2020-11-12,0.0,0.0,0.0,1,0,0,0.0035960793585956036,0.007197193176016497
2020-11-13,0.0,0.0,0.0,1,0,0,0.0035960793585956036,0.007197193176016497
2020-11-16,0.0,0.0,0.0,1,0,0,0.0035960793585956036,0.007197193176016497
2020-11-17,0.0,0.0,0.0,1,0,0,0.0035960793585956036,0.007197193176016497
2020-11-18,0.0,0.0,0.0,1,0,0,0.0035960793585956036,0.007197193176016497
2020-11-19,0.0,0.0,0.0,1,0,0,0.0035960793585956036,0.007197193176016497
2020-11-20,0.0,0.0,0.0,1,0,0,0.0035960793585956036,0.007197193176016497
2020-11-23,0.0,0.0,0.0,1,0,0,0.0035960793585956036,0.007197193176016497
2020-11-24,0.0,0.0,0.0,1,0,0,0.0035960793585956036,0.007197193176016497
2020-11-25,0.0,0.00019999999999999998,-0.00019999999999999998,1,1,1,0.0033960793585956035,0.007197193176016497
2020-11-26,0.00038172123992394986,0.0,0.00038172123992394986,1,1,1,0.0037778005985195534,0.007578914415940446
2020-11-27,0.0036979407466457455,0.0,0.0036979407466457455,1,1,1,0.007475741345165298,0.011276855162586192
2020-11-30,0.0007730715910247666,0.00019747816634700253,0.0005755934246777641,1,0,0,0.008051334769843063,0.012049926753610957
2020-12-01,0.0,0.0,0.0,1,0,0,0.008051334769843063,0.012049926753610957
2020-12-02,0.0,0.0,0.0,1,0,0,0.008051334769843063,0.012049926753610957
2020-12-03,0.0,0.0,0.0,1,0,0,0.008051334769843063,0.012049926753610957
2020-12-04,0.0,0.0,0.0,1,0,0,0.008051334769843063,0.012049926753610957
2020-12-07,0.0,0.0,0.0,1,0,0,0.008051334769843063,0.012049926753610957
2020-12-08,0.0,0.0,0.0,1,0,0,0.008051334769843063,0.012049926753610957
2020-12-09,0.0,0.0,0.0,1,0,0,0.008051334769843063,0.012049926753610957
2020-12-10,0.0,0.0,0.0,1,0,0,0.008051334769843063,0.012049926753610957
2020-12-11,0.0,0.0002,-0.0002,1,1,1,0.007851334769843062,0.012049926753610957
2020-12-14,0.0013043602146110163,0.0,0.0013043602146110163,1,1,1,0.009155694984454078,0.013354286968221973
2020-12-15,-0.002142763859097152,0.0,-0.002142763859097152,1,1,1,0.007012931125356926,0.011211523109124821
2020-12-16,-0.0013319230106407132,0.0,-0.0013319230106407132,1,1,1,0.0056810081147162135,0.009879600098484109
2020-12-17,-0.003888951314771972,0.0,-0.003888951314771972,1,1,1,0.0017920567999442417,0.005990648783712136
2020-12-18,-0.0008572177213536933,0.0,-0.0008572177213536933,1,1,1,0.0009348390785905484,0.005133431062358443
2020-12-21,-0.0024625399589736606,0.0,-0.0024625399589736606,1,1,1,-0.0015277008803831122,0.0026708911033847824
2020-12-22,0.0007473424849240681,0.0,0.0007473424849240681,1,1,1,-0.0007803583954590441,0.0034182335883088505
2020-12-23,-0.0003302541846007171,0.0,-0.0003302541846007171,1,1,1,-0.001110612580059761,0.0030879794037081336
2020-12-24,0.0011736680067155644,0.0,0.0011736680067155644,1,1,1,6.305542665580336e-05,0.004261647410423698
2020-12-25,-0.001891460474153235,0.0,-0.001891460474153235,1,1,1,-0.0018284050474974317,0.002370186936270463
2020-12-28,-0.0037183289328218423,0.0,-0.0037183289328218423,1,1,1,-0.0055467339803192735,-0.0013481419965513794
2020-12-29,-0.00023791954151482437,0.0,-0.00023791954151482437,1,1,1,-0.0057846535218340975,-0.0015860615380662037
2020-12-30,-0.0013150917503316375,0.0,-0.0013150917503316375,1,1,1,-0.0070997452721657354,-0.0029011532883978413
2020-12-31,0.0038630157827386352,0.0,0.0038630157827386352,1,1,1,-0.0032367294894271002,0.000961862494340794
2021-01-01,0.00038778894953220484,0.0,0.00038778894953220484,1,1,1,-0.0028489405398948956,0.0013496514438729988
2021-01-04,0.002928555160868368,0.0,0.002928555160868368,1,1,1,7.961462097347228e-05,0.004278206604741367
2021-01-05,0.001043209531960748,0.0,0.001043209531960748,1,1,1,0.0011228241529342203,0.005321416136702115
2021-01-06,-0.000798281078580757,0.0,-0.000798281078580757,1,1,1,0.00032454307435346333,0.004523135058121358
2021-01-07,-0.0033701427471641418,0.0,-0.0033701427471641418,1,1,1,-0.0030455996728106782,0.001152992310957216
2021-01-08,-0.000579829574446565,0.0,-0.000579829574446565,1,1,1,-0.0036254292472572432,0.000573162736510651
2021-01-11,0.0012551381154258885,0.0,0.0012551381154258885,1,1,1,-0.002370291131831355,0.0018283008519365395
2021-01-12,9.065359631376074e-05,0.0,9.065359631376074e-05,1,1,1,-0.002279637535517594,0.0019189544482503002
2021-01-13,0.0006690906170644358,0.0,0.0006690906170644358,1,1,1,-0.0016105469184531582,0.002588045065314736
2021-01-14,0.0005602292576538489,0.0,0.0005602292576538489,1,1,1,-0.0010503176607993092,0.003148274322968585
2021-01-15,-0.0029267770285183784,0.00019825867220542263,-0.003125035700723801,1,0,0,-0.00417535336152311,0.0002214972944502066
2021-01-18,0.0,0.0,0.0,1,0,0,-0.00417535336152311,0.0002214972944502066
2021-01-19,0.0,0.0,0.0,1,0,0,-0.00417535336152311,0.0002214972944502066
2021-01-20,0.0,0.0,0.0,1,0,0,-0.00417535336152311,0.0002214972944502066
2021-01-21,0.0,0.0,0.0,1,0,0,-0.00417535336152311,0.0002214972944502066
2021-01-22,0.0,0.0,0.0,1,0,0,-0.00417535336152311,0.0002214972944502066
2021-01-25,0.0,0.0,0.0,1,0,0,-0.00417535336152311,0.0002214972944502066
2021-01-26,0.0,0.0,0.0,1,0,0,-0.00417535336152311,0.0002214972944502066
2021-01-27,0.0,0.0,0.0,1,0,0,-0.00417535336152311,0.0002214972944502066
2021-01-28,0.0,0.0,0.0,1,0,0,-0.00417535336152311,0.0002214972944502066
2021-01-29,0.0,0.0,0.0,1,0,0,-0.00417535336152311,0.0002214972944502066
2021-02-01,0.0,0.0,0.0,1,0,0,-0.00417535336152311,0.0002214972944502066
2021-02-02,0.0,0.0,0.0,1,0,0,-0.00417535336152311,0.0002214972944502066
2021-02-03,0.0,0.0,0.0,1,0,0,-0.00417535336152311,0.0002214972944502066
2021-02-04,0.0,0.0,0.0,1,0,0,-0.00417535336152311,0.0002214972944502066
2021-02-05,0.0,0.0,0.0,1,0,0,-0.00417535336152311,0.0002214972944502066
2021-02-08,0.0,0.0002,-0.0002,1,1,1,-0.004375353361523109,0.0002214972944502066
2021-02-09,-0.0021356859786357315,0.0,-0.0021356859786357315,1,1,1,-0.006511039340158841,-0.001914188684185525
2021-02-10,-0.0020272482383987965,0.0,-0.0020272482383987965,1,1,1,-0.008538287578557638,-0.003941436922584321
2021-02-11,-0.004485614474326879,0.0,-0.004485614474326879,1,1,1,-0.013023902052884517,-0.0084270513969112
2021-02-12,0.004095141809298529,0.0,0.004095141809298529,1,1,1,-0.008928760243585987,-0.0043319095876126704
2021-02-15,-0.0027601304485803313,0.0,-0.0027601304485803313,1,1,1,-0.011688890692166318,-0.007092040036193002
2021-02-16,0.0008773446901883042,0.0,0.0008773446901883042,1,1,1,-0.010811546001978013,-0.006214695346004697
2021-02-17,0.0016467472628553463,0.0,0.0016467472628553463,1,1,1,-0.009164798739122668,-0.004567948083149351
2021-02-18,0.004788935376320981,0.0,0.004788935376320981,1,1,1,-0.004375863362801687,0.00022098729317162995
2021-02-19,-0.0006790163731168405,0.0,-0.0006790163731168405,1,1,1,-0.0050548797359185275,-0.0004580290799452106
2021-02-22,0.0035848469544986395,0.0,0.0035848469544986395,1,1,1,-0.001470032781419888,0.003126817874553429
2021-02-23,-0.002336276120804946,0.0001986376456479513,-0.002534913766452897,1,0,0,-0.004004946547872785,0.000790541753748483
2021-02-24,0.0,0.0,0.0,1,0,0,-0.004004946547872785,0.000790541753748483
2021-02-25,0.0,0.0,0.0,1,0,0,-0.004004946547872785,0.000790541753748483
2021-02-26,0.0,0.0,0.0,1,0,0,-0.004004946547872785,0.000790541753748483
2021-03-01,0.0,0.0,0.0,1,0,0,-0.004004946547872785,0.000790541753748483
2021-03-02,0.0,0.0,0.0,1,0,0,-0.004004946547872785,0.000790541753748483
2021-03-03,0.0,0.0,0.0,1,0,0,-0.004004946547872785,0.000790541753748483
2021-03-04,0.0,0.0,0.0,1,0,0,-0.004004946547872785,0.000790541753748483
2021-03-05,0.0,0.0,0.0,1,0,0,-0.004004946547872785,0.000790541753748483
2021-03-08,0.0,0.0,0.0,1,0,0,-0.004004946547872785,0.000790541753748483
2021-03-09,0.0,0.0,0.0,1,0,0,-0.004004946547872785,0.000790541753748483
2021-03-10,0.0,0.0,0.0,1,0,0,-0.004004946547872785,0.000790541753748483
2021-03-11,0.0,0.0,0.0,1,0,0,-0.004004946547872785,0.000790541753748483
2021-03-12,0.0,0.0,0.0,1,0,0,-0.004004946547872785,0.000790541753748483
2021-03-15,0.0,0.0,0.0,1,0,0,-0.004004946547872785,0.000790541753748483
2021-03-16,0.0,0.0,0.0,1,0,0,-0.004004946547872785,0.000790541753748483
2021-03-17,0.0,0.0,0.0,1,0,0,-0.004004946547872785,0.000790541753748483
2021-03-18,0.0,0.0,0.0,1,0,0,-0.004004946547872785,0.000790541753748483
2021-03-19,0.0,0.0,0.0,1,0,0,-0.004004946547872785,0.000790541753748483
2021-03-22,0.0,0.0,0.0,1,0,0,-0.004004946547872785,0.000790541753748483
2021-03-23,0.0,0.0,0.0,1,0,0,-0.004004946547872785,0.000790541753748483
2021-03-24,0.0,0.0,0.0,1,0,0,-0.004004946547872785,0.000790541753748483
2021-03-25,0.0,0.00019999999999999998,-0.00019999999999999998,1,1,1,-0.004204946547872785,0.000790541753748483
2021-03-26,0.0021173428657183762,0.0,0.0021173428657183762,1,1,1,-0.0020876036821544084,0.0029078846194668592
2021-03-29,0.0024267486700678773,0.0,0.0024267486700678773,1,1,1,0.0003391449879134689,0.0053346332895347365
2021-03-30,-0.0003914579995828371,0.0,-0.0003914579995828371,1,1,1,-5.2313011669368175e-05,0.0049431752899518995
2021-03-31,0.001796510845435204,0.0,0.001796510845435204,1,1,1,0.0017441978337658357,0.006739686135387103
2021-04-01,0.005008979212708223,0.0,0.005008979212708223,1,1,1,0.006753177046474058,0.011748665348095325
2021-04-02,-0.0033608754153358045,0.0,-0.0033608754153358045,1,1,1,0.0033923016311382535,0.00838778993275952
2021-04-05,-0.001145921935588868,0.0,-0.001145921935588868,1,1,1,0.0022463796955493856,0.007241867997170652
2021-04-06,-0.002311624564607497,0.0,-0.002311624564607497,1,1,1,-6.524486905811139e-05,0.004930243432563155
2021-04-07,-0.0004931300592427143,0.0,-0.0004931300592427143,1,1,1,-0.0005583749283008257,0.004437113373320441
2021-04-08,-0.0026420836033481275,0.0,-0.0026420836033481275,1,1,1,-0.003200458531648953,0.0017950297699723134
2021-04-09,-0.0006480980049673091,0.0,-0.0006480980049673091,1,1,1,-0.003848556536616262,0.0011469317650050043
2021-04-12,-0.000420917844865144,0.0,-0.000420917844865144,1,1,1,-0.004269474381481406,0.0007260139201398603
2021-04-13,-0.004226849924830468,0.0,-0.004226849924830468,1,1,1,-0.008496324306311875,-0.0035008360046906075
2021-04-14,0.002413446085653798,0.0,0.002413446085653798,1,1,1,-0.006082878220658077,-0.0010873899190368096
2021-04-15,-0.001211408907883627,0.0,-0.001211408907883627,1,1,1,-0.007294287128541703,-0.0022987988269204365
2021-04-16,0.0033190482162006236,0.0,0.0033190482162006236,1,1,1,-0.00397523891234108,0.001020249389280187
2021-04-19,-0.0033332333413529053,0.0,-0.0033332333413529053,1,1,1,-0.007308472253693986,-0.002312983952072718
2021-04-20,0.000444164384357253,0.0,0.000444164384357253,1,1,1,-0.006864307869336733,-0.0018688195677154652
2021-04-21,0.002533155035569153,0.0,0.002533155035569153,1,1,1,-0.00433115283376758,0.0006643354678536879
2021-04-22,0.0038302558216312364,0.0,0.0038302558216312364,1,1,1,-0.0005008970121363433,0.004494591289484925
2021-04-23,0.00036375685862685464,0.00019879494480310283,0.0001649619138237518,1,0,0,-0.00033593509831259145,0.004858348148111779
2021-04-26,0.0,0.0,0.0,1,0,0,-0.00033593509831259145,0.004858348148111779
2021-04-27,0.0,0.0,0.0,1,0,0,-0.00033593509831259145,0.004858348148111779
2021-04-28,0.0,0.0,0.0,1,0,0,-0.00033593509831259145,0.004858348148111779
2021-04-29,0.0,0.0,0.0,1,0,0,-0.00033593509831259145,0.004858348148111779
2021-04-30,0.0,0.0,0.0,1,0,0,-0.00033593509831259145,0.004858348148111779
2021-05-03,0.0,0.0,0.0,1,0,0,-0.00033593509831259145,0.004858348148111779
2021-05-04,0.0,0.0,0.0,1,0,0,-0.00033593509831259145,0.004858348148111779
2021-05-05,0.0,0.0,0.0,1,0,0,-0.00033593509831259145,0.004858348148111779
2021-05-06,0.0,0.0,0.0,1,0,0,-0.00033593509831259145,0.004858348148111779
2021-05-07,0.0,0.0,0.0,1,0,0,-0.00033593509831259145,0.004858348148111779
2021-05-10,0.0,0.0,0.0,1,0,0,-0.00033593509831259145,0.004858348148111779
2021-05-11,0.0,0.0,0.0,1,0,0,-0.00033593509831259145,0.004858348148111779
2021-05-12,0.0,0.0,0.0,1,0,0,-0.00033593509831259145,0.004858348148111779
2021-05-13,0.0,0.0,0.0,1,0,0,-0.00033593509831259145,0.004858348148111779
2021-05-14,0.0,0.0,0.0,1,0,0,-0.00033593509831259145,0.004858348148111779
2021-05-17,0.0,0.0,0.0,1,0,0,-0.00033593509831259145,0.004858348148111779
2021-05-18,0.0,0.0,0.0,1,0,0,-0.00033593509831259145,0.004858348148111779
2021-05-19,0.0,0.0,0.0,1,0,0,-0.00033593509831259145,0.004858348148111779
2021-05-20,0.0,0.0,0.0,1,0,0,-0.00033593509831259145,0.004858348148111779
2021-05-21,0.0,0.0,0.0,1,0,0,-0.00033593509831259145,0.004858348148111779
2021-05-24,0.0,0.0,0.0,1,0,0,-0.00033593509831259145,0.004858348148111779
2021-05-25,0.0,0.0,0.0,1,0,0,-0.00033593509831259145,0.004858348148111779
2021-05-26,0.0,0.0,0.0,1,0,0,-0.00033593509831259145,0.004858348148111779
2021-05-27,0.0,0.0,0.0,1,0,0,-0.00033593509831259145,0.004858348148111779
2021-05-28,0.0,0.0,0.0,1,0,0,-0.00033593509831259145,0.004858348148111779
2021-05-31,0.0,0.0,0.0,1,0,0,-0.00033593509831259145,0.004858348148111779
2021-06-01,0.0,0.0,0.0,1,0,0,-0.00033593509831259145,0.004858348148111779
2021-06-02,0.0,0.0,0.0,1,0,0,-0.00033593509831259145,0.004858348148111779
2021-06-03,0.0,0.0002,-0.0002,1,1,1,-0.0005359350983125914,0.004858348148111779
2021-06-04,-0.0002144487492534554,0.0,-0.0002144487492534554,1,1,1,-0.0007503838475660468,0.004643899398858324
2021-06-07,-0.0002924827330768026,0.0,-0.0002924827330768026,1,1,1,-0.0010428665806428495,0.004351416665781521
2021-06-08,-0.002475053460898281,0.0,-0.002475053460898281,1,1,1,-0.0035179200415411307,0.0018763632048832404
2021-06-09,0.0007515681446252641,0.0,0.0007515681446252641,1,1,1,-0.0027663518969158665,0.0026279313495085046
2021-06-10,-0.003614757815284521,0.0,-0.003614757815284521,1,1,1,-0.0063811097122003875,-0.0009868264657760164
2021-06-11,0.0016885500201885006,0.0,0.0016885500201885006,1,1,1,-0.004692559692011887,0.0007017235544124843
2021-06-14,-0.0022830468959824566,0.0,-0.0022830468959824566,1,1,1,-0.006975606587994343,-0.0015813233415699723
2021-06-15,-0.0005642609709789925,0.0,-0.0005642609709789925,1,1,1,-0.007539867558973335,-0.002145584312548965
2021-06-16,0.0008660491399627255,0.0,0.0008660491399627255,1,1,1,-0.00667381841901061,-0.0012795351725862394
2021-06-17,-0.0035946526634695808,0.0,-0.0035946526634695808,1,1,1,-0.01026847108248019,-0.00487418783605582
2021-06-18,-0.00220666760145634,0.0,-0.00220666760145634,1,1,1,-0.012475138683936531,-0.007080855437512161
2021-06-21,0.0004628226553847647,0.0,0.0004628226553847647,1,1,1,-0.012012316028551765,-0.006618032782127396
2021-06-22,0.0018204215724995432,0.0,0.0018204215724995432,1,1,1,-0.010191894456052222,-0.004797611209627853
2021-06-23,-0.0018306601953918312,0.0,-0.0018306601953918312,1,1,1,-0.012022554651444053,-0.006628271405019684
2021-06-24,0.0018630788160839602,0.0,0.0018630788160839602,1,1,1,-0.010159475835360093,-0.0047651925889357245
2021-06-25,-0.0012112022471565931,0.0,-0.0012112022471565931,1,1,1,-0.011370678082516687,-0.005976394836092318
2021-06-28,0.0021202749850180464,0.0,0.0021202749850180464,1,1,1,-0.00925040309749864,-0.0038561198510742717
2021-06-29,-0.0002722783758240888,0.0,-0.0002722783758240888,1,1,1,-0.00952268147332273,-0.0041283982268983605
2021-06-30,0.0019977921684987835,0.0,0.0019977921684987835,1,1,1,-0.007524889304823946,-0.002130606058399577
2021-07-01,0.0004250811131287029,0.0,0.0004250811131287029,1,1,1,-0.007099808191695244,-0.001705524945270874
2021-07-02,-0.0037061360344246967,0.0,-0.0037061360344246967,1,1,1,-0.01080594422611994,-0.005411660979695571
2021-07-05,-0.003932735596739303,0.0,-0.003932735596739303,1,1,1,-0.014738679822859244,-0.009344396576434873
2021-07-06,0.00112106182704174,0.0,0.00112106182704174,1,1,1,-0.013617617995817503,-0.008223334749393133
2021-07-07,0.0006228872124061542,0.0,0.0006228872124061542,1,1,1,-0.01299473078341135,-0.007600447536986979
2021-07-08,0.003838721513565453,0.0,0.003838721513565453,1,1,1,-0.009156009269845895,-0.003761726023421526
2021-07-09,-0.0006332594739886341,0.0002027637723865337,-0.0008360232463751679,1,0,0,-0.009992032516221064,-0.0043949854974101605
2021-07-12,0.0,0.0,0.0,1,0,0,-0.009992032516221064,-0.0043949854974101605
2021-07-13,0.0,0.0,0.0,1,0,0,-0.009992032516221064,-0.0043949854974101605
2021-07-14,0.0,0.0,0.0,1,0,0,-0.009992032516221064,-0.0043949854974101605
2021-07-15,0.0,0.0,0.0,1,0,0,-0.009992032516221064,-0.0043949854974101605
2021-07-16,0.0,0.0,0.0,1,0,0,-0.009992032516221064,-0.0043949854974101605
2021-07-19,0.0,0.0,0.0,1,0,0,-0.009992032516221064,-0.0043949854974101605
2021-07-20,0.0,0.0,0.0,1,0,0,-0.009992032516221064,-0.0043949854974101605
2021-07-21,0.0,0.0,0.0,1,0,0,-0.009992032516221064,-0.0043949854974101605
2021-07-22,0.0,0.0,0.0,1,0,0,-0.009992032516221064,-0.0043949854974101605
2021-07-23,0.0,0.0,0.0,1,0,0,-0.009992032516221064,-0.0043949854974101605
2021-07-26,0.0,0.0002,-0.0002,1,1,1,-0.010192032516221064,-0.0043949854974101605
2021-07-27,-0.0014319478836582315,0.0,-0.0014319478836582315,1,1,1,-0.011623980399879295,-0.0058269333810683915
2021-07-28,-0.00010536229163410327,0.0,-0.00010536229163410327,1,1,1,-0.011729342691513399,-0.005932295672702495
2021-07-29,0.0016727656961655064,0.0,0.0016727656961655064,1,1,1,-0.010056576995347892,-0.004259529976536988
2021-07-30,-0.003450720966190755,0.0,-0.003450720966190755,1,1,1,-0.013507297961538647,-0.007710250942727743
2021-08-02,0.0031090361303382818,0.0,0.0031090361303382818,1,1,1,-0.010398261831200364,-0.004601214812389461
2021-08-03,-0.0001501226201978792,0.0,-0.0001501226201978792,1,1,1,-0.010548384451398244,-0.0047513374325873405
2021-08-04,0.0025735000649180174,0.0,0.0025735000649180174,1,1,1,-0.007974884386480228,-0.002177837367669323
2021-08-05,0.0017921250576800251,0.0,0.0017921250576800251,1,1,1,-0.006182759328800203,-0.000385712309989298
2021-08-06,0.0027946054623139696,0.000195882574193953,0.0025987228881200167,1,0,0,-0.003584036440680186,0.0024088931523246716
2021-08-09,0.0,0.0,0.0,1,0,0,-0.003584036440680186,0.0024088931523246716
2021-08-10,0.0,0.0,0.0,1,0,0,-0.003584036440680186,0.0024088931523246716
2021-08-11,0.0,0.0,0.0,1,0,0,-0.003584036440680186,0.0024088931523246716
2021-08-12,0.0,0.0,0.0,1,0,0,-0.003584036440680186,0.0024088931523246716
2021-08-13,0.0,0.0,0.0,1,0,0,-0.003584036440680186,0.0024088931523246716
2021-08-16,0.0,0.0,0.0,1,0,0,-0.003584036440680186,0.0024088931523246716
2021-08-17,0.0,0.0,0.0,1,0,0,-0.003584036440680186,0.0024088931523246716
2021-08-18,0.0,0.0,0.0,1,0,0,-0.003584036440680186,0.0024088931523246716
2021-08-19,0.0,0.0,0.0,1,0,0,-0.003584036440680186,0.0024088931523246716
2021-08-20,0.0,0.0,0.0,1,0,0,-0.003584036440680186,0.0024088931523246716
2021-08-23,0.0,0.0,0.0,1,0,0,-0.003584036440680186,0.0024088931523246716
2021-08-24,0.0,0.0,0.0,1,0,0,-0.003584036440680186,0.0024088931523246716
2021-08-25,0.0,0.0,0.0,1,0,0,-0.003584036440680186,0.0024088931523246716
2021-08-26,0.0,0.0,0.0,1,0,0,-0.003584036440680186,0.0024088931523246716
2021-08-27,0.0,0.0,0.0,1,0,0,-0.003584036440680186,0.0024088931523246716
2021-08-30,0.0,0.0,0.0,1,0,0,-0.003584036440680186,0.0024088931523246716
2021-08-31,0.0,0.0,0.0,1,0,0,-0.003584036440680186,0.0024088931523246716
2021-09-01,0.0,0.0,0.0,1,0,0,-0.003584036440680186,0.0024088931523246716
2021-09-02,0.0,0.0,0.0,1,0,0,-0.003584036440680186,0.0024088931523246716
2021-09-03,0.0,0.0,0.0,1,0,0,-0.003584036440680186,0.0024088931523246716
2021-09-06,0.0,0.0,0.0,1,0,0,-0.003584036440680186,0.0024088931523246716
2021-09-07,0.0,0.0,0.0,1,0,0,-0.003584036440680186,0.0024088931523246716
2021-09-08,0.0,0.0,0.0,1,0,0,-0.003584036440680186,0.0024088931523246716
2021-09-09,0.0,0.0002,-0.0002,1,1,1,-0.003784036440680186,0.0024088931523246716
2021-09-10,0.0007579479187427591,0.0,0.0007579479187427591,1,1,1,-0.003026088521937427,0.0031668410710674307
2021-09-13,0.0022228833677378594,0.0,0.0022228833677378594,1,1,1,-0.0008032051541995676,0.00538972443880529
2021-09-14,0.004118553690115875,0.0,0.004118553690115875,1,1,1,0.003315348535916307,0.009508278128921164
2021-09-15,0.004195638330586271,0.00020393587207340557,0.0039917024585128654,1,0,0,0.0073070509944291725,0.013703916459507436
2021-09-16,0.0,0.0,0.0,1,0,0,0.0073070509944291725,0.013703916459507436
2021-09-17,0.0,0.0,0.0,1,0,0,0.0073070509944291725,0.013703916459507436
2021-09-20,0.0,0.0,0.0,1,0,0,0.0073070509944291725,0.013703916459507436
2021-09-21,0.0,0.0,0.0,1,0,0,0.0073070509944291725,0.013703916459507436
2021-09-22,0.0,0.0,0.0,1,0,0,0.0073070509944291725,0.013703916459507436
2021-09-23,0.0,0.0,0.0,1,0,0,0.0073070509944291725,0.013703916459507436
2021-09-24,0.0,0.0,0.0,1,0,0,0.0073070509944291725,0.013703916459507436
2021-09-27,0.0,0.0,0.0,1,0,0,0.0073070509944291725,0.013703916459507436
2021-09-28,0.0,0.0,0.0,1,0,0,0.0073070509944291725,0.013703916459507436
2021-09-29,0.0,0.0,0.0,1,0,0,0.0073070509944291725,0.013703916459507436
2021-09-30,0.0,0.0,0.0,1,0,0,0.0073070509944291725,0.013703916459507436
2021-10-01,0.0,0.0,0.0,1,0,0,0.0073070509944291725,0.013703916459507436
2021-10-04,0.0,0.0,0.0,1,0,0,0.0073070509944291725,0.013703916459507436
2021-10-05,0.0,0.0,0.0,1,0,0,0.0073070509944291725,0.013703916459507436
2021-10-06,0.0,0.0,0.0,1,0,0,0.0073070509944291725,0.013703916459507436
2021-10-07,0.0,0.0,0.0,1,0,0,0.0073070509944291725,0.013703916459507436
2021-10-08,0.0,0.0,0.0,1,0,0,0.0073070509944291725,0.013703916459507436
2021-10-11,0.0,0.0,0.0,1,0,0,0.0073070509944291725,0.013703916459507436
2021-10-12,0.0,0.0,0.0,1,0,0,0.0073070509944291725,0.013703916459507436
2021-10-13,0.0,0.0,0.0,1,0,0,0.0073070509944291725,0.013703916459507436
2021-10-14,0.0,0.0,0.0,1,0,0,0.0073070509944291725,0.013703916459507436
2021-10-15,0.0,0.0,0.0,1,0,0,0.0073070509944291725,0.013703916459507436
2021-10-18,0.0,0.0,0.0,1,0,0,0.0073070509944291725,0.013703916459507436
2021-10-19,0.0,0.0,0.0,1,0,0,0.0073070509944291725,0.013703916459507436
2021-10-20,0.0,0.0,0.0,1,0,0,0.0073070509944291725,0.013703916459507436
2021-10-21,0.0,0.0,0.0,1,0,0,0.0073070509944291725,0.013703916459507436
2021-10-22,0.0,0.0,0.0,1,0,0,0.0073070509944291725,0.013703916459507436
2021-10-25,0.0,0.0,0.0,1,0,0,0.0073070509944291725,0.013703916459507436
2021-10-26,0.0,0.0,0.0,1,0,0,0.0073070509944291725,0.013703916459507436
2021-10-27,0.0,0.0,0.0,1,0,0,0.0073070509944291725,0.013703916459507436
2021-10-28,0.0,0.0,0.0,1,0,0,0.0073070509944291725,0.013703916459507436
2021-10-29,0.0,0.0,0.0,1,0,0,0.0073070509944291725,0.013703916459507436
2021-11-01,0.0,0.0,0.0,1,0,0,0.0073070509944291725,0.013703916459507436
2021-11-02,0.0,0.0,0.0,1,0,0,0.0073070509944291725,0.013703916459507436
2021-11-03,0.0,0.0,0.0,1,0,0,0.0073070509944291725,0.013703916459507436
2021-11-04,0.0,0.0,0.0,1,0,0,0.0073070509944291725,0.013703916459507436
2021-11-05,0.0,0.0,0.0,1,0,0,0.0073070509944291725,0.013703916459507436
2021-11-08,0.0,0.0,0.0,1,0,0,0.0073070509944291725,0.013703916459507436
2021-11-09,0.0,0.0,0.0,1,0,0,0.0073070509944291725,0.013703916459507436
2021-11-10,0.0,0.0,0.0,1,0,0,0.0073070509944291725,0.013703916459507436
2021-11-11,0.0,0.0,0.0,1,0,0,0.0073070509944291725,0.013703916459507436
2021-11-12,0.0,0.0,0.0,1,0,0,0.0073070509944291725,0.013703916459507436
2021-11-15,0.0,0.0,0.0,1,0,0,0.0073070509944291725,0.013703916459507436
2021-11-16,0.0,0.0,0.0,1,0,0,0.0073070509944291725,0.013703916459507436
2021-11-17,0.0,0.0,0.0,1,0,0,0.0073070509944291725,0.013703916459507436
2021-11-18,0.0,0.0,0.0,1,0,0,0.0073070509944291725,0.013703916459507436
2021-11-19,0.0,0.0,0.0,1,0,0,0.0073070509944291725,0.013703916459507436
2021-11-22,0.0,0.0,0.0,1,0,0,0.0073070509944291725,0.013703916459507436
2021-11-23,0.0,0.0,0.0,1,0,0,0.0073070509944291725,0.013703916459507436
2021-11-24,0.0,0.0,0.0,1,0,0,0.0073070509944291725,0.013703916459507436
2021-11-25,0.0,0.0,0.0,1,0,0,0.0073070509944291725,0.013703916459507436
2021-11-26,0.0,0.0,0.0,1,0,0,0.0073070509944291725,0.013703916459507436
2021-11-29,0.0,0.0,0.0,1,0,0,0.0073070509944291725,0.013703916459507436
2021-11-30,0.0,0.0,0.0,1,0,0,0.0073070509944291725,0.013703916459507436
2021-12-01,0.0,0.0,0.0,1,0,0,0.0073070509944291725,0.013703916459507436
2021-12-02,0.0,0.0,0.0,1,0,0,0.0073070509944291725,0.013703916459507436
2021-12-03,0.0,0.0,0.0,1,0,0,0.0073070509944291725,0.013703916459507436
2021-12-06,0.0,0.0,0.0,1,0,0,0.0073070509944291725,0.013703916459507436
2021-12-07,0.0,0.0002,-0.0002,1,1,1,0.007107050994429173,0.013703916459507436
2021-12-08,0.00164098143629937,0.0,0.00164098143629937,1,1,1,0.008748032430728542,0.015344897895806805
2021-12-09,0.001678970201958831,0.0001992454560522035,0.0014797247459066277,1,0,0,0.01022775717663517,0.017023868097765637
2021-12-10,0.0,0.0,0.0,1,0,0,0.01022775717663517,0.017023868097765637
2021-12-13,0.0,0.0002,-0.0002,1,1,1,0.01002775717663517,0.017023868097765637
2021-12-14,0.005043160084267238,0.0,0.005043160084267238,1,1,1,0.015070917260902407,0.022067028182032874
2021-12-15,-0.0028400357782076367,0.00020045755349007048,-0.003040493331697707,1,0,0,0.0120304239292047,0.019226992403825235
2021-12-16,0.0,0.0,0.0,1,0,0,0.0120304239292047,0.019226992403825235
2021-12-17,0.0,0.0,0.0,1,0,0,0.0120304239292047,0.019226992403825235
2021-12-20,0.0,0.0,0.0,1,0,0,0.0120304239292047,0.019226992403825235
2021-12-21,0.0,0.0,0.0,1,0,0,0.0120304239292047,0.019226992403825235
2021-12-22,0.0,0.0,0.0,1,0,0,0.0120304239292047,0.019226992403825235
2021-12-23,0.0,0.0,0.0,1,0,0,0.0120304239292047,0.019226992403825235
2021-12-24,0.0,0.0,0.0,1,0,0,0.0120304239292047,0.019226992403825235
2021-12-27,0.0,0.0,0.0,1,0,0,0.0120304239292047,0.019226992403825235
2021-12-28,0.0,0.0,0.0,1,0,0,0.0120304239292047,0.019226992403825235
2021-12-29,0.0,0.0,0.0,1,0,0,0.0120304239292047,0.019226992403825235
2021-12-30,0.0,0.0,0.0,1,0,0,0.0120304239292047,0.019226992403825235
2021-12-31,0.0,0.0,0.0,1,0,0,0.0120304239292047,0.019226992403825235
2022-01-03,0.0,0.0,0.0,1,0,0,0.0120304239292047,0.019226992403825235
2022-01-04,0.0,0.0,0.0,1,0,0,0.0120304239292047,0.019226992403825235
2022-01-05,0.0,0.0,0.0,1,0,0,0.0120304239292047,0.019226992403825235
2022-01-06,0.0,0.0,0.0,1,0,0,0.0120304239292047,0.019226992403825235
2022-01-07,0.0,0.00019999999999999998,-0.00019999999999999998,1,1,1,0.011830423929204699,0.019226992403825235
2022-01-10,0.0003228871351900701,0.0,0.0003228871351900701,1,1,1,0.012153311064394769,0.019549879539015304
2022-01-11,0.002551122957666716,0.0,0.002551122957666716,1,1,1,0.014704434022061485,0.02210100249668202
2022-01-12,-0.0020134434907283613,0.0,-0.0020134434907283613,1,1,1,0.012690990531333124,0.02008755900595366
2022-01-13,-0.0023289920523921056,0.0,-0.0023289920523921056,1,1,1,0.01036199847894102,0.017758566953561553
2022-01-14,0.0032595491635433616,0.0,0.0032595491635433616,1,1,1,0.013621547642484381,0.021018116117104912
2022-01-17,0.0027268698731768284,0.0,0.0027268698731768284,1,1,1,0.01634841751566121,0.02374498599028174
2022-01-18,-0.001960070813442197,0.00019771755126799607,-0.002157788364710193,1,0,0,0.014190629150951015,0.021784915176839545
2022-01-19,0.0,0.0,0.0,1,0,0,0.014190629150951015,0.021784915176839545
2022-01-20,0.0,0.0,0.0,1,0,0,0.014190629150951015,0.021784915176839545
2022-01-21,0.0,0.0,0.0,1,0,0,0.014190629150951015,0.021784915176839545
2022-01-24,0.0,0.0,0.0,1,0,0,0.014190629150951015,0.021784915176839545
2022-01-25,0.0,0.0,0.0,1,0,0,0.014190629150951015,0.021784915176839545
2022-01-26,0.0,0.0,0.0,1,0,0,0.014190629150951015,0.021784915176839545
2022-01-27,0.0,0.0,0.0,1,0,0,0.014190629150951015,0.021784915176839545
2022-01-28,0.0,0.0,0.0,1,0,0,0.014190629150951015,0.021784915176839545
2022-01-31,0.0,0.0,0.0,1,0,0,0.014190629150951015,0.021784915176839545
2022-02-01,0.0,0.0,0.0,1,0,0,0.014190629150951015,0.021784915176839545
2022-02-02,0.0,0.0,0.0,1,0,0,0.014190629150951015,0.021784915176839545
2022-02-03,0.0,0.0,0.0,1,0,0,0.014190629150951015,0.021784915176839545
2022-02-04,0.0,0.0,0.0,1,0,0,0.014190629150951015,0.021784915176839545
2022-02-07,0.0,0.0,0.0,1,0,0,0.014190629150951015,0.021784915176839545
2022-02-08,0.0,0.0,0.0,1,0,0,0.014190629150951015,0.021784915176839545
2022-02-09,0.0,0.0,0.0,1,0,0,0.014190629150951015,0.021784915176839545
2022-02-10,0.0,0.0002,-0.0002,1,1,1,0.013990629150951015,0.021784915176839545
2022-02-11,0.00048465664288373624,0.0,0.00048465664288373624,1,1,1,0.01447528579383475,0.02226957181972328
2022-02-14,0.00045682279434828437,0.0,0.00045682279434828437,1,1,1,0.014932108588183035,0.022726394614071565
2022-02-15,-0.002598982011947458,0.0,-0.002598982011947458,1,1,1,0.012333126576235576,0.02012741260212411
2022-02-16,-2.9632660507672784e-05,0.0,-2.9632660507672784e-05,1,1,1,0.012303493915727904,0.020097779941616434
2022-02-17,-0.000851586652571846,0.0,-0.000851586652571846,1,1,1,0.011451907263156057,0.01924619328904459
2022-02-18,0.0011019316890859764,0.0,0.0011019316890859764,1,1,1,0.012553838952242033,0.020348124978130565
2022-02-21,0.003069399872246319,0.0,0.003069399872246319,1,1,1,0.015623238824488352,0.023417524850376882
2022-02-22,0.0006670577529912581,0.0,0.0006670577529912581,1,1,1,0.01629029657747961,0.02408458260336814
2022-02-23,-0.0010080286680190648,0.00020281589684028415,-0.001210844564859349,1,0,0,0.01507945201262026,0.023076553935349076
2022-02-24,0.0,0.0,0.0,1,0,0,0.01507945201262026,0.023076553935349076
2022-02-25,0.0,0.0,0.0,1,0,0,0.01507945201262026,0.023076553935349076
2022-02-28,0.0,0.0,0.0,1,0,0,0.01507945201262026,0.023076553935349076
2022-03-01,0.0,0.0,0.0,1,0,0,0.01507945201262026,0.023076553935349076
2022-03-02,0.0,0.0,0.0,1,0,0,0.01507945201262026,0.023076553935349076
2022-03-03,0.0,0.0,0.0,1,0,0,0.01507945201262026,0.023076553935349076
2022-03-04,0.0,0.0,0.0,1,0,0,0.01507945201262026,0.023076553935349076
2022-03-07,0.0,0.0,0.0,1,0,0,0.01507945201262026,0.023076553935349076
2022-03-08,0.0,0.0,0.0,1,0,0,0.01507945201262026,0.023076553935349076
2022-03-09,0.0,0.0,0.0,1,0,0,0.01507945201262026,0.023076553935349076
2022-03-10,0.0,0.0,0.0,1,0,0,0.01507945201262026,0.023076553935349076
2022-03-11,0.0,0.0,0.0,1,0,0,0.01507945201262026,0.023076553935349076
2022-03-14,0.0,0.0,0.0,1,0,0,0.01507945201262026,0.023076553935349076
2022-03-15,0.0,0.0,0.0,1,0,0,0.01507945201262026,0.023076553935349076
2022-03-16,0.0,0.0,0.0,1,0,0,0.01507945201262026,0.023076553935349076
2022-03-17,0.0,0.0,0.0,1,0,0,0.01507945201262026,0.023076553935349076
2022-03-18,0.0,0.0,0.0,1,0,0,0.01507945201262026,0.023076553935349076
2022-03-21,0.0,0.0,0.0,1,0,0,0.01507945201262026,0.023076553935349076
2022-03-22,0.0,0.0,0.0,1,0,0,0.01507945201262026,0.023076553935349076
2022-03-23,0.0,0.0,0.0,1,0,0,0.01507945201262026,0.023076553935349076
2022-03-24,0.0,0.0,0.0,1,0,0,0.01507945201262026,0.023076553935349076
2022-03-25,0.0,0.0,0.0,1,0,0,0.01507945201262026,0.023076553935349076
2022-03-28,0.0,0.0,0.0,1,0,0,0.01507945201262026,0.023076553935349076
2022-03-29,0.0,0.0,0.0,1,0,0,0.01507945201262026,0.023076553935349076
2022-03-30,0.0,0.0,0.0,1,0,0,0.01507945201262026,0.023076553935349076
2022-03-31,0.0,0.0002,-0.0002,1,1,1,0.014879452012620259,0.023076553935349076
2022-04-01,-0.0028272760280587343,0.0,-0.0028272760280587343,1,1,1,0.012052175984561524,0.020249277907290343
2022-04-04,-0.0022961392846474597,0.0,-0.0022961392846474597,1,1,1,0.009756036699914065,0.017953138622642882
2022-04-05,0.002101545366491935,0.0,0.002101545366491935,1,1,1,0.011857582066406,0.020054683989134816
2022-04-06,0.0006129686924172227,0.0,0.0006129686924172227,1,1,1,0.012470550758823223,0.02066765268155204
2022-04-07,0.0002367646891743673,0.0,0.0002367646891743673,1,1,1,0.01270731544799759,0.020904417370726406
2022-04-08,-0.000492715457611912,0.0,-0.000492715457611912,1,1,1,0.01221459999038568,0.020411701913114495
2022-04-11,0.0011537474580882911,0.0,0.0011537474580882911,1,1,1,0.01336834744847397,0.021565449371202784
2022-04-12,0.0018970959292494947,0.0,0.0018970959292494947,1,1,1,0.015265443377723465,0.02346254530045228
2022-04-13,0.0010019507807031546,0.00020512476260977434,0.0007968260180933802,1,0,0,0.016062269395816845,0.024464496081155432
2022-04-14,0.0,0.0,0.0,1,0,0,0.016062269395816845,0.024464496081155432
2022-04-15,0.0,0.0,0.0,1,0,0,0.016062269395816845,0.024464496081155432
2022-04-18,0.0,0.0,0.0,1,0,0,0.016062269395816845,0.024464496081155432
2022-04-19,0.0,0.0,0.0,1,0,0,0.016062269395816845,0.024464496081155432
2022-04-20,0.0,0.0,0.0,1,0,0,0.016062269395816845,0.024464496081155432
2022-04-21,0.0,0.0,0.0,1,0,0,0.016062269395816845,0.024464496081155432
2022-04-22,0.0,0.0,0.0,1,0,0,0.016062269395816845,0.024464496081155432
2022-04-25,0.0,0.0,0.0,1,0,0,0.016062269395816845,0.024464496081155432
2022-04-26,0.0,0.0,0.0,1,0,0,0.016062269395816845,0.024464496081155432
2022-04-27,0.0,0.0,0.0,1,0,0,0.016062269395816845,0.024464496081155432
2022-04-28,0.0,0.0,0.0,1,0,0,0.016062269395816845,0.024464496081155432
2022-04-29,0.0,0.0002,-0.0002,1,1,1,0.015862269395816846,0.024464496081155432
2022-05-02,-0.00015598620649366537,0.0,-0.00015598620649366537,1,1,1,0.01570628318932318,0.024308509874661766
2022-05-03,-0.004236424348383716,0.0,-0.004236424348383716,1,1,1,0.011469858840939463,0.02007208552627805
2022-05-04,-0.0018183525682416214,0.0,-0.0018183525682416214,1,1,1,0.009651506272697842,0.018253732958036426
2022-05-05,0.0008561532438416809,0.0,0.0008561532438416809,1,1,1,0.010507659516539524,0.019109886201878108
2022-05-06,0.0023459100072558956,0.0,0.0023459100072558956,1,1,1,0.012853569523795419,0.021455796209134004
2022-05-09,-0.0029413321682951817,0.0,-0.0029413321682951817,1,1,1,0.009912237355500238,0.018514464040838823
2022-05-10,-0.0014651702610306125,0.0,-0.0014651702610306125,1,1,1,0.008447067094469626,0.01704929377980821
2022-05-11,-0.0013448386822774235,0.0,-0.0013448386822774235,1,1,1,0.007102228412192203,0.015704455097530788
2022-05-12,0.0016642919795143976,0.0,0.0016642919795143976,1,1,1,0.008766520391706601,0.017368747077045187
2022-05-13,0.00205945631099513,0.0,0.00205945631099513,1,1,1,0.010825976702701731,0.019428203388040317
2022-05-16,0.0024440665286364527,0.0,0.0024440665286364527,1,1,1,0.013270043231338183,0.02187226991667677
2022-05-17,-0.0015913033991949723,0.0,-0.0015913033991949723,1,1,1,0.01167873983214321,0.020280966517481798
2022-05-18,0.0010094764797261276,0.0,0.0010094764797261276,1,1,1,0.012688216311869338,0.021290442997207927
2022-05-19,-0.0006439885890733453,0.0,-0.0006439885890733453,1,1,1,0.012044227722795993,0.020646454408134583
2022-05-20,0.004759877633044679,0.0,0.004759877633044679,1,1,1,0.016804105355840673,0.02540633204117926
2022-05-23,-0.0016508225197859315,0.0001984350647237781,-0.0018492575845097095,1,0,0,0.014954847771330963,0.02375550952139333
2022-05-24,0.0,0.0,0.0,1,0,0,0.014954847771330963,0.02375550952139333
2022-05-25,0.0,0.0,0.0,1,0,0,0.014954847771330963,0.02375550952139333
2022-05-26,0.0,0.0,0.0,1,0,0,0.014954847771330963,0.02375550952139333
2022-05-27,0.0,0.0,0.0,1,0,0,0.014954847771330963,0.02375550952139333
2022-05-30,0.0,0.0,0.0,1,0,0,0.014954847771330963,0.02375550952139333
2022-05-31,0.0,0.0,0.0,1,0,0,0.014954847771330963,0.02375550952139333
2022-06-01,0.0,0.0,0.0,1,0,0,0.014954847771330963,0.02375550952139333
2022-06-02,0.0,0.0,0.0,1,0,0,0.014954847771330963,0.02375550952139333
2022-06-03,0.0,0.0,0.0,1,0,0,0.014954847771330963,0.02375550952139333
2022-06-06,0.0,0.0,0.0,1,0,0,0.014954847771330963,0.02375550952139333
2022-06-07,0.0,0.0,0.0,1,0,0,0.014954847771330963,0.02375550952139333
2022-06-08,0.0,0.0,0.0,1,0,0,0.014954847771330963,0.02375550952139333
2022-06-09,0.0,0.0,0.0,1,0,0,0.014954847771330963,0.02375550952139333
2022-06-10,0.0,0.0,0.0,1,0,0,0.014954847771330963,0.02375550952139333
2022-06-13,0.0,0.0,0.0,1,0,0,0.014954847771330963,0.02375550952139333
2022-06-14,0.0,0.0,0.0,1,0,0,0.014954847771330963,0.02375550952139333
2022-06-15,0.0,0.0,0.0,1,0,0,0.014954847771330963,0.02375550952139333
2022-06-16,0.0,0.0,0.0,1,0,0,0.014954847771330963,0.02375550952139333
2022-06-17,0.0,0.0,0.0,1,0,0,0.014954847771330963,0.02375550952139333
2022-06-20,0.0,0.0,0.0,1,0,0,0.014954847771330963,0.02375550952139333
2022-06-21,0.0,0.0,0.0,1,0,0,0.014954847771330963,0.02375550952139333
2022-06-22,0.0,0.0,0.0,1,0,0,0.014954847771330963,0.02375550952139333
2022-06-23,0.0,0.0,0.0,1,0,0,0.014954847771330963,0.02375550952139333
2022-06-24,0.0,0.0,0.0,1,0,0,0.014954847771330963,0.02375550952139333
2022-06-27,0.0,0.0,0.0,1,0,0,0.014954847771330963,0.02375550952139333
2022-06-28,0.0,0.0,0.0,1,0,0,0.014954847771330963,0.02375550952139333
2022-06-29,0.0,0.0,0.0,1,0,0,0.014954847771330963,0.02375550952139333
2022-06-30,0.0,0.0,0.0,1,0,0,0.014954847771330963,0.02375550952139333
2022-07-01,0.0,0.0,0.0,1,0,0,0.014954847771330963,0.02375550952139333
2022-07-04,0.0,0.0,0.0,1,0,0,0.014954847771330963,0.02375550952139333
2022-07-05,0.0,0.0,0.0,1,0,0,0.014954847771330963,0.02375550952139333
2022-07-06,0.0,0.0,0.0,1,0,0,0.014954847771330963,0.02375550952139333
2022-07-07,0.0,0.0,0.0,1,0,0,0.014954847771330963,0.02375550952139333
2022-07-08,0.0,0.0,0.0,1,0,0,0.014954847771330963,0.02375550952139333
2022-07-11,0.0,0.0,0.0,1,0,0,0.014954847771330963,0.02375550952139333
2022-07-12,0.0,0.0,0.0,1,0,0,0.014954847771330963,0.02375550952139333
2022-07-13,0.0,0.0,0.0,1,0,0,0.014954847771330963,0.02375550952139333
2022-07-14,0.0,0.0,0.0,1,0,0,0.014954847771330963,0.02375550952139333
2022-07-15,0.0,0.0,0.0,1,0,0,0.014954847771330963,0.02375550952139333
2022-07-18,0.0,0.0,0.0,1,0,0,0.014954847771330963,0.02375550952139333
2022-07-19,0.0,0.0,0.0,1,0,0,0.014954847771330963,0.02375550952139333
2022-07-20,0.0,0.0,0.0,1,0,0,0.014954847771330963,0.02375550952139333
2022-07-21,0.0,0.0,0.0,1,0,0,0.014954847771330963,0.02375550952139333
2022-07-22,0.0,0.0,0.0,1,0,0,0.014954847771330963,0.02375550952139333
2022-07-25,0.0,0.0,0.0,1,0,0,0.014954847771330963,0.02375550952139333
2022-07-26,0.0,0.0,0.0,1,0,0,0.014954847771330963,0.02375550952139333
2022-07-27,0.0,0.0,0.0,1,0,0,0.014954847771330963,0.02375550952139333
2022-07-28,0.0,0.0,0.0,1,0,0,0.014954847771330963,0.02375550952139333
2022-07-29,0.0,0.0,0.0,1,0,0,0.014954847771330963,0.02375550952139333
2022-08-01,0.0,0.0,0.0,1,0,0,0.014954847771330963,0.02375550952139333
2022-08-02,0.0,0.0,0.0,1,0,0,0.014954847771330963,0.02375550952139333
2022-08-03,0.0,0.0,0.0,1,0,0,0.014954847771330963,0.02375550952139333
2022-08-04,0.0,0.0,0.0,1,0,0,0.014954847771330963,0.02375550952139333
2022-08-05,0.0,0.0,0.0,1,0,0,0.014954847771330963,0.02375550952139333
2022-08-08,0.0,0.0002,-0.0002,1,1,1,0.014754847771330962,0.02375550952139333
2022-08-09,0.0019293727327214995,0.0,0.0019293727327214995,1,1,1,0.016684220504052463,0.02568488225411483
2022-08-10,0.00022781494426979323,0.0,0.00022781494426979323,1,1,1,0.016912035448322257,0.025912697198384623
2022-08-11,-0.002836202416457058,0.0,-0.002836202416457058,1,1,1,0.014075833031865199,0.023076494781927564
2022-08-12,0.0016831118454277254,0.0,0.0016831118454277254,1,1,1,0.015758944877292923,0.02475960662735529
2022-08-15,-0.004326813929799894,0.0,-0.004326813929799894,1,1,1,0.011432130947493029,0.020432792697555394
2022-08-16,-0.003916066161483981,0.0,-0.003916066161483981,1,1,1,0.007516064786009048,0.016516726536071412
2022-08-17,0.005044377579884152,0.0,0.005044377579884152,1,1,1,0.0125604423658932,0.021561104115955562
2022-08-18,-0.0010722026039633663,0.0,-0.0010722026039633663,1,1,1,0.011488239761929833,0.020488901511992196
2022-08-19,-0.0008362701247006253,0.0,-0.0008362701247006253,1,1,1,0.010651969637229208,0.01965263138729157
2022-08-22,0.0011487866352647654,0.0,0.0011487866352647654,1,1,1,0.011800756272493973,0.020801418022556337
2022-08-23,0.0037260071337470056,0.0,0.0037260071337470056,1,1,1,0.015526763406240977,0.024527425156303344
2022-08-24,-0.0005659988768342281,0.00020353052728863116,-0.0007695294041228592,1,0,0,0.014757234002118117,0.023961426279469115
2022-08-25,0.0,0.0,0.0,1,0,0,0.014757234002118117,0.023961426279469115
2022-08-26,0.0,0.0,0.0,1,0,0,0.014757234002118117,0.023961426279469115
2022-08-29,0.0,0.0,0.0,1,0,0,0.014757234002118117,0.023961426279469115
2022-08-30,0.0,0.0,0.0,1,0,0,0.014757234002118117,0.023961426279469115
2022-08-31,0.0,0.0,0.0,1,0,0,0.014757234002118117,0.023961426279469115
2022-09-01,0.0,0.0,0.0,1,0,0,0.014757234002118117,0.023961426279469115
2022-09-02,0.0,0.0002,-0.0002,1,1,1,0.014557234002118117,0.023961426279469115
2022-09-05,0.0005502687374719793,0.0,0.0005502687374719793,1,1,1,0.015107502739590096,0.024511695016941094
2022-09-06,-0.001078975894022156,0.0,-0.001078975894022156,1,1,1,0.01402852684556794,0.023432719122918937
2022-09-07,0.0005196125313416159,0.0,0.0005196125313416159,1,1,1,0.014548139376909556,0.023952331654260552
2022-09-08,0.0016528290883796588,0.0,0.0016528290883796588,1,1,1,0.016200968465289213,0.02560516074264021
2022-09-09,0.003974871606186794,0.0,0.003974871606186794,1,1,1,0.020175840071476006,0.029580032348827005
2022-09-12,-0.0002806768582368272,0.00019589457131370392,-0.0004765714295505311,1,0,0,0.019699268641925474,0.02929935549059018
2022-09-13,0.0,0.0,0.0,1,0,0,0.019699268641925474,0.02929935549059018
2022-09-14,0.0,0.0,0.0,1,0,0,0.019699268641925474,0.02929935549059018
2022-09-15,0.0,0.0,0.0,1,0,0,0.019699268641925474,0.02929935549059018
2022-09-16,0.0,0.0,0.0,1,0,0,0.019699268641925474,0.02929935549059018
2022-09-19,0.0,0.0,0.0,1,0,0,0.019699268641925474,0.02929935549059018
2022-09-20,0.0,0.0,0.0,1,0,0,0.019699268641925474,0.02929935549059018
2022-09-21,0.0,0.0,0.0,1,0,0,0.019699268641925474,0.02929935549059018
2022-09-22,0.0,0.0,0.0,1,0,0,0.019699268641925474,0.02929935549059018
2022-09-23,0.0,0.0,0.0,1,0,0,0.019699268641925474,0.02929935549059018
2022-09-26,0.0,0.0,0.0,1,0,0,0.019699268641925474,0.02929935549059018
2022-09-27,0.0,0.0,0.0,1,0,0,0.019699268641925474,0.02929935549059018
2022-09-28,0.0,0.0,0.0,1,0,0,0.019699268641925474,0.02929935549059018
2022-09-29,0.0,0.0,0.0,1,0,0,0.019699268641925474,0.02929935549059018
2022-09-30,0.0,0.0,0.0,1,0,0,0.019699268641925474,0.02929935549059018
2022-10-03,0.0,0.0,0.0,1,0,0,0.019699268641925474,0.02929935549059018
2022-10-04,0.0,0.0,0.0,1,0,0,0.019699268641925474,0.02929935549059018
2022-10-05,0.0,0.0,0.0,1,0,0,0.019699268641925474,0.02929935549059018
2022-10-06,0.0,0.0,0.0,1,0,0,0.019699268641925474,0.02929935549059018
2022-10-07,0.0,0.0,0.0,1,0,0,0.019699268641925474,0.02929935549059018
2022-10-10,0.0,0.0,0.0,1,0,0,0.019699268641925474,0.02929935549059018
2022-10-11,0.0,0.0,0.0,1,0,0,0.019699268641925474,0.02929935549059018
2022-10-12,0.0,0.0,0.0,1,0,0,0.019699268641925474,0.02929935549059018
2022-10-13,0.0,0.0,0.0,1,0,0,0.019699268641925474,0.02929935549059018
2022-10-14,0.0,0.0,0.0,1,0,0,0.019699268641925474,0.02929935549059018
2022-10-17,0.0,0.0,0.0,1,0,0,0.019699268641925474,0.02929935549059018
2022-10-18,0.0,0.0,0.0,1,0,0,0.019699268641925474,0.02929935549059018
2022-10-19,0.0,0.0,0.0,1,0,0,0.019699268641925474,0.02929935549059018
2022-10-20,0.0,0.0,0.0,1,0,0,0.019699268641925474,0.02929935549059018
2022-10-21,0.0,0.0,0.0,1,0,0,0.019699268641925474,0.02929935549059018
2022-10-24,0.0,0.0,0.0,1,0,0,0.019699268641925474,0.02929935549059018
2022-10-25,0.0,0.0,0.0,1,0,0,0.019699268641925474,0.02929935549059018
2022-10-26,0.0,0.0,0.0,1,0,0,0.019699268641925474,0.02929935549059018
2022-10-27,0.0,0.0,0.0,1,0,0,0.019699268641925474,0.02929935549059018
2022-10-28,0.0,0.0,0.0,1,0,0,0.019699268641925474,0.02929935549059018
2022-10-31,0.0,0.0,0.0,1,0,0,0.019699268641925474,0.02929935549059018
2022-11-01,0.0,0.0,0.0,1,0,0,0.019699268641925474,0.02929935549059018
2022-11-02,0.0,0.0,0.0,1,0,0,0.019699268641925474,0.02929935549059018
2022-11-03,0.0,0.0,0.0,1,0,0,0.019699268641925474,0.02929935549059018
2022-11-04,0.0,0.0,0.0,1,0,0,0.019699268641925474,0.02929935549059018
2022-11-07,0.0,0.0,0.0,1,0,0,0.019699268641925474,0.02929935549059018
2022-11-08,0.0,0.0,0.0,1,0,0,0.019699268641925474,0.02929935549059018
2022-11-09,0.0,0.0,0.0,1,0,0,0.019699268641925474,0.02929935549059018
2022-11-10,0.0,0.0,0.0,1,0,0,0.019699268641925474,0.02929935549059018
2022-11-11,0.0,0.0,0.0,1,0,0,0.019699268641925474,0.02929935549059018
2022-11-14,0.0,0.0,0.0,1,0,0,0.019699268641925474,0.02929935549059018
2022-11-15,0.0,0.0,0.0,1,0,0,0.019699268641925474,0.02929935549059018
2022-11-16,0.0,0.0,0.0,1,0,0,0.019699268641925474,0.02929935549059018
2022-11-17,0.0,0.0,0.0,1,0,0,0.019699268641925474,0.02929935549059018
2022-11-18,0.0,0.0,0.0,1,0,0,0.019699268641925474,0.02929935549059018
2022-11-21,0.0,0.0,0.0,1,0,0,0.019699268641925474,0.02929935549059018
2022-11-22,0.0,0.0,0.0,1,0,0,0.019699268641925474,0.02929935549059018
2022-11-23,0.0,0.0,0.0,1,0,0,0.019699268641925474,0.02929935549059018
2022-11-24,0.0,0.0,0.0,1,0,0,0.019699268641925474,0.02929935549059018
2022-11-25,0.0,0.0,0.0,1,0,0,0.019699268641925474,0.02929935549059018
2022-11-28,0.0,0.0,0.0,1,0,0,0.019699268641925474,0.02929935549059018
2022-11-29,0.0,0.0002,-0.0002,1,1,1,0.019499268641925475,0.02929935549059018
2022-11-30,0.0012718837530173385,0.0,0.0012718837530173385,1,1,1,0.020771152394942812,0.030571239243607516
2022-12-01,-0.0024567387017155056,0.0,-0.0024567387017155056,1,1,1,0.018314413693227307,0.02811450054189201
2022-12-02,0.00010434076923985678,0.0,0.00010434076923985678,1,1,1,0.018418754462467164,0.028218841311131868
2022-12-05,0.0011092021214546789,0.0,0.0011092021214546789,1,1,1,0.019527956583921844,0.029328043432586548
2022-12-06,-0.0017318563766319255,0.0,-0.0017318563766319255,1,1,1,0.01779610020728992,0.027596187055954624
2022-12-07,0.0007267474732173028,0.0,0.0007267474732173028,1,1,1,0.018522847680507222,0.028322934529171926
2022-12-08,0.002898382767485382,0.0,0.002898382767485382,1,1,1,0.021421230447992604,0.031221317296657308
2022-12-09,0.0013567640312585022,0.0001971008638214552,0.0011596631674370469,1,0,0,0.02258089361542965,0.03257808132791581
2022-12-12,0.0,0.0,0.0,1,0,0,0.02258089361542965,0.03257808132791581
2022-12-13,0.0,0.0,0.0,1,0,0,0.02258089361542965,0.03257808132791581
2022-12-14,0.0,0.00020000000000000006,-0.00020000000000000006,1,1,1,0.02238089361542965,0.03257808132791581
2022-12-15,-0.0013062118115289437,0.0,-0.0013062118115289437,1,1,1,0.021074681803900708,0.031271869516386865
2022-12-16,-0.002040770691269134,0.0,-0.002040770691269134,1,1,1,0.019033911112631575,0.02923109882511773
2022-12-19,0.0010963296683285696,0.0,0.0010963296683285696,1,1,1,0.020130240780960144,0.0303274284934463
2022-12-20,-0.0008903980945078108,0.0,-0.0008903980945078108,1,1,1,0.019239842686452333,0.02943703039893849
2022-12-21,0.0026200485188545104,0.0,0.0026200485188545104,1,1,1,0.021859891205306844,0.032057078917793
2022-12-22,0.0010297396355702358,0.0,0.0010297396355702358,1,1,1,0.02288963084087708,0.033086818553363234
2022-12-23,-0.0018139002446636598,0.0,-0.0018139002446636598,1,1,1,0.02107573059621342,0.03127291830869958
2022-12-26,0.0005541991595176358,0.0,0.0005541991595176358,1,1,1,0.021629929755731057,0.03182711746821721
2022-12-27,0.00068461904882466,0.0,0.00068461904882466,1,1,1,0.022314548804555717,0.03251173651704187
2022-12-28,0.0008413990953960039,0.0,0.0008413990953960039,1,1,1,0.02315594789995172,0.03335313561243787
2022-12-29,0.002948821249092705,0.00019790281882512255,0.0027509184302675826,1,0,0,0.025906866330219304,0.03630195686153057
2022-12-30,0.0,0.0,0.0,1,0,0,0.025906866330219304,0.03630195686153057
2023-01-02,0.0,0.0,0.0,1,0,0,0.025906866330219304,0.03630195686153057
2023-01-03,0.0,0.0,0.0,1,0,0,0.025906866330219304,0.03630195686153057
2023-01-04,0.0,0.0,0.0,1,0,0,0.025906866330219304,0.03630195686153057
2023-01-05,0.0,0.0002,-0.0002,1,1,1,0.025706866330219305,0.03630195686153057
2023-01-06,-0.0034857223630642667,0.0,-0.0034857223630642667,1,1,1,0.02222114396715504,0.0328162344984663
2023-01-09,-0.0018688692469925724,0.0,-0.0018688692469925724,1,1,1,0.020352274720162468,0.03094736525147373
2023-01-10,-0.0009132437749950688,0.0,-0.0009132437749950688,1,1,1,0.0194390309451674,0.030034121476478663
2023-01-11,0.0015756267841195116,0.0,0.0015756267841195116,1,1,1,0.02101465772928691,0.031609748260598175
2023-01-12,-0.002505110508718396,0.0,-0.002505110508718396,1,1,1,0.018509547220568516,0.02910463775187978
2023-01-13,0.0010511387902682901,0.0,0.0010511387902682901,1,1,1,0.019560686010836804,0.03015577654214807
2023-01-16,-0.001262934080058807,0.0,-0.001262934080058807,1,1,1,0.018297751930777997,0.028892842462089265
2023-01-17,-0.0009812594868049093,0.0,-0.0009812594868049093,1,1,1,0.017316492443973087,0.027911582975284354
2023-01-18,0.0014791049603133815,0.0,0.0014791049603133815,1,1,1,0.01879559740428647,0.029390687935597737
2023-01-19,0.0021998394815046056,0.0,0.0021998394815046056,1,1,1,0.020995436885791075,0.031590527417102346
2023-01-20,0.0023851324765974597,0.0,0.0023851324765974597,1,1,1,0.023380569362388536,0.03397565989369981
2023-01-23,-0.0021891362503314244,0.00020094007017680063,-0.002390076320508225,1,0,0,0.02099049304188031,0.03178652364336838
2023-01-24,0.0,0.0,0.0,1,0,0,0.02099049304188031,0.03178652364336838
2023-01-25,0.0,0.0,0.0,1,0,0,0.02099049304188031,0.03178652364336838
2023-01-26,0.0,0.0,0.0,1,0,0,0.02099049304188031,0.03178652364336838
2023-01-27,0.0,0.0,0.0,1,0,0,0.02099049304188031,0.03178652364336838
2023-01-30,0.0,0.0,0.0,1,0,0,0.02099049304188031,0.03178652364336838
2023-01-31,0.0,0.0,0.0,1,0,0,0.02099049304188031,0.03178652364336838
2023-02-01,0.0,0.0,0.0,1,0,0,0.02099049304188031,0.03178652364336838
2023-02-02,0.0,0.0,0.0,1,0,0,0.02099049304188031,0.03178652364336838
2023-02-03,0.0,0.0,0.0,1,0,0,0.02099049304188031,0.03178652364336838
2023-02-06,0.0,0.0,0.0,1,0,0,0.02099049304188031,0.03178652364336838
2023-02-07,0.0,0.0,0.0,1,0,0,0.02099049304188031,0.03178652364336838
2023-02-08,0.0,0.0,0.0,1,0,0,0.02099049304188031,0.03178652364336838
2023-02-09,0.0,0.0,0.0,1,0,0,0.02099049304188031,0.03178652364336838
2023-02-10,0.0,0.0,0.0,1,0,0,0.02099049304188031,0.03178652364336838
2023-02-13,0.0,0.0,0.0,1,0,0,0.02099049304188031,0.03178652364336838
2023-02-14,0.0,0.0,0.0,1,0,0,0.02099049304188031,0.03178652364336838
2023-02-15,0.0,0.0,0.0,1,0,0,0.02099049304188031,0.03178652364336838
2023-02-16,0.0,0.0,0.0,1,0,0,0.02099049304188031,0.03178652364336838
2023-02-17,0.0,0.0,0.0,1,0,0,0.02099049304188031,0.03178652364336838
2023-02-20,0.0,0.0,0.0,1,0,0,0.02099049304188031,0.03178652364336838
2023-02-21,0.0,0.0,0.0,1,0,0,0.02099049304188031,0.03178652364336838
2023-02-22,0.0,0.0,0.0,1,0,0,0.02099049304188031,0.03178652364336838
2023-02-23,0.0,0.0,0.0,1,0,0,0.02099049304188031,0.03178652364336838
2023-02-24,0.0,0.0,0.0,1,0,0,0.02099049304188031,0.03178652364336838
2023-02-27,0.0,0.0,0.0,1,0,0,0.02099049304188031,0.03178652364336838
2023-02-28,0.0,0.0,0.0,1,0,0,0.02099049304188031,0.03178652364336838
2023-03-01,0.0,0.0,0.0,1,0,0,0.02099049304188031,0.03178652364336838
2023-03-02,0.0,0.0,0.0,1,0,0,0.02099049304188031,0.03178652364336838
2023-03-03,0.0,0.0,0.0,1,0,0,0.02099049304188031,0.03178652364336838
2023-03-06,0.0,0.0,0.0,1,0,0,0.02099049304188031,0.03178652364336838
2023-03-07,0.0,0.0,0.0,1,0,0,0.02099049304188031,0.03178652364336838
2023-03-08,0.0,0.0,0.0,1,0,0,0.02099049304188031,0.03178652364336838
2023-03-09,0.0,0.0,0.0,1,0,0,0.02099049304188031,0.03178652364336838
2023-03-10,0.0,0.0,0.0,1,0,0,0.02099049304188031,0.03178652364336838
2023-03-13,0.0,0.0,0.0,1,0,0,0.02099049304188031,0.03178652364336838
2023-03-14,0.0,0.0,0.0,1,0,0,0.02099049304188031,0.03178652364336838
2023-03-15,0.0,0.0,0.0,1,0,0,0.02099049304188031,0.03178652364336838
2023-03-16,0.0,0.0,0.0,1,0,0,0.02099049304188031,0.03178652364336838
2023-03-17,0.0,0.0,0.0,1,0,0,0.02099049304188031,0.03178652364336838
2023-03-20,0.0,0.0,0.0,1,0,0,0.02099049304188031,0.03178652364336838
2023-03-21,0.0,0.0,0.0,1,0,0,0.02099049304188031,0.03178652364336838
2023-03-22,0.0,0.0,0.0,1,0,0,0.02099049304188031,0.03178652364336838
2023-03-23,0.0,0.0,0.0,1,0,0,0.02099049304188031,0.03178652364336838
2023-03-24,0.0,0.0,0.0,1,0,0,0.02099049304188031,0.03178652364336838
2023-03-27,0.0,0.0,0.0,1,0,0,0.02099049304188031,0.03178652364336838
2023-03-28,0.0,0.0,0.0,1,0,0,0.02099049304188031,0.03178652364336838
2023-03-29,0.0,0.0,0.0,1,0,0,0.02099049304188031,0.03178652364336838
2023-03-30,0.0,0.0,0.0,1,0,0,0.02099049304188031,0.03178652364336838
2023-03-31,0.0,0.0,0.0,1,0,0,0.02099049304188031,0.03178652364336838
2023-04-03,0.0,0.0,0.0,1,0,0,0.02099049304188031,0.03178652364336838
2023-04-04,0.0,0.0,0.0,1,0,0,0.02099049304188031,0.03178652364336838
2023-04-05,0.0,0.0,0.0,1,0,0,0.02099049304188031,0.03178652364336838
2023-04-06,0.0,0.0,0.0,1,0,0,0.02099049304188031,0.03178652364336838
2023-04-07,0.0,0.0,0.0,1,0,0,0.02099049304188031,0.03178652364336838
2023-04-10,0.0,0.0002,-0.0002,1,1,1,0.020790493041880312,0.03178652364336838
2023-04-11,-0.0015542393467276934,0.0,-0.0015542393467276934,1,1,1,0.019236253695152618,0.03023228429664069
2023-04-12,0.0024857808150421717,0.0,0.0024857808150421717,1,1,1,0.02172203451019479,0.03271806511168286
2023-04-13,-0.0010362059596047957,0.0,-0.0010362059596047957,1,1,1,0.020685828550589994,0.031681859152078065
2023-04-14,0.004558953383984826,0.0,0.004558953383984826,1,1,1,0.02524478193457482,0.03624081253606289
2023-04-17,-0.0003220860933601669,0.00019815006654227106,-0.000520236159902438,1,0,0,0.024724545774672382,0.03591872644270273
2023-04-18,0.0,0.0,0.0,1,0,0,0.024724545774672382,0.03591872644270273
2023-04-19,0.0,0.0,0.0,1,0,0,0.024724545774672382,0.03591872644270273
2023-04-20,0.0,0.0,0.0,1,0,0,0.024724545774672382,0.03591872644270273
2023-04-21,0.0,0.0,0.0,1,0,0,0.024724545774672382,0.03591872644270273
2023-04-24,0.0,0.0,0.0,1,0,0,0.024724545774672382,0.03591872644270273
2023-04-25,0.0,0.0,0.0,1,0,0,0.024724545774672382,0.03591872644270273
2023-04-26,0.0,0.0002,-0.0002,1,1,1,0.024524545774672384,0.03591872644270273
2023-04-27,-0.0006269454498135363,0.0,-0.0006269454498135363,1,1,1,0.023897600324858846,0.03529178099288919
2023-04-28,0.0006844336236093602,0.0,0.0006844336236093602,1,1,1,0.024582033948468206,0.03597621461649855
2023-05-01,-0.003205489981129789,0.0,-0.003205489981129789,1,1,1,0.021376543967338416,0.032770724635368766
2023-05-02,-0.0010215530355354029,0.0,-0.0010215530355354029,1,1,1,0.020354990931803013,0.03174917159983336
2023-05-03,0.0023418807690578115,0.0,0.0023418807690578115,1,1,1,0.022696871700860825,0.03409105236889118
2023-05-04,0.0023372342882423433,0.0,0.0023372342882423433,1,1,1,0.02503410598910317,0.03642828665713352
2023-05-05,0.001948081026984458,0.0,0.001948081026984458,1,1,1,0.026982187016087626,0.03837636768411798
2023-05-08,0.001763167216476989,0.00019271614952514626,0.0015704510669518428,1,0,0,0.02855263808303947,0.04013953490059497
2023-05-09,0.0,0.0,0.0,1,0,0,0.02855263808303947,0.04013953490059497
2023-05-10,0.0,0.0,0.0,1,0,0,0.02855263808303947,0.04013953490059497
2023-05-11,0.0,0.0,0.0,1,0,0,0.02855263808303947,0.04013953490059497
2023-05-12,0.0,0.0,0.0,1,0,0,0.02855263808303947,0.04013953490059497
2023-05-15,0.0,0.0,0.0,1,0,0,0.02855263808303947,0.04013953490059497
2023-05-16,0.0,0.0,0.0,1,0,0,0.02855263808303947,0.04013953490059497
2023-05-17,0.0,0.0,0.0,1,0,0,0.02855263808303947,0.04013953490059497
2023-05-18,0.0,0.0,0.0,1,0,0,0.02855263808303947,0.04013953490059497
2023-05-19,0.0,0.0,0.0,1,0,0,0.02855263808303947,0.04013953490059497
2023-05-22,0.0,0.00019999999999999996,-0.00019999999999999996,1,1,1,0.02835263808303947,0.04013953490059497
2023-05-23,0.005740533874360807,0.0,0.005740533874360807,1,1,1,0.034093171957400276,0.045880068774955776
2023-05-24,-0.0014921170228490387,0.0,-0.0014921170228490387,1,1,1,0.03260105493455124,0.04438795175210674
2023-05-25,0.002346325009448762,0.0,0.002346325009448762,1,1,1,0.034947379944000004,0.046734276761555504
2023-05-26,0.003310117689180723,0.0,0.003310117689180723,1,1,1,0.038257497633180725,0.050044394450736225
2023-05-29,-0.001619263283697658,0.0002004715662321,-0.001819734849929758,1,0,0,0.03643776278325097,0.04842513116703857
2023-05-30,0.0,0.0,0.0,1,0,0,0.03643776278325097,0.04842513116703857
2023-05-31,0.0,0.0,0.0,1,0,0,0.03643776278325097,0.04842513116703857
2023-06-01,0.0,0.0,0.0,1,0,0,0.03643776278325097,0.04842513116703857
2023-06-02,0.0,0.0,0.0,1,0,0,0.03643776278325097,0.04842513116703857
2023-06-05,0.0,0.0,0.0,1,0,0,0.03643776278325097,0.04842513116703857
2023-06-06,0.0,0.0,0.0,1,0,0,0.03643776278325097,0.04842513116703857
2023-06-07,0.0,0.0,0.0,1,0,0,0.03643776278325097,0.04842513116703857
2023-06-08,0.0,0.0,0.0,1,0,0,0.03643776278325097,0.04842513116703857
2023-06-09,0.0,0.0,0.0,1,0,0,0.03643776278325097,0.04842513116703857
2023-06-12,0.0,0.0,0.0,1,0,0,0.03643776278325097,0.04842513116703857
2023-06-13,0.0,0.0,0.0,1,0,0,0.03643776278325097,0.04842513116703857
2023-06-14,0.0,0.0,0.0,1,0,0,0.03643776278325097,0.04842513116703857
2023-06-15,0.0,0.0,0.0,1,0,0,0.03643776278325097,0.04842513116703857
2023-06-16,0.0,0.0,0.0,1,0,0,0.03643776278325097,0.04842513116703857
2023-06-19,0.0,0.0,0.0,1,0,0,0.03643776278325097,0.04842513116703857
2023-06-20,0.0,0.0,0.0,1,0,0,0.03643776278325097,0.04842513116703857
2023-06-21,0.0,0.0,0.0,1,0,0,0.03643776278325097,0.04842513116703857
2023-06-22,0.0,0.0,0.0,1,0,0,0.03643776278325097,0.04842513116703857
2023-06-23,0.0,0.0,0.0,1,0,0,0.03643776278325097,0.04842513116703857
2023-06-26,0.0,0.0,0.0,1,0,0,0.03643776278325097,0.04842513116703857
2023-06-27,0.0,0.0,0.0,1,0,0,0.03643776278325097,0.04842513116703857
2023-06-28,0.0,0.0,0.0,1,0,0,0.03643776278325097,0.04842513116703857
2023-06-29,0.0,0.0,0.0,1,0,0,0.03643776278325097,0.04842513116703857
2023-06-30,0.0,0.0,0.0,1,0,0,0.03643776278325097,0.04842513116703857
2023-07-03,0.0,0.0,0.0,1,0,0,0.03643776278325097,0.04842513116703857
2023-07-04,0.0,0.0,0.0,1,0,0,0.03643776278325097,0.04842513116703857
2023-07-05,0.0,0.0,0.0,1,0,0,0.03643776278325097,0.04842513116703857
2023-07-06,0.0,0.0,0.0,1,0,0,0.03643776278325097,0.04842513116703857
2023-07-07,0.0,0.0,0.0,1,0,0,0.03643776278325097,0.04842513116703857
2023-07-10,0.0,0.0002,-0.0002,1,1,1,0.03623776278325097,0.04842513116703857
2023-07-11,-0.0021604443657024276,0.0,-0.0021604443657024276,1,1,1,0.03407731841754855,0.046264686801336136
2023-07-12,0.0043766760602010875,0.0,0.0043766760602010875,1,1,1,0.03845399447774964,0.050641362861537226
2023-07-13,-0.001815812641313268,0.0,-0.001815812641313268,1,1,1,0.03663818183643637,0.04882555022022396
2023-07-14,0.004222881284761917,0.0,0.004222881284761917,1,1,1,0.04086106312119829,0.05304843150498588
2023-07-17,0.0009771122390102983,0.00019902060420902112,0.0007780916348012773,1,0,0,0.041639154755999566,0.05402554374399618
2023-07-18,0.0,0.0,0.0,1,0,0,0.041639154755999566,0.05402554374399618
2023-07-19,0.0,0.0,0.0,1,0,0,0.041639154755999566,0.05402554374399618
2023-07-20,0.0,0.0,0.0,1,0,0,0.041639154755999566,0.05402554374399618
2023-07-21,0.0,0.0,0.0,1,0,0,0.041639154755999566,0.05402554374399618
2023-07-24,0.0,0.0,0.0,1,0,0,0.041639154755999566,0.05402554374399618
2023-07-25,0.0,0.0,0.0,1,0,0,0.041639154755999566,0.05402554374399618
2023-07-26,0.0,0.0,0.0,1,0,0,0.041639154755999566,0.05402554374399618
2023-07-27,0.0,0.0,0.0,1,0,0,0.041639154755999566,0.05402554374399618
2023-07-28,0.0,0.0,0.0,1,0,0,0.041639154755999566,0.05402554374399618
2023-07-31,0.0,0.0,0.0,1,0,0,0.041639154755999566,0.05402554374399618
2023-08-01,0.0,0.0,0.0,1,0,0,0.041639154755999566,0.05402554374399618
