fold,model,roc_auc,avg_precision
0,Raw vibration only (no model),0.9354013469455749,0.7536099259791168
0,"Logistic regression, raw",0.939919920991885,0.770079060537444
0,"Random forest, raw",0.9317692344304038,0.742822721598927
0,"Logistic regression, engineered",0.9436293757882963,0.8449100937360429
0,"Random forest, engineered",0.9672663668165917,0.8501161883449961
1,Raw vibration only (no model),0.8298502418895846,0.5422352994498368
1,"Logistic regression, raw",0.8356573705179282,0.5502025747655479
1,"Random forest, raw",0.8390604249667994,0.5215800564208288
1,"Logistic regression, engineered",0.8657720309239233,0.6943379789921831
1,"Random forest, engineered",0.9115798709922216,0.6537566763380477
2,Raw vibration only (no model),0.8991688224585608,0.7798893312188335
2,"Logistic regression, raw",0.901845597393887,0.7547195479780964
2,"Random forest, raw",0.8759072290888187,0.7002064246685986
2,"Logistic regression, engineered",0.9246101609657946,0.7993249630341526
2,"Random forest, engineered",0.9247359154929577,0.7636741748582104
3,Raw vibration only (no model),0.9230062065006817,0.6500758175412271
3,"Logistic regression, raw",0.9124333309416182,0.6671240247153476
3,"Random forest, raw",0.9334744445241683,0.7898216237287471
3,"Logistic regression, engineered",0.92530374781756,0.7397629794034706
3,"Random forest, engineered",0.9335611441965034,0.7801700496679664
4,Raw vibration only (no model),0.9652282983018643,0.7378952840434605
4,"Logistic regression, raw",0.9702470015437596,0.7713821292606386
4,"Random forest, raw",0.9739490559315996,0.8676697798272889
4,"Logistic regression, engineered",0.9772087638047738,0.8040128272289992
4,"Random forest, engineered",0.9753948462177888,0.8038658434287379
