Date,AUDUSD,NZDUSD
2016-01-04,0.71659,0.67399
2016-01-05,0.7151,0.67002
2016-01-06,0.70701,0.66419
2016-01-07,0.70249,0.66529
2016-01-08,0.69759,0.65591
2016-01-11,0.6992,0.65539
2016-01-12,0.6975,0.65232
2016-01-13,0.69959,0.65591
2016-01-14,0.69798,0.647
2016-01-15,0.68639,0.64309
2016-01-19,0.6929,0.64889
2016-01-20,0.68549,0.6389
2016-01-21,0.70028,0.65219
2016-01-22,0.70141,0.6483
2016-01-25,0.69701,0.64729
2016-01-26,0.70048,0.64918
2016-01-27,0.70741,0.6527
2016-01-28,0.70852,0.64771
2016-01-29,0.70711,0.64691
2016-02-01,0.70842,0.65121
2016-02-02,0.70582,0.64969
2016-02-03,0.71342,0.66591
2016-02-04,0.7216,0.6729
2016-02-05,0.70842,0.6619
2016-02-08,0.71028,0.6637
2016-02-09,0.70651,0.66481
2016-02-10,0.70892,0.66551
2016-02-11,0.70962,0.66818
2016-02-12,0.70982,0.66278
2016-02-16,0.71028,0.65651
2016-02-17,0.71679,0.66278
2016-02-18,0.715,0.6626
2016-02-19,0.7125,0.66151
2016-02-22,0.7238,0.672
2016-02-23,0.72088,0.666
2016-02-24,0.71772,0.66322
2016-02-25,0.72082,0.66988
2016-02-26,0.71301,0.66481
2016-02-29,0.71521,0.66011
2016-03-01,0.71721,0.6619
2016-03-02,0.7268,0.66419
2016-03-03,0.736,0.67458
2016-03-04,0.7425,0.6799
2016-03-07,0.74671,0.68009
2016-03-08,0.7451,0.677
2016-03-09,0.75279,0.68092
2016-03-10,0.74438,0.66671
2016-03-11,0.75717,0.67632
2016-03-14,0.75148,0.66899
2016-03-15,0.74649,0.66142
2016-03-16,0.74349,0.66011
2016-03-17,0.76371,0.68348
2016-03-18,0.76179,0.6812
2016-03-21,0.75942,0.67641
2016-03-22,0.76249,0.676
2016-03-23,0.7533,0.6702
2016-03-24,0.7516,0.66948
2016-03-25,0.75182,0.66849
2016-03-28,0.75489,0.6729
2016-03-29,0.75672,0.68032
2016-03-30,0.76669,0.69142
2016-03-31,0.7677,0.69262
2016-04-01,0.76722,0.68989
2016-04-04,0.76138,0.68521
2016-04-05,0.75188,0.6787
2016-04-06,0.76132,0.68399
2016-04-07,0.75041,0.67741
2016-04-08,0.7554,0.68148
2016-04-11,0.75988,0.68601
2016-04-12,0.76587,0.69018
2016-04-13,0.76488,0.69161
2016-04-14,0.77048,0.68658
2016-04-15,0.77172,0.69132
2016-04-18,0.77459,0.69459
2016-04-19,0.78058,0.70338
2016-04-20,0.78168,0.69969
2016-04-21,0.7758,0.69238
2016-04-22,0.77131,0.6854
2016-04-25,0.77172,0.68559
2016-04-26,0.77411,0.68951
2016-04-27,0.75942,0.68512
2016-04-28,0.76348,0.69691
2016-04-29,0.76121,0.69842
2016-05-02,0.76412,0.70092
2016-05-03,0.74918,0.69252
2016-05-04,0.74538,0.68738
2016-05-05,0.74649,0.68942
2016-05-06,0.73578,0.68432
2016-05-09,0.73228,0.67778
2016-05-10,0.73508,0.67458
2016-05-11,0.73981,0.68451
2016-05-12,0.73142,0.68162
2016-05-13,0.72733,0.6781
2016-05-16,0.72998,0.6805
2016-05-17,0.73519,0.68399
2016-05-18,0.72849,0.6782
2016-05-19,0.72129,0.67481
2016-05-20,0.7215,0.676
2016-05-23,0.72031,0.6754
2016-05-24,0.71839,0.67381
2016-05-25,0.7186,0.67522
2016-05-26,0.7227,0.67522
2016-05-27,0.72051,0.6729
2016-05-31,0.72422,0.67691
2016-06-01,0.72422,0.68069
2016-06-02,0.72249,0.68148
2016-06-03,0.73389,0.6942
2016-06-06,0.73621,0.6931
2016-06-07,0.74521,0.69808
2016-06-08,0.74789,0.7024
2016-06-09,0.74311,0.71332
2016-06-10,0.73948,0.70691
2016-06-13,0.73943,0.70641
2016-06-14,0.736,0.70028
2016-06-15,0.74041,0.70279
2016-06-16,0.73121,0.69959
2016-06-17,0.7385,0.70562
2016-06-20,0.74582,0.71088
2016-06-21,0.7461,0.71378
2016-06-22,0.74912,0.71649
2016-06-23,0.75982,0.72422
2016-06-24,0.7451,0.71088
2016-06-27,0.73573,0.702
2016-06-28,0.73529,0.70309
2016-06-29,0.74438,0.7121
2016-06-30,0.74322,0.712
2016-07-01,0.7485,0.71669
2016-07-05,0.7456,0.71469
2016-07-06,0.75109,0.71301
2016-07-07,0.74878,0.72129
2016-07-08,0.75592,0.72929
2016-07-11,0.75341,0.72218
2016-07-12,0.76313,0.73041
2016-07-13,0.76243,0.7303
2016-07-14,0.76318,0.71989
2016-07-15,0.75873,0.71332
2016-07-18,0.75971,0.71169
2016-07-19,0.74963,0.70492
2016-07-20,0.74862,0.70328
2016-07-21,0.74968,0.69891
2016-07-22,0.74532,0.69901
2016-07-25,0.74582,0.69808
2016-07-26,0.7516,0.70378
2016-07-27,0.74599,0.70418
2016-07-28,0.75109,0.70751
2016-07-29,0.75988,0.7216
2016-08-01,0.75672,0.71958
2016-08-02,0.76109,0.72348
2016-08-03,0.75919,0.71628
2016-08-04,0.76371,0.71948
2016-08-05,0.7615,0.71378
2016-08-08,0.76558,0.71388
2016-08-09,0.7677,0.71782
2016-08-10,0.77172,0.72202
2016-08-11,0.77101,0.72422
2016-08-12,0.76687,0.7215
2016-08-15,0.7687,0.72192
2016-08-16,0.7697,0.72659
2016-08-17,0.7619,0.72192
2016-08-18,0.7684,0.72918
2016-08-19,0.76202,0.7268
2016-08-22,0.76289,0.7278
2016-08-23,0.76318,0.73067
2016-08-24,0.76051,0.73067
2016-08-25,0.76109,0.72971
2016-08-26,0.76138,0.73019
2016-08-29,0.75758,0.72543
2016-08-30,0.7516,0.72218
2016-08-31,0.75188,0.72569
2016-09-01,0.7542,0.72823
2016-09-02,0.75569,0.7286
2016-09-06,0.7674,0.74069
2016-09-07,0.76752,0.7451
2016-09-08,0.76658,0.74058
2016-09-09,0.75489,0.73362
2016-09-12,0.75262,0.73212
2016-09-13,0.74699,0.72622
2016-09-14,0.7485,0.73041
2016-09-15,0.7512,0.73078
2016-09-16,0.7489,0.72711
2016-09-19,0.75597,0.73169
2016-09-20,0.75517,0.73228
2016-09-21,0.7589,0.73282
2016-09-22,0.76441,0.73148
2016-09-23,0.76208,0.72348
2016-09-26,0.76418,0.72801
2016-09-27,0.76581,0.72939
2016-09-28,0.76587,0.72543
2016-09-29,0.76758,0.72849
2016-09-30,0.76669,0.72902
2016-10-03,0.7664,0.72632
2016-10-04,0.76441,0.72459
2016-10-05,0.76179,0.71731
2016-10-06,0.75798,0.71608
2016-10-07,0.75557,0.7119
2016-10-11,0.75449,0.70671
2016-10-12,0.75529,0.70482
2016-10-13,0.7558,0.70811
2016-10-14,0.76098,0.70872
2016-10-17,0.7626,0.71342
2016-10-18,0.76787,0.72181
2016-10-19,0.77149,0.72228
2016-10-20,0.764,0.72031
2016-10-21,0.75971,0.71541
2016-10-24,0.76028,0.71332
2016-10-25,0.76523,0.71679
2016-10-26,0.7657,0.71561
2016-10-27,0.76057,0.7123
2016-10-28,0.75781,0.71439
2016-10-31,0.76109,0.71561
2016-11-01,0.76587,0.71762
2016-11-02,0.76669,0.72961
2016-11-03,0.76811,0.73223
2016-11-04,0.76687,0.7311
2016-11-07,0.77,0.73239
2016-11-08,0.77328,0.73551
2016-11-09,0.7674,0.73019
2016-11-10,0.75901,0.7202
2016-11-14,0.75318,0.70852
2016-11-15,0.75398,0.70952
2016-11-16,0.74918,0.70791
2016-11-17,0.74549,0.70582
2016-11-18,0.73448,0.70279
2016-11-21,0.73573,0.70572
2016-11-22,0.73883,0.70482
2016-11-23,0.7391,0.70102
2016-11-25,0.7425,0.70452
2016-11-28,0.74778,0.70631
2016-11-29,0.74688,0.7119
2016-11-30,0.73872,0.70811
2016-12-01,0.74113,0.70721
2016-12-02,0.74449,0.71388
2016-12-05,0.74761,0.71342
2016-12-06,0.74538,0.71129
2016-12-07,0.74789,0.71602
2016-12-08,0.74482,0.71679
2016-12-09,0.74421,0.71388
2016-12-12,0.74862,0.71891
2016-12-13,0.7494,0.72041
2016-12-14,0.7512,0.7228
2016-12-15,0.73432,0.70151
2016-12-16,0.72982,0.69808
2016-12-19,0.72637,0.69488
2016-12-20,0.72522,0.69209
2016-12-21,0.72438,0.69018
2016-12-22,0.7216,0.69089
2016-12-23,0.71741,0.687
2016-12-27,0.71891,0.68899
2016-12-28,0.71849,0.69099
2016-12-29,0.72202,0.6958
2016-12-30,0.72301,0.6958
2017-01-03,0.72312,0.69271
2017-01-04,0.72701,0.69488
2017-01-05,0.73341,0.7022
2017-01-06,0.73051,0.6973
2017-01-09,0.73638,0.70269
2017-01-10,0.73697,0.69862
2017-01-11,0.73997,0.70082
2017-01-12,0.75081,0.71378
2017-01-13,0.74811,0.71048
2017-01-17,0.75398,0.71829
2017-01-18,0.75529,0.71782
2017-01-19,0.75449,0.7171
2017-01-23,0.75637,0.7215
2017-01-24,0.75838,0.72611
2017-01-25,0.75649,0.7268
2017-01-26,0.75313,0.72322
2017-01-27,0.75489,0.72569
2017-01-30,0.75557,0.72812
2017-01-31,0.75821,0.73292
2017-02-01,0.75637,0.72511
2017-02-02,0.76728,0.73062
2017-02-03,0.76858,0.73223
2017-02-06,0.76412,0.73041
2017-02-07,0.76359,0.73158
2017-02-08,0.76482,0.73223
2017-02-09,0.76231,0.71818
2017-02-10,0.76858,0.72072
2017-02-13,0.76441,0.71751
2017-02-14,0.76383,0.71541
2017-02-15,0.76982,0.7202
2017-02-16,0.76941,0.7227
2017-02-17,0.7657,0.71818
2017-02-21,0.76722,0.71561
2017-02-22,0.76829,0.71608
2017-02-23,0.7716,0.72348
2017-02-24,0.76811,0.7201
2017-02-27,0.76929,0.72239
2017-02-28,0.76858,0.72291
2017-03-01,0.7664,0.71311
2017-03-02,0.75781,0.70711
2017-03-03,0.75592,0.70121
2017-03-06,0.75832,0.69989
2017-03-07,0.76028,0.69832
2017-03-08,0.75438,0.69262
2017-03-09,0.75171,0.6907
2017-03-10,0.75313,0.6919
2017-03-13,0.75809,0.69271
2017-03-14,0.75752,0.69329
2017-03-15,0.7593,0.6956
2017-03-16,0.76728,0.69789
2017-03-17,0.76899,0.70082
2017-03-20,0.77328,0.70502
2017-03-21,0.77172,0.70631
2017-03-22,0.7674,0.70562
2017-03-23,0.76441,0.70432
2017-03-24,0.7619,0.70299
2017-03-27,0.76231,0.70552
2017-03-28,0.76511,0.70368
2017-03-29,0.76599,0.70249
2017-03-30,0.76658,0.7023
2017-03-31,0.76383,0.70008
2017-04-03,0.76011,0.69969
2017-04-04,0.75672,0.69769
2017-04-05,0.75752,0.69551
2017-04-06,0.75489,0.6973
2017-04-07,0.7516,0.6957
2017-04-10,0.75002,0.69648
2017-04-11,0.74968,0.6956
2017-04-12,0.7485,0.69252
2017-04-13,0.7585,0.70111
2017-04-14,0.75752,0.70092
2017-04-17,0.7604,0.70279
2017-04-18,0.75529,0.70338
2017-04-19,0.75002,0.70018
2017-04-20,0.75398,0.70171
2017-04-21,0.75392,0.702
2017-04-24,0.7558,0.7019
2017-04-25,0.75381,0.69488
2017-04-26,0.74621,0.68799
2017-04-27,0.74521,0.6854
2017-04-28,0.7475,0.68601
2017-05-01,0.75341,0.69142
2017-05-02,0.75228,0.69228
2017-05-03,0.7451,0.69118
2017-05-04,0.7403,0.6854
2017-05-05,0.7414,0.69152
2017-05-08,0.73861,0.69099
2017-05-09,0.73519,0.68989
2017-05-10,0.73828,0.69459
2017-05-11,0.73741,0.68488
2017-05-12,0.7397,0.68601
2017-05-15,0.7425,0.68861
2017-05-16,0.74289,0.68809
2017-05-17,0.74261,0.69262
2017-05-18,0.74322,0.69161
2017-05-19,0.74488,0.69132
2017-05-22,0.74761,0.69901
2017-05-23,0.7485,0.70141
2017-05-24,0.74632,0.70121
2017-05-25,0.7466,0.70432
2017-05-26,0.74399,0.70552
2017-05-30,0.74649,0.70952
2017-05-31,0.74372,0.70998
2017-06-01,0.73872,0.70641
2017-06-02,0.7441,0.71408
2017-06-05,0.74789,0.71408
2017-06-06,0.75143,0.7201
2017-06-07,0.755,0.71958
2017-06-08,0.75432,0.72192
2017-06-09,0.75318,0.72072
2017-06-12,0.75392,0.72062
2017-06-13,0.75398,0.72213
2017-06-14,0.7619,0.7303
2017-06-15,0.75821,0.72088
2017-06-16,0.7622,0.72522
2017-06-19,0.76051,0.72438
2017-06-20,0.75752,0.7239
2017-06-21,0.75489,0.7214
2017-06-22,0.7542,0.72648
2017-06-23,0.75781,0.72939
2017-06-26,0.75901,0.7303
2017-06-27,0.75878,0.7278
2017-06-28,0.76383,0.73078
2017-06-29,0.76799,0.72902
2017-06-30,0.76758,0.73223
2017-07-03,0.76523,0.72987
2017-07-05,0.75878,0.72733
2017-07-06,0.75838,0.72659
2017-07-07,0.75988,0.72733
2017-07-10,0.75988,0.7269
2017-07-11,0.76138,0.72088
2017-07-12,0.76728,0.72611
2017-07-13,0.7728,0.73148
2017-07-14,0.78131,0.73308
2017-07-17,0.78113,0.73223
2017-07-18,0.79233,0.73681
2017-07-19,0.7946,0.73573
2017-07-20,0.7958,0.73943
2017-07-21,0.79108,0.74372
2017-07-24,0.79258,0.743
2017-07-25,0.79491,0.74239
2017-07-26,0.7922,0.74311
2017-07-27,0.79618,0.74912
2017-07-28,0.79911,0.75058
2017-07-31,0.79879,0.7503
2017-08-01,0.79738,0.74738
2017-08-02,0.79828,0.74449
2017-08-03,0.79447,0.74383
2017-08-04,0.79239,0.7414
2017-08-07,0.79051,0.73529
2017-08-08,0.79051,0.73282
2017-08-09,0.78722,0.73169
2017-08-10,0.78883,0.72759
2017-08-11,0.78802,0.73051
2017-08-14,0.78641,0.72971
2017-08-15,0.78223,0.72411
2017-08-16,0.78821,0.72632
2017-08-17,0.79183,0.73078
2017-08-18,0.79327,0.73292
2017-08-21,0.79359,0.7326
2017-08-22,0.79133,0.72918
2017-08-23,0.78933,0.72082
2017-08-24,0.79051,0.7215
2017-08-25,0.7929,0.72322
2017-08-28,0.79561,0.7249
2017-08-29,0.79732,0.72711
2017-08-30,0.79051,0.72098
2017-08-31,0.79321,0.717
2017-09-01,0.79802,0.71669
2017-09-05,0.80103,0.72522
2017-09-06,0.8016,0.72218
2017-09-07,0.80379,0.72359
2017-09-08,0.8071,0.72791
2017-09-11,0.80238,0.72501
2017-09-12,0.80418,0.72971
2017-09-13,0.79872,0.72338
2017-09-14,0.79802,0.72088
2017-09-15,0.8007,0.72892
2017-09-18,0.79662,0.72611
2017-09-19,0.80141,0.73228
2017-09-20,0.80697,0.73883
2017-09-21,0.79403,0.7318
2017-09-22,0.79751,0.73432
2017-09-25,0.79371,0.72669
2017-09-26,0.78802,0.71901
2017-09-27,0.7866,0.72181
2017-09-28,0.78309,0.72129
2017-09-29,0.78401,0.72249
2017-10-02,0.78247,0.7201
2017-10-03,0.78278,0.71551
2017-10-04,0.78561,0.71592
2017-10-05,0.77997,0.71179
2017-10-06,0.77652,0.70922
2017-10-10,0.77882,0.70771
2017-10-11,0.77809,0.70771
2017-10-12,0.78272,0.71261
2017-10-13,0.78852,0.7186
2017-10-16,0.78592,0.71808
2017-10-17,0.78327,0.71669
2017-10-18,0.78382,0.71378
2017-10-19,0.78777,0.7024
2017-10-20,0.78119,0.69589
2017-10-23,0.7807,0.6975
2017-10-24,0.77803,0.68961
2017-10-25,0.76941,0.6871
2017-10-26,0.76882,0.68601
2017-10-27,0.76599,0.6871
2017-10-30,0.76781,0.68691
2017-10-31,0.76681,0.68498
2017-11-01,0.76758,0.68961
2017-11-02,0.7722,0.69219
2017-11-03,0.76499,0.69089
2017-11-06,0.76728,0.69142
2017-11-07,0.76371,0.68999
2017-11-08,0.7677,0.69209
2017-11-09,0.76681,0.69522
2017-11-13,0.7622,0.6898
2017-11-14,0.76278,0.68828
2017-11-15,0.75758,0.68729
2017-11-16,0.75901,0.68611
2017-11-17,0.75632,0.6812
2017-11-20,0.75512,0.6812
2017-11-21,0.75821,0.68362
2017-11-22,0.75913,0.68611
2017-11-24,0.7619,0.68852
2017-11-27,0.76051,0.69089
2017-11-28,0.76167,0.69319
2017-11-29,0.75717,0.6898
2017-11-30,0.75717,0.68498
2017-12-01,0.76243,0.68918
2017-12-04,0.75982,0.6846
2017-12-05,0.76057,0.6879
2017-12-06,0.75649,0.68799
2017-12-07,0.75262,0.6846
2017-12-08,0.75069,0.68451
2017-12-11,0.75398,0.6919
2017-12-12,0.755,0.69281
2017-12-13,0.76051,0.69881
2017-12-14,0.76722,0.69901
2017-12-15,0.76458,0.70018
2017-12-18,0.76752,0.70111
2017-12-19,0.76523,0.69862
2017-12-20,0.76728,0.69842
2017-12-21,0.7703,0.702
2017-12-22,0.77131,0.70151
2017-12-26,0.7728,0.70338
2017-12-27,0.77718,0.70691
2017-12-28,0.7793,0.70892
2017-12-29,0.78149,0.70998
2018-01-02,0.78241,0.71058
2018-01-03,0.78401,0.71038
2018-01-04,0.78561,0.71449
2018-01-05,0.78592,0.717
2018-01-08,0.78382,0.71818
2018-01-09,0.78223,0.71798
2018-01-10,0.78413,0.7188
2018-01-11,0.78852,0.72438
2018-01-12,0.78858,0.7239
2018-01-16,0.7958,0.72748
2018-01-17,0.79821,0.72918
2018-01-18,0.7993,0.7311
2018-01-19,0.80013,0.72849
2018-01-22,0.80038,0.7311
2018-01-23,0.7984,0.73448
2018-01-24,0.80658,0.74069
2018-01-25,0.80893,0.73708
2018-01-26,0.8105,0.73481
2018-01-29,0.80893,0.73078
2018-01-30,0.80762,0.73341
2018-01-31,0.80691,0.73719
2018-02-01,0.80283,0.73981
2018-02-02,0.7929,0.73041
2018-02-05,0.79258,0.72918
2018-02-06,0.78771,0.73062
2018-02-07,0.78419,0.72812
2018-02-08,0.77888,0.72062
2018-02-09,0.78088,0.72522
2018-02-12,0.78358,0.7239
2018-02-13,0.78567,0.72849
2018-02-14,0.78728,0.73341
2018-02-15,0.7912,0.73823
2018-02-16,0.79252,0.73981
2018-02-20,0.79033,0.73562
2018-02-21,0.78327,0.73389
2018-02-22,0.78499,0.73492
2018-02-23,0.78272,0.72908
2018-02-26,0.78431,0.73089
2018-02-27,0.7804,0.72432
2018-02-28,0.78009,0.7227
2018-03-01,0.77622,0.72501
2018-03-02,0.77537,0.72338
2018-03-05,0.77592,0.72322
2018-03-06,0.78223,0.73041
2018-03-07,0.77961,0.72648
2018-03-08,0.77869,0.72601
2018-03-09,0.78493,0.7295
2018-03-12,0.78641,0.72929
2018-03-13,0.78808,0.73438
2018-03-14,0.78771,0.73292
2018-03-15,0.78162,0.72892
2018-03-16,0.77328,0.72171
2018-03-19,0.77048,0.7228
2018-03-20,0.76911,0.71948
2018-03-21,0.77077,0.71798
2018-03-22,0.76959,0.72202
2018-03-23,0.77208,0.72543
2018-03-26,0.77268,0.7295
2018-03-27,0.77172,0.72881
2018-03-28,0.76811,0.72432
2018-03-29,0.76722,0.72202
2018-03-30,0.76899,0.7239
2018-04-02,0.76581,0.72181
2018-04-03,0.7674,0.72601
2018-04-04,0.77012,0.72971
2018-04-05,0.76882,0.72722
2018-04-06,0.7684,0.72733
2018-04-09,0.77077,0.73201
2018-04-10,0.77622,0.73638
2018-04-11,0.77652,0.73692
2018-04-12,0.77567,0.73752
2018-04-13,0.77682,0.73508
2018-04-16,0.77773,0.73611
2018-04-17,0.77682,0.73389
2018-04-18,0.77839,0.73282
2018-04-19,0.77507,0.72801
2018-04-20,0.76711,0.72108
2018-04-23,0.76138,0.71551
2018-04-24,0.75982,0.71119
2018-04-25,0.75592,0.70631
2018-04-26,0.75597,0.70661
2018-04-27,0.7566,0.70701
2018-04-30,0.75432,0.70432
2018-05-01,0.74878,0.70072
2018-05-02,0.75008,0.70038
2018-05-03,0.75131,0.70279
2018-05-04,0.75341,0.70171
2018-05-07,0.75262,0.70269
2018-05-08,0.74449,0.69638
2018-05-09,0.7456,0.69862
2018-05-10,0.75148,0.69459
2018-05-11,0.75438,0.69701
2018-05-14,0.7554,0.69358
2018-05-15,0.74772,0.68771
2018-05-16,0.75041,0.68951
2018-05-17,0.75081,0.68771
2018-05-18,0.75109,0.69118
2018-05-21,0.75649,0.693
2018-05-22,0.75947,0.69411
2018-05-23,0.75341,0.68951
2018-05-24,0.75672,0.6918
2018-05-25,0.7558,0.69219
2018-05-29,0.75143,0.69152
2018-05-30,0.7574,0.6994
2018-05-31,0.757,0.70038
2018-06-01,0.7566,0.69871
2018-06-04,0.76482,0.70319
2018-06-05,0.76057,0.70151
2018-06-06,0.7677,0.70462
2018-06-07,0.76301,0.70328
2018-06-08,0.76011,0.70358
2018-06-11,0.76161,0.70398
2018-06-12,0.76069,0.70319
2018-06-13,0.7604,0.70472
2018-06-14,0.75143,0.69969
2018-06-15,0.74549,0.6943
2018-06-18,0.74189,0.6931
2018-06-19,0.73861,0.6907
2018-06-20,0.73872,0.68799
2018-06-21,0.73741,0.68729
2018-06-22,0.74239,0.68951
2018-06-25,0.74058,0.68942
2018-06-26,0.74019,0.68648
2018-06-27,0.7373,0.68018
2018-06-28,0.73551,0.6759
2018-06-29,0.73992,0.67728
2018-07-02,0.73223,0.6702
2018-07-03,0.7385,0.67508
2018-07-05,0.73883,0.67898
2018-07-06,0.74212,0.68292
2018-07-09,0.7466,0.68381
2018-07-10,0.74638,0.68362
2018-07-11,0.73997,0.67861
2018-07-12,0.74178,0.67829
2018-07-13,0.74102,0.676
2018-07-16,0.74162,0.67709
2018-07-17,0.73921,0.67898
2018-07-18,0.73921,0.67898
2018-07-19,0.73319,0.67182
2018-07-20,0.74102,0.68018
2018-07-23,0.73828,0.67861
2018-07-24,0.74162,0.68009
2018-07-25,0.74118,0.6806
2018-07-26,0.73839,0.67912
2018-07-27,0.74102,0.6799
2018-07-30,0.7408,0.68292
2018-07-31,0.74383,0.6812
2018-08-01,0.74019,0.67949
2018-08-02,0.7379,0.67558
2018-08-03,0.74058,0.67572
2018-08-06,0.73932,0.67358
2018-08-07,0.74278,0.67408
2018-08-08,0.742,0.67422
2018-08-09,0.73943,0.66238
2018-08-10,0.72982,0.6602
2018-08-13,0.72701,0.65841
2018-08-14,0.72401,0.65872
2018-08-15,0.72327,0.65578
2018-08-16,0.72759,0.65972
2018-08-17,0.72823,0.66081
2018-08-20,0.73078,0.6619
2018-08-21,0.73519,0.66751
2018-08-22,0.73519,0.66988
2018-08-23,0.72637,0.6652
2018-08-24,0.73319,0.66921
2018-08-27,0.73459,0.66939
2018-08-28,0.73519,0.67191
2018-08-29,0.72918,0.67011
2018-08-30,0.72622,0.66401
2018-08-31,0.71922,0.66142
2018-09-04,0.71741,0.65479
2018-09-05,0.71891,0.65811
2018-09-06,0.71979,0.65959
2018-09-07,0.71352,0.65488
2018-09-10,0.71179,0.65368
2018-09-11,0.71068,0.65121
2018-09-12,0.71608,0.65539
2018-09-13,0.71922,0.6563
2018-09-14,0.71782,0.6563
2018-09-17,0.7186,0.6585
2018-09-18,0.72202,0.65898
2018-09-19,0.72733,0.66199
2018-09-20,0.72759,0.66738
2018-09-21,0.7278,0.66791
2018-09-24,0.72632,0.6652
2018-09-25,0.72511,0.66511
2018-09-26,0.72601,0.66569
2018-09-27,0.72181,0.66238
2018-09-28,0.7238,0.66348
2018-10-01,0.72228,0.66129
2018-10-02,0.71989,0.66059
2018-10-03,0.71378,0.65411
2018-10-04,0.70781,0.64889
2018-10-05,0.70482,0.64392
2018-10-09,0.70922,0.64599
2018-10-10,0.70998,0.64771
2018-10-11,0.71119,0.65172
2018-10-12,0.71159,0.65108
2018-10-15,0.71418,0.65518
2018-10-16,0.71398,0.65928
2018-10-17,0.71301,0.65768
2018-10-18,0.71179,0.65578
2018-10-19,0.71322,0.6595
2018-10-22,0.70862,0.65501
2018-10-23,0.70741,0.65531
2018-10-24,0.70721,0.65249
2018-10-25,0.70842,0.65232
2018-10-26,0.70882,0.65202
2018-10-29,0.70741,0.65308
2018-10-30,0.71119,0.65621
2018-10-31,0.70902,0.653
2018-11-01,0.71891,0.66419
2018-11-02,0.71989,0.66551
2018-11-05,0.71979,0.666
2018-11-06,0.72213,0.6672
2018-11-07,0.72823,0.67898
2018-11-08,0.7286,0.67801
2018-11-09,0.7226,0.67349
2018-11-13,0.72202,0.67659
2018-11-14,0.72192,0.67939
2018-11-15,0.7269,0.68231
2018-11-16,0.73121,0.68611
2018-11-19,0.72908,0.68348
2018-11-20,0.72459,0.68208
2018-11-21,0.72669,0.6839
2018-11-23,0.72249,0.67741
2018-11-26,0.72301,0.67852
2018-11-27,0.72062,0.67769
2018-11-28,0.72327,0.67972
2018-11-29,0.73142,0.68568
2018-11-30,0.7311,0.68799
2018-12-03,0.736,0.69329
2018-12-04,0.73529,0.69382
2018-12-06,0.7216,0.68752
2018-12-07,0.72098,0.68592
2018-12-10,0.71901,0.68781
2018-12-11,0.72041,0.68809
2018-12-12,0.72228,0.68559
2018-12-13,0.7228,0.68601
2018-12-14,0.71762,0.6806
2018-12-17,0.71818,0.68032
2018-12-18,0.71721,0.68512
2018-12-19,0.71721,0.68521
2018-12-20,0.71038,0.67668
2018-12-21,0.70721,0.67259
2018-12-26,0.70701,0.67449
2018-12-27,0.702,0.66979
2018-12-28,0.70442,0.67042
2018-12-31,0.70462,0.6711
2019-01-02,0.69999,0.6668
2019-01-03,0.70141,0.66872
2019-01-04,0.71078,0.67431
2019-01-07,0.71429,0.67618
2019-01-08,0.71342,0.67231
2019-01-09,0.71721,0.67939
2019-01-10,0.71901,0.67898
2019-01-11,0.72041,0.68259
2019-01-15,0.71922,0.6812
2019-01-16,0.71839,0.6787
2019-01-17,0.7171,0.67472
2019-01-18,0.71721,0.67508
2019-01-22,0.71332,0.6729
2019-01-23,0.71332,0.67889
2019-01-24,0.70962,0.67682
2019-01-25,0.71721,0.6839
2019-01-28,0.71659,0.68339
2019-01-29,0.7149,0.68301
2019-01-30,0.71958,0.68371
2019-01-31,0.72823,0.69228
2019-02-01,0.72601,0.6907
2019-02-04,0.72181,0.68818
2019-02-05,0.72338,0.68908
2019-02-06,0.71281,0.68432
2019-02-07,0.70932,0.67572
2019-02-08,0.70902,0.67549
2019-02-11,0.70651,0.67322
2019-02-12,0.70942,0.67399
2019-02-13,0.71129,0.68171
2019-02-14,0.70912,0.68292
2019-02-15,0.7122,0.68559
2019-02-19,0.71459,0.6854
2019-02-21,0.70801,0.6805
2019-02-22,0.71378,0.68409
2019-02-25,0.7169,0.68852
2019-02-26,0.71818,0.68908
2019-02-27,0.71342,0.68409
2019-02-28,0.70992,0.68078
2019-03-01,0.70801,0.6806
2019-03-04,0.70842,0.6806
2019-03-05,0.70731,0.6787
2019-03-06,0.7023,0.67751
2019-03-07,0.70319,0.67709
2019-03-08,0.70482,0.68069
2019-03-11,0.70562,0.68278
2019-03-12,0.70822,0.68648
2019-03-13,0.70872,0.68578
2019-03-14,0.70611,0.68222
2019-03-15,0.70892,0.68498
2019-03-18,0.70998,0.68559
2019-03-19,0.71018,0.68658
2019-03-20,0.70882,0.68479
2019-03-21,0.71098,0.68752
2019-03-22,0.70912,0.6888
2019-03-25,0.71139,0.69161
2019-03-26,0.71398,0.69118
2019-03-27,0.70701,0.67912
2019-03-28,0.70791,0.67939
2019-03-29,0.71038,0.68199
2019-04-01,0.71169,0.68129
2019-04-02,0.70582,0.67431
2019-04-03,0.7124,0.6793
2019-04-04,0.71119,0.67558
2019-04-05,0.70992,0.67249
2019-04-08,0.7124,0.67422
2019-04-09,0.71291,0.67449
2019-04-10,0.71582,0.67558
2019-04-11,0.71281,0.6729
2019-04-12,0.71762,0.67691
2019-04-15,0.71782,0.67641
2019-04-16,0.71741,0.67609
2019-04-17,0.71679,0.6711
2019-04-18,0.715,0.66791
2019-04-19,0.715,0.66912
2019-04-22,0.71342,0.66769
2019-04-23,0.70962,0.66481
2019-04-24,0.70259,0.66059
2019-04-25,0.70102,0.66159
2019-04-26,0.70442,0.66698
2019-04-29,0.70542,0.66649
2019-04-30,0.70398,0.66698
2019-05-01,0.70378,0.6652
2019-05-02,0.70018,0.66181
2019-05-03,0.7018,0.66419
2019-05-06,0.6995,0.66059
2019-05-07,0.70038,0.65928
2019-05-08,0.70038,0.65872
2019-05-09,0.69759,0.65841
2019-05-10,0.69979,0.65998
2019-05-13,0.69478,0.6572
2019-05-14,0.69459,0.65768
2019-05-15,0.693,0.65621
2019-05-16,0.69051,0.65501
2019-05-17,0.68738,0.65219
2019-05-20,0.69132,0.65368
2019-05-21,0.68762,0.65062
2019-05-22,0.68799,0.64969
2019-05-23,0.68961,0.6521
2019-05-24,0.69142,0.65479
2019-05-28,0.693,0.65488
2019-05-29,0.69118,0.65108
2019-05-30,0.69099,0.6507
2019-05-31,0.693,0.65249
2019-06-03,0.69551,0.65751
2019-06-04,0.69871,0.65972
2019-06-05,0.6974,0.66238
2019-06-06,0.69842,0.66388
2019-06-07,0.70018,0.6664
2019-06-10,0.69638,0.66151
2019-06-11,0.6956,0.65811
2019-06-12,0.6942,0.65798
2019-06-13,0.69099,0.65651
2019-06-14,0.68719,0.6502
2019-06-17,0.68601,0.65041
2019-06-18,0.68719,0.65278
2019-06-19,0.687,0.65249
2019-06-20,0.69171,0.65841
2019-06-21,0.69199,0.6572
2019-06-24,0.69638,0.66199
2019-06-25,0.6975,0.66551
2019-06-26,0.69901,0.66921
2019-06-27,0.69979,0.66988
2019-06-28,0.70092,0.6711
2019-07-01,0.69628,0.66751
2019-07-02,0.6992,0.66738
2019-07-03,0.70328,0.67092
2019-07-05,0.69682,0.66168
2019-07-08,0.69682,0.66238
2019-07-09,0.69271,0.66081
2019-07-10,0.69638,0.6652
2019-07-11,0.69818,0.6672
2019-07-12,0.70072,0.66809
2019-07-15,0.70358,0.67191
2019-07-16,0.702,0.67042
2019-07-17,0.7021,0.6744
2019-07-18,0.70432,0.67558
2019-07-19,0.70418,0.67709
2019-07-22,0.70418,0.67751
2019-07-23,0.69989,0.67078
2019-07-24,0.69779,0.67119
2019-07-25,0.69541,0.6668
2019-07-26,0.6908,0.66322
2019-07-29,0.6908,0.66322
2019-07-30,0.68719,0.66089
2019-07-31,0.6888,0.6598
2019-08-01,0.68578,0.65638
2019-08-02,0.6806,0.65471
2019-08-05,0.67801,0.65389
2019-08-06,0.677,0.65291
2019-08-07,0.6754,0.64612
2019-08-08,0.6812,0.64821
2019-08-09,0.67958,0.64792
2019-08-12,0.67558,0.6457
2019-08-13,0.67981,0.6457
2019-08-14,0.67422,0.64251
2019-08-15,0.67838,0.64462
2019-08-16,0.6782,0.643
2019-08-19,0.67719,0.64201
2019-08-20,0.67769,0.6416
2019-08-21,0.67921,0.64098
2019-08-22,0.67641,0.63792
2019-08-23,0.6749,0.63951
2019-08-26,0.6782,0.63959
2019-08-27,0.67581,0.63662
2019-08-28,0.67458,0.63371
2019-08-29,0.6734,0.63179
2019-08-30,0.67299,0.62988
2019-09-03,0.67581,0.63259
2019-09-04,0.67958,0.6354
2019-09-05,0.68199,0.63759
2019-09-06,0.68559,0.64392
2019-09-09,0.68738,0.64342
2019-09-10,0.68681,0.64251
2019-09-11,0.68578,0.64152
2019-09-12,0.6871,0.64168
2019-09-13,0.68861,0.63841
2019-09-16,0.68648,0.6352
2019-09-17,0.68578,0.635
2019-09-18,0.68442,0.63331
2019-09-19,0.67949,0.63012
2019-09-20,0.677,0.62578
2019-09-23,0.67719,0.6285
2019-09-24,0.6793,0.63151
2019-09-25,0.67499,0.62751
2019-09-26,0.6754,0.63032
2019-09-27,0.67641,0.6296
2019-09-30,0.67458,0.62621
2019-10-01,0.67029,0.62461
2019-10-02,0.66979,0.62559
2019-10-03,0.67508,0.63139
2019-10-04,0.67641,0.63139
2019-10-07,0.67422,0.62921
2019-10-08,0.67272,0.62941
2019-10-09,0.67299,0.62988
2019-10-10,0.677,0.63239
2019-10-11,0.68041,0.63452
2019-10-15,0.67572,0.62842
2019-10-16,0.67549,0.62759
2019-10-17,0.68259,0.6352
2019-10-18,0.6846,0.63731
2019-10-21,0.68672,0.63918
2019-10-22,0.68629,0.6409
2019-10-23,0.6847,0.64181
2019-10-24,0.68171,0.6378
2019-10-25,0.68292,0.63629
2019-10-28,0.6839,0.63452
2019-10-29,0.6862,0.63581
2019-10-30,0.68719,0.63678
2019-10-31,0.6888,0.6414
2019-11-01,0.69142,0.6445
2019-11-04,0.6898,0.6416
2019-11-05,0.68918,0.63771
2019-11-06,0.68809,0.63698
2019-11-07,0.68951,0.63508
2019-11-08,0.6854,0.63331
2019-11-12,0.6846,0.63359
2019-11-13,0.68311,0.64008
2019-11-14,0.67801,0.63739
2019-11-15,0.68101,0.64029
2019-11-18,0.68199,0.64082
2019-11-19,0.68259,0.64259
2019-11-20,0.67972,0.64131
2019-11-21,0.6793,0.64131
2019-11-22,0.67838,0.64061
2019-11-25,0.677,0.6402
2019-11-26,0.6787,0.64201
2019-11-27,0.67801,0.64288
2019-11-29,0.67618,0.64189
2019-12-02,0.6819,0.65062
2019-12-03,0.68409,0.65159
2019-12-04,0.68512,0.65291
2019-12-05,0.68339,0.65449
2019-12-06,0.68362,0.65651
2019-12-09,0.6832,0.65548
2019-12-10,0.68138,0.65411
2019-12-11,0.68639,0.65699
2019-12-12,0.68961,0.65841
2019-12-13,0.6871,0.65911
2019-12-16,0.68871,0.65972
2019-12-17,0.6847,0.65681
2019-12-18,0.6854,0.65781
2019-12-19,0.68871,0.66072
2019-12-20,0.69018,0.66072
2019-12-23,0.69171,0.66278
2019-12-24,0.69228,0.6641
2019-12-26,0.69391,0.66658
2019-12-27,0.69779,0.67029
2019-12-30,0.70038,0.67358
2019-12-31,0.70299,0.67449
2020-01-02,0.69818,0.66921
2020-01-03,0.69628,0.66729
2020-01-06,0.69319,0.66671
2020-01-07,0.68611,0.66278
2020-01-08,0.687,0.66419
2020-01-09,0.68559,0.66089
2020-01-10,0.69032,0.66388
2020-01-13,0.69109,0.66348
2020-01-14,0.69051,0.66129
2020-01-15,0.69109,0.66181
2020-01-16,0.68951,0.66388
2020-01-17,0.68771,0.66098
2020-01-21,0.68531,0.66089
2020-01-22,0.68362,0.6588
2020-01-23,0.68339,0.65872
2020-01-24,0.68241,0.6602
2020-01-27,0.67572,0.65509
2020-01-28,0.67531,0.65338
2020-01-29,0.6744,0.65232
2020-01-30,0.6715,0.64901
2020-01-31,0.66988,0.64658
2020-02-03,0.66881,0.64629
2020-02-04,0.67322,0.648
2020-02-05,0.67481,0.64771
2020-02-06,0.67381,0.6462
2020-02-07,0.66791,0.64061
2020-02-10,0.66738,0.63849
2020-02-11,0.67119,0.6402
2020-02-12,0.67458,0.64721
2020-02-13,0.6729,0.64441
2020-02-14,0.67191,0.64371
2020-02-18,0.6693,0.63939
2020-02-19,0.66729,0.638
2020-02-20,0.66181,0.63391
2020-02-21,0.66322,0.63508
2020-02-24,0.6612,0.63472
2020-02-25,0.65972,0.63259
2020-02-26,0.65561,0.62988
2020-02-27,0.6582,0.63191
2020-02-28,0.64952,0.62321
2020-03-02,0.6524,0.62531
2020-03-03,0.66168,0.6306
2020-03-04,0.66089,0.62779
2020-03-05,0.65998,0.63032
2020-03-06,0.66339,0.63561
2020-03-09,0.66538,0.6409
2020-03-10,0.647,0.6261
2020-03-11,0.65121,0.63091
2020-03-12,0.62798,0.6095
2020-03-13,0.6161,0.60522
2020-03-16,0.6132,0.61188
2020-03-17,0.59759,0.594
2020-03-18,0.582,0.5778
2020-03-19,0.58589,0.58241
2020-03-20,0.58411,0.57389
2020-03-23,0.57551,0.56689
2020-03-24,0.5927,0.57941
2020-03-25,0.5957,0.58099
2020-03-26,0.6054,0.5962
2020-03-27,0.61259,0.60219
2020-03-30,0.61451,0.59909
2020-03-31,0.61391,0.59591
2020-04-01,0.61069,0.59439
2020-04-02,0.6047,0.59091
2020-04-03,0.6001,0.58558
2020-04-06,0.60961,0.59499
2020-04-07,0.6187,0.59841
2020-04-08,0.62232,0.60168
2020-04-09,0.63091,0.60661
2020-04-10,0.63488,0.6082
2020-04-13,0.638,0.60849
2020-04-14,0.64189,0.60801
2020-04-15,0.63279,0.5997
2020-04-16,0.63012,0.59471
2020-04-17,0.63569,0.60339
2020-04-20,0.63869,0.6075
2020-04-21,0.6279,0.59542
2020-04-22,0.63199,0.59488
2020-04-23,0.63881,0.60259
2020-04-24,0.63771,0.60031
2020-04-27,0.64599,0.6054
2020-04-28,0.6499,0.60632
2020-04-29,0.65359,0.61039
2020-04-30,0.65232,0.61501
2020-05-01,0.64238,0.60529
2020-05-04,0.64119,0.60281
2020-05-05,0.64579,0.6065
2020-05-06,0.6414,0.6019
2020-05-07,0.64998,0.60861
2020-05-08,0.65428,0.6147
2020-05-11,0.64721,0.6065
2020-05-12,0.65091,0.6102
2020-05-13,0.64629,0.60089
2020-05-14,0.64222,0.59719
2020-05-15,0.64098,0.59291
2020-05-18,0.6513,0.60379
2020-05-19,0.65669,0.61039
2020-05-20,0.66011,0.61459
2020-05-21,0.65621,0.61128
2020-05-22,0.65278,0.6092
2020-05-26,0.66441,0.62019
2020-05-27,0.65898,0.6166
2020-05-28,0.6664,0.62232
2020-05-29,0.66419,0.6187
2020-06-01,0.67852,0.62861
2020-06-02,0.68719,0.63452
2020-06-03,0.69478,0.64358
2020-06-04,0.6944,0.6452
2020-06-05,0.69832,0.6513
2020-06-08,0.6995,0.65411
2020-06-09,0.69638,0.65261
2020-06-10,0.70038,0.65428
2020-06-11,0.6889,0.64599
2020-06-12,0.6854,0.64309
2020-06-15,0.68512,0.64358
2020-06-16,0.68861,0.64512
2020-06-17,0.6897,0.6462
2020-06-18,0.6847,0.6428
2020-06-19,0.68559,0.64222
2020-06-22,0.69042,0.64851
2020-06-23,0.69551,0.65151
2020-06-24,0.68752,0.6416
2020-06-25,0.68681,0.64251
2020-06-26,0.68611,0.64181
2020-06-29,0.68512,0.64082
2020-06-30,0.68932,0.64462
2020-07-01,0.69171,0.64742
2020-07-02,0.69209,0.6513
2020-07-06,0.6973,0.65428
2020-07-07,0.6972,0.65669
2020-07-08,0.69672,0.65638
2020-07-09,0.6958,0.6563
2020-07-10,0.69589,0.65811
2020-07-13,0.69832,0.65798
2020-07-14,0.69701,0.65321
2020-07-15,0.70028,0.65669
2020-07-16,0.70082,0.65669
2020-07-17,0.6994,0.65509
2020-07-20,0.70092,0.65699
2020-07-21,0.71109,0.66291
2020-07-22,0.71469,0.6668
2020-07-23,0.71362,0.66591
2020-07-24,0.70942,0.66331
2020-07-27,0.71342,0.66832
2020-07-28,0.71608,0.66631
2020-07-29,0.71679,0.66551
2020-07-30,0.71388,0.6641
2020-07-31,0.71592,0.66441
2020-08-03,0.71068,0.65998
2020-08-04,0.715,0.66111
2020-08-05,0.7216,0.66618
2020-08-06,0.7228,0.66609
2020-08-07,0.71628,0.66072
2020-08-10,0.71618,0.6592
2020-08-11,0.71551,0.65759
2020-08-12,0.71669,0.65872
2020-08-13,0.71602,0.65569
2020-08-14,0.71679,0.65539
2020-08-17,0.72108,0.65471
2020-08-18,0.72348,0.6588
2020-08-19,0.72338,0.66072
2020-08-20,0.71782,0.65189
2020-08-21,0.71561,0.6533
2020-08-24,0.71741,0.65359
2020-08-25,0.71798,0.653
2020-08-26,0.72218,0.65998
2020-08-27,0.72601,0.6641
2020-08-28,0.73519,0.67408
2020-08-31,0.73883,0.67531
2020-09-01,0.73752,0.67659
2020-09-02,0.7319,0.67572
2020-09-03,0.72722,0.67069
2020-09-04,0.72637,0.6702
2020-09-08,0.72301,0.66322
2020-09-09,0.72748,0.66778
2020-09-10,0.7287,0.66671
2020-09-11,0.7277,0.66671
2020-09-14,0.72987,0.67119
2020-09-15,0.72961,0.67141
2020-09-16,0.73362,0.67549
2020-09-17,0.72892,0.67281
2020-09-18,0.7311,0.67778
2020-09-21,0.72119,0.66631
2020-09-22,0.71731,0.66361
2020-09-23,0.70932,0.65669
2020-09-24,0.70462,0.65419
2020-09-25,0.70121,0.65411
2020-09-28,0.70671,0.65531
2020-09-29,0.71088,0.6582
2020-09-30,0.71602,0.66081
2020-10-01,0.71891,0.66489
2020-10-02,0.71469,0.66221
2020-10-05,0.71808,0.6641
2020-10-06,0.7149,0.66331
2020-10-07,0.71398,0.65928
2020-10-08,0.71582,0.65759
2020-10-09,0.72369,0.66658
2020-10-13,0.71649,0.66481
2020-10-14,0.7169,0.6668
2020-10-15,0.70791,0.65872
2020-10-16,0.70832,0.66081
2020-10-19,0.70902,0.66309
2020-10-20,0.70572,0.65859
2020-10-21,0.712,0.66649
2020-10-22,0.71088,0.66751
2020-10-23,0.71179,0.66769
2020-10-26,0.712,0.66818
2020-10-27,0.71429,0.67182
2020-10-28,0.70671,0.666
2020-10-29,0.70062,0.66011
2020-10-30,0.7023,0.66098
2020-11-02,0.70452,0.66269
2020-11-03,0.71592,0.67051
2020-11-04,0.71922,0.67011
2020-11-05,0.72648,0.67609
2020-11-06,0.7268,0.67829
2020-11-09,0.72748,0.68069
2020-11-10,0.72733,0.6818
2020-11-12,0.72669,0.68752
2020-11-13,0.72558,0.6839
2020-11-16,0.73228,0.68989
2020-11-17,0.72982,0.6889
2020-11-18,0.73249,0.69382
2020-11-19,0.72648,0.68999
2020-11-20,0.73148,0.69488
2020-11-23,0.72791,0.69118
2020-11-24,0.73508,0.6973
2020-11-25,0.736,0.70072
2020-11-30,0.73508,0.70171
2020-12-01,0.73551,0.70572
2020-12-02,0.73948,0.70582
2020-12-03,0.74438,0.70832
2020-12-04,0.74383,0.70462
2020-12-07,0.74488,0.70592
2020-12-08,0.7414,0.70462
2020-12-09,0.7451,0.70408
2020-12-10,0.75199,0.70761
2020-12-11,0.75318,0.70852
2020-12-14,0.75369,0.70801
2020-12-15,0.75552,0.70882
2020-12-16,0.75649,0.70791
2020-12-17,0.76202,0.7149
2020-12-18,0.7615,0.7124
2020-12-21,0.75752,0.70882
2020-12-22,0.75313,0.70408
2020-12-23,0.75873,0.70998
2020-12-28,0.75677,0.70932
2020-12-29,0.76231,0.71618
2020-12-30,0.76823,0.72072
2020-12-31,0.77089,0.71942
2021-01-04,0.7657,0.71638
2021-01-05,0.77519,0.72422
2021-01-06,0.77869,0.72812
2021-01-07,0.77549,0.7249
2021-01-08,0.77779,0.72522
2021-01-11,0.77143,0.7187
2021-01-12,0.77322,0.7187
2021-01-13,0.77399,0.7188
2021-01-14,0.779,0.7226
2021-01-15,0.77232,0.71592
2021-01-19,0.7703,0.71159
2021-01-21,0.77537,0.71901
2021-01-22,0.7728,0.7188
2021-01-25,0.7703,0.71922
2021-01-26,0.77369,0.72301
2021-01-27,0.76799,0.71788
2021-01-28,0.7674,0.71731
2021-01-29,0.76611,0.71999
2021-02-01,0.76249,0.71638
2021-02-02,0.75861,0.71531
2021-02-03,0.7622,0.71989
2021-02-04,0.75988,0.71602
2021-02-05,0.76558,0.71932
2021-02-08,0.77018,0.72228
2021-02-09,0.77238,0.72312
2021-02-10,0.77351,0.72202
2021-02-11,0.77561,0.72322
2021-02-12,0.77622,0.7227
2021-02-16,0.77592,0.72098
2021-02-17,0.77399,0.71782
2021-02-18,0.77501,0.7202
2021-02-19,0.78728,0.73121
2021-02-22,0.79158,0.7333
2021-02-23,0.7902,0.73292
2021-02-24,0.79352,0.74041
2021-02-25,0.79529,0.74289
2021-02-26,0.77202,0.7249
2021-03-01,0.7776,0.72733
2021-03-02,0.78223,0.72908
2021-03-03,0.78082,0.72622
2021-03-04,0.7807,0.72659
2021-03-05,0.76652,0.7148
2021-03-08,0.76529,0.7125
2021-03-09,0.76988,0.71551
2021-03-10,0.77208,0.71782
2021-03-11,0.7773,0.7215
2021-03-12,0.77718,0.7186
2021-03-15,0.77292,0.71818
2021-03-16,0.77477,0.71911
2021-03-17,0.77089,0.71608
2021-03-18,0.77948,0.71942
2021-03-19,0.77459,0.71659
2021-03-22,0.77501,0.71788
2021-03-23,0.76823,0.70328
2021-03-24,0.7622,0.69842
2021-03-25,0.757,0.69502
2021-03-26,0.76289,0.69969
2021-03-29,0.76429,0.70151
2021-03-30,0.76069,0.69881
2021-03-31,0.76132,0.69891
2021-04-01,0.7604,0.70131
2021-04-02,0.76069,0.7023
2021-04-05,0.7657,0.70681
2021-04-06,0.76599,0.70462
2021-04-07,0.76272,0.7024
2021-04-08,0.764,0.70462
2021-04-09,0.76313,0.70472
2021-04-12,0.76202,0.70289
2021-04-13,0.76289,0.70388
2021-04-14,0.7731,0.7148
2021-04-15,0.77459,0.71659
2021-04-16,0.7734,0.71372
2021-04-19,0.77592,0.71751
2021-04-20,0.77417,0.7186
2021-04-21,0.77549,0.7214
2021-04-22,0.7725,0.71669
2021-04-23,0.77387,0.71788
2021-04-26,0.78021,0.72322
2021-04-27,0.77748,0.72129
2021-04-28,0.77682,0.72422
2021-04-29,0.77592,0.72312
2021-04-30,0.7716,0.7169
2021-05-03,0.7758,0.71968
2021-05-04,0.76882,0.71281
2021-05-05,0.77501,0.72108
2021-05-06,0.77682,0.72213
2021-05-07,0.7861,0.72961
2021-05-10,0.78759,0.73051
2021-05-11,0.78431,0.72748
2021-05-12,0.7734,0.71659
2021-05-13,0.77232,0.71798
2021-05-14,0.7776,0.72438
2021-05-17,0.77652,0.72119
2021-05-18,0.77821,0.7239
2021-05-19,0.77531,0.7187
2021-05-20,0.77803,0.72119
2021-05-21,0.7731,0.71649
2021-05-24,0.77411,0.72051
2021-05-25,0.77411,0.7216
2021-05-26,0.77429,0.72918
2021-05-27,0.77357,0.72908
2021-05-28,0.77059,0.72522
2021-06-01,0.77652,0.72569
2021-06-02,0.77519,0.72448
2021-06-03,0.76523,0.71439
2021-06-04,0.77417,0.72041
2021-06-07,0.77652,0.72422
2021-06-08,0.77411,0.71958
2021-06-09,0.7731,0.71751
2021-06-10,0.77519,0.71989
2021-06-11,0.76959,0.7125
2021-06-14,0.77178,0.71459
2021-06-15,0.76758,0.71098
2021-06-16,0.77119,0.71449
2021-06-17,0.75552,0.70038
2021-06-18,0.74991,0.69391
2021-06-21,0.75279,0.69881
2021-06-22,0.75279,0.70018
2021-06-23,0.7589,0.70592
2021-06-24,0.75729,0.70502
2021-06-25,0.75947,0.70751
2021-06-28,0.7574,0.70542
2021-06-29,0.75171,0.6995
2021-06-30,0.74963,0.69779
2021-07-01,0.74722,0.69798
2021-07-02,0.74991,0.70072
2021-07-06,0.74963,0.70092
2021-07-07,0.7485,0.70131
2021-07-08,0.74372,0.69522
2021-07-09,0.748,0.69842
2021-07-12,0.74901,0.69862
2021-07-13,0.7471,0.6972
2021-07-14,0.74688,0.70259
2021-07-15,0.7436,0.6994
2021-07-16,0.74091,0.70111
2021-07-19,0.73432,0.6944
2021-07-20,0.73249,0.69142
2021-07-21,0.73573,0.69701
2021-07-22,0.73649,0.6957
2021-07-23,0.73638,0.6975
2021-07-26,0.73861,0.70038
2021-07-27,0.73681,0.69638
2021-07-28,0.73492,0.69329
2021-07-29,0.73997,0.70151
2021-07-30,0.73508,0.69818
2021-08-02,0.73638,0.6973
2021-08-03,0.7385,0.70062
2021-08-04,0.73779,0.70472
2021-08-05,0.74091,0.70631
2021-08-06,0.73573,0.70131
2021-08-09,0.734,0.70008
2021-08-10,0.73459,0.70048
2021-08-11,0.73741,0.70472
2021-08-12,0.73448,0.70082
2021-08-13,0.73768,0.70452
2021-08-16,0.73389,0.70249
2021-08-17,0.72543,0.69118
2021-08-18,0.72359,0.68899
2021-08-19,0.717,0.68531
2021-08-20,0.71332,0.68301
2021-08-23,0.72082,0.68942
2021-08-24,0.72543,0.69459
2021-08-25,0.72659,0.69638
2021-08-26,0.7248,0.6957
2021-08-27,0.73089,0.70121
2021-08-30,0.7295,0.70018
2021-08-31,0.73067,0.70418
2021-09-01,0.73692,0.70681
2021-09-02,0.74008,0.71098
2021-09-03,0.74421,0.71469
2021-09-07,0.73943,0.71068
2021-09-08,0.73681,0.70952
2021-09-09,0.73801,0.71261
2021-09-10,0.73659,0.71261
2021-09-13,0.73697,0.71169
2021-09-14,0.73351,0.71109
2021-09-15,0.73239,0.71048
2021-09-16,0.72881,0.70721
2021-09-17,0.72759,0.70432
2021-09-20,0.7248,0.70249
2021-09-21,0.72401,0.70131
2021-09-22,0.72637,0.70309
2021-09-23,0.72971,0.70741
2021-09-24,0.72579,0.70131
2021-09-27,0.72839,0.70102
2021-09-28,0.72369,0.6956
2021-09-29,0.71901,0.6871
2021-09-30,0.7228,0.68989
2021-10-01,0.72711,0.6943
2021-10-04,0.72839,0.69638
2021-10-05,0.7295,0.69691
2021-10-06,0.72579,0.69132
2021-10-07,0.73212,0.69391
2021-10-08,0.73078,0.69319
2021-10-12,0.73659,0.69459
2021-10-13,0.73708,0.6956
2021-10-14,0.74189,0.70279
2021-10-15,0.74162,0.70711
2021-10-18,0.74167,0.70811
2021-10-19,0.74811,0.71628
2021-10-20,0.7512,0.7201
2021-10-21,0.74918,0.71721
2021-10-22,0.74632,0.71398
2021-10-25,0.7494,0.71659
2021-10-26,0.74968,0.71551
2021-10-27,0.75148,0.71762
2021-10-28,0.75472,0.72082
2021-10-29,0.75098,0.71582
2021-11-01,0.75341,0.71948
2021-11-02,0.74289,0.71038
2021-11-03,0.743,0.71372
2021-11-04,0.74019,0.71098
2021-11-05,0.7408,0.7123
2021-11-08,0.74289,0.71731
2021-11-09,0.73692,0.7123
2021-11-10,0.736,0.70872
2021-11-12,0.73223,0.70398
2021-11-15,0.73611,0.70592
2021-11-16,0.73089,0.6993
2021-11-17,0.72733,0.70008
2021-11-18,0.72701,0.70309
2021-11-19,0.72569,0.70171
2021-11-22,0.72348,0.69662
2021-11-23,0.72218,0.69459
2021-11-24,0.71968,0.68681
2021-11-26,0.7124,0.6825
2021-11-29,0.7119,0.67898
2021-11-30,0.70882,0.67949
2021-12-01,0.71322,0.6839
2021-12-02,0.70972,0.68148
2021-12-03,0.70111,0.67531
2021-12-06,0.70442,0.67481
2021-12-07,0.71129,0.67769
2021-12-08,0.71669,0.68069
2021-12-09,0.71459,0.67829
2021-12-10,0.71772,0.67981
2021-12-13,0.7123,0.67549
2021-12-14,0.71028,0.67458
2021-12-15,0.7125,0.67349
2021-12-16,0.71911,0.68101
2021-12-17,0.7148,0.67549
2021-12-20,0.71169,0.67191
2021-12-21,0.71398,0.67558
2021-12-22,0.7215,0.68171
2021-12-23,0.72401,0.68259
2021-12-27,0.7238,0.68111
2021-12-28,0.72327,0.67999
2021-12-29,0.72411,0.68259
2021-12-30,0.72601,0.6839
2022-01-03,0.71948,0.6787
2022-01-04,0.72411,0.68078
2022-01-05,0.72601,0.68259
2022-01-06,0.71679,0.67481
2022-01-07,0.7186,0.67792
2022-01-10,0.717,0.6754
2022-01-11,0.71979,0.67741
2022-01-12,0.7277,0.6846
2022-01-13,0.72987,0.68799
2022-01-14,0.72218,0.68101
2022-01-18,0.7188,0.677
2022-01-19,0.7226,0.67939
2022-01-20,0.72659,0.6793
2022-01-21,0.71989,0.67272
2022-01-24,0.71008,0.66689
2022-01-25,0.71378,0.66698
2022-01-26,0.71669,0.66881
2022-01-27,0.70442,0.65889
2022-01-28,0.69979,0.65548
2022-01-31,0.70641,0.65789
2022-02-01,0.71098,0.66199
2022-02-02,0.7125,0.66269
2022-02-03,0.71429,0.66631
2022-02-04,0.70671,0.6602
2022-02-07,0.71109,0.66199
2022-02-08,0.71332,0.6641
2022-02-09,0.71829,0.66881
2022-02-10,0.72448,0.6729
2022-02-11,0.71772,0.66818
2022-02-14,0.71271,0.66129
2022-02-15,0.71521,0.66419
2022-02-16,0.71829,0.66698
2022-02-17,0.71948,0.66988
2022-02-18,0.71741,0.66939
2022-02-22,0.7226,0.67499
2022-02-23,0.72448,0.6782
2022-02-24,0.71332,0.66529
2022-02-25,0.72181,0.6739
2022-02-28,0.72611,0.67741
2022-03-01,0.7248,0.67572
2022-03-02,0.72823,0.67792
2022-03-03,0.73148,0.67852
2022-03-04,0.73621,0.68488
2022-03-07,0.73212,0.6825
2022-03-08,0.72622,0.68129
2022-03-09,0.73228,0.68479
2022-03-10,0.73611,0.68658
2022-03-11,0.73078,0.6818
2022-03-14,0.7228,0.67829
2022-03-15,0.71958,0.67668
2022-03-16,0.72511,0.68069
2022-03-17,0.73883,0.68932
2022-03-18,0.74019,0.68989
2022-03-21,0.74189,0.69032
2022-03-22,0.74383,0.69449
2022-03-23,0.74979,0.6972
2022-03-24,0.75053,0.69599
2022-03-25,0.75008,0.69502
2022-03-28,0.74828,0.68961
2022-03-29,0.75019,0.69238
2022-03-30,0.75081,0.69769
2022-03-31,0.74991,0.69459
2022-04-01,0.74929,0.69118
2022-04-04,0.75489,0.69638
2022-04-05,0.75982,0.69682
2022-04-06,0.7542,0.69329
2022-04-07,0.74722,0.6888
2022-04-08,0.7461,0.68521
2022-04-11,0.742,0.68259
2022-04-12,0.748,0.68809
2022-04-13,0.743,0.67852
2022-04-14,0.74041,0.67741
2022-04-15,0.74008,0.6776
2022-04-18,0.73529,0.6724
2022-04-19,0.73697,0.67259
2022-04-20,0.74521,0.68101
2022-04-21,0.73763,0.67381
2022-04-22,0.72569,0.6637
2022-04-25,0.71469,0.65972
2022-04-26,0.71449,0.65828
2022-04-27,0.7124,0.65381
2022-04-28,0.70771,0.6475
2022-04-29,0.71008,0.64758
2022-05-02,0.70582,0.64329
2022-05-03,0.70992,0.644
2022-05-04,0.71449,0.6447
2022-05-05,0.70892,0.64049
2022-05-06,0.70912,0.64271
2022-05-09,0.69891,0.63472
2022-05-10,0.69252,0.62861
2022-05-11,0.6994,0.63391
2022-05-12,0.68521,0.62371
2022-05-13,0.6918,0.6261
2022-05-16,0.6943,0.62842
2022-05-17,0.70131,0.6352
2022-05-18,0.69979,0.63331
2022-05-19,0.70572,0.64
2022-05-20,0.70319,0.63881
2022-05-23,0.70992,0.6462
2022-05-24,0.70811,0.64429
2022-05-25,0.70661,0.64591
2022-05-26,0.70781,0.6462
2022-05-27,0.71551,0.65351
2022-05-31,0.7188,0.65202
2022-06-01,0.71638,0.64708
2022-06-02,0.72511,0.65501
2022-06-03,0.72088,0.65049
2022-06-06,0.72072,0.6499
2022-06-07,0.72119,0.6475
2022-06-08,0.72181,0.647
2022-06-09,0.712,0.64049
2022-06-10,0.70542,0.63629
2022-06-13,0.69459,0.62759
2022-06-14,0.68852,0.62208
2022-06-15,0.69459,0.6241
2022-06-16,0.69979,0.63379
2022-06-17,0.69228,0.62909
2022-06-21,0.6975,0.63452
2022-06-22,0.69339,0.62929
2022-06-23,0.68932,0.6281
2022-06-24,0.69459,0.63191
2022-06-27,0.6942,0.63179
2022-06-28,0.69161,0.62539
2022-06-29,0.68871,0.62239
2022-06-30,0.69051,0.62449
2022-07-01,0.67889,0.6187
2022-07-05,0.67741,0.61421
2022-07-06,0.67741,0.61399
2022-07-07,0.68269,0.61702
2022-07-08,0.68578,0.61962
2022-07-11,0.67499,0.61361
2022-07-12,0.67719,0.61399
2022-07-13,0.67861,0.61561
2022-07-14,0.6744,0.61241
2022-07-15,0.6793,0.6158
2022-07-18,0.68381,0.61721
2022-07-19,0.69042,0.62278
2022-07-20,0.6897,0.62379
2022-07-21,0.68961,0.62158
2022-07-22,0.69478,0.62731
2022-07-25,0.69541,0.6259
2022-07-26,0.69391,0.62352
2022-07-27,0.69209,0.61989
2022-07-28,0.69711,0.62771
2022-07-29,0.69852,0.6279
2022-08-01,0.70348,0.6346
2022-08-02,0.69522,0.6281
2022-08-03,0.693,0.625
2022-08-04,0.69662,0.62968
2022-08-05,0.69008,0.62391
2022-08-08,0.69911,0.62889
2022-08-09,0.6973,0.62869
2022-08-10,0.70992,0.64271
2022-08-11,0.7119,0.64441
2022-08-12,0.71058,0.64371
2022-08-15,0.70462,0.6382
2022-08-16,0.70111,0.63371
2022-08-17,0.69142,0.62621
2022-08-18,0.693,0.6268
2022-08-19,0.687,0.6177
2022-08-22,0.6871,0.61641
2022-08-23,0.6943,0.6227
2022-08-24,0.69132,0.619
2022-08-25,0.69609,0.6215
2022-08-26,0.69209,0.6161
2022-08-29,0.69089,0.6161
2022-08-30,0.68752,0.61391
2022-08-31,0.68658,0.61361
2022-09-01,0.67801,0.60691
2022-09-02,0.68451,0.6135
2022-09-06,0.67499,0.60522
2022-09-07,0.67308,0.6035
2022-09-08,0.67399,0.6047
2022-09-09,0.6846,0.6114
2022-09-12,0.68871,0.61508
2022-09-13,0.67632,0.60129
2022-09-14,0.67522,0.60129
2022-09-15,0.67078,0.59751
2022-09-16,0.67029,0.5978
2022-09-19,0.66939,0.59361
2022-09-20,0.67042,0.59091
2022-09-21,0.66609,0.58841
2022-09-22,0.66361,0.58439
2022-09-23,0.65428,0.5763
2022-09-26,0.64658,0.5666
2022-09-27,0.6445,0.56491
2022-09-28,0.65121,0.57029
2022-09-29,0.64901,0.57071
2022-09-30,0.64371,0.56421
2022-10-03,0.65011,0.57091
2022-10-04,0.64931,0.57399
2022-10-05,0.64658,0.57039
2022-10-06,0.64111,0.5659
2022-10-07,0.6393,0.56281
2022-10-11,0.63291,0.56421
2022-10-12,0.62731,0.5607
2022-10-13,0.6285,0.56211
2022-10-14,0.62189,0.55679
2022-10-17,0.63091,0.56459
2022-10-18,0.6281,0.56632
2022-10-19,0.62712,0.5668
2022-10-20,0.63359,0.57221
2022-10-21,0.63678,0.57541
2022-10-24,0.63099,0.56909
2022-10-25,0.63951,0.5762
2022-10-26,0.6499,0.5834
2022-10-27,0.64771,0.58449
2022-10-28,0.63959,0.57921
2022-10-31,0.63939,0.58099
2022-11-01,0.63918,0.58421
2022-11-02,0.64119,0.5863
2022-11-03,0.62941,0.5779
2022-11-04,0.6435,0.589
2022-11-07,0.64629,0.592
2022-11-08,0.65449,0.59959
2022-11-09,0.64479,0.5899
2022-11-10,0.65898,0.601
2022-11-14,0.66948,0.60968
2022-11-15,0.67792,0.6174
2022-11-16,0.67331,0.61451
2022-11-17,0.66658,0.61002
2022-11-18,0.66809,0.61599
2022-11-21,0.65898,0.60931
2022-11-22,0.66348,0.61399
2022-11-23,0.67069,0.62208
2022-11-25,0.67499,0.62441
2022-11-28,0.66939,0.62039
2022-11-29,0.66912,0.62
2022-11-30,0.67168,0.6234
2022-12-01,0.68041,0.63719
2022-12-02,0.68009,0.6398
2022-12-05,0.67132,0.63072
2022-12-06,0.66979,0.63271
2022-12-07,0.67218,0.63662
2022-12-08,0.67691,0.63759
2022-12-09,0.68092,0.64238
2022-12-12,0.67408,0.63771
2022-12-13,0.68691,0.64792
2022-12-14,0.68611,0.64499
2022-12-15,0.67002,0.6342
2022-12-16,0.66912,0.63698
2022-12-19,0.6711,0.63719
2022-12-20,0.66649,0.63319
2022-12-21,0.66961,0.62861
2022-12-22,0.66711,0.62531
2022-12-23,0.67101,0.62929
2022-12-27,0.67422,0.62842
2022-12-28,0.67522,0.6308
2022-12-29,0.67792,0.63508
2022-12-30,0.6805,0.6342
2023-01-03,0.67299,0.62469
2023-01-04,0.68601,0.63139
2023-01-05,0.6744,0.62239
2023-01-06,0.68639,0.63339
2023-01-09,0.69478,0.64008
2023-01-10,0.68828,0.63621
2023-01-11,0.68989,0.63472
2023-01-12,0.69459,0.63771
2023-01-13,0.69502,0.63609
2023-01-17,0.69862,0.64251
2023-01-18,0.69881,0.64599
2023-01-19,0.68871,0.63751
2023-01-20,0.69531,0.6457
2023-01-23,0.7024,0.64771
2023-01-24,0.70418,0.65011
2023-01-25,0.70832,0.64629
2023-01-26,0.70942,0.64708
2023-01-27,0.71018,0.6483
2023-01-30,0.70761,0.64859
2023-01-31,0.70502,0.64658
2023-02-01,0.70671,0.6435
2023-02-02,0.70842,0.64931
2023-02-03,0.69459,0.6344
2023-02-06,0.68691,0.62842
2023-02-07,0.69252,0.63052
2023-02-08,0.69411,0.63119
2023-02-09,0.69638,0.6352
2023-02-10,0.6919,0.6308
2023-02-13,0.69638,0.63589
2023-02-14,0.69618,0.63239
2023-02-15,0.68932,0.62759
2023-02-16,0.6889,0.62668
2023-02-17,0.68648,0.62352
2023-02-21,0.68648,0.62139
2023-02-22,0.6819,0.6234
2023-02-23,0.6787,0.62081
2023-02-24,0.67349,0.6166
2023-02-27,0.67299,0.61641
2023-02-28,0.6744,0.61939
2023-03-01,0.67682,0.62621
2023-03-02,0.672,0.621
2023-03-03,0.6759,0.621
2023-03-06,0.67381,0.61931
2023-03-07,0.65998,0.61271
2023-03-08,0.6602,0.6111
2023-03-09,0.66111,0.61301
2023-03-10,0.66098,0.6147
2023-03-13,0.66858,0.62399
2023-03-14,0.66618,0.62239
2023-03-15,0.66111,0.6182
2023-03-16,0.6652,0.61721
2023-03-17,0.66832,0.62488
2023-03-20,0.6711,0.62461
2023-03-21,0.6652,0.61709
2023-03-22,0.66858,0.62208
2023-03-23,0.67191,0.62842
2023-03-24,0.66432,0.62069
2023-03-27,0.66419,0.61889
2023-03-28,0.67092,0.625
2023-03-29,0.668,0.6222
2023-03-30,0.67011,0.6252
2023-03-31,0.67042,0.62712
2023-04-03,0.67838,0.62889
2023-04-04,0.67422,0.6304
2023-04-05,0.67281,0.63299
2023-04-06,0.66738,0.6252
2023-04-07,0.6668,0.62461
2023-04-10,0.66251,0.62019
2023-04-11,0.66489,0.61939
2023-04-12,0.66881,0.62131
2023-04-13,0.67792,0.63072
2023-04-14,0.6702,0.62081
2023-04-17,0.66921,0.6174
2023-04-18,0.67191,0.62039
2023-04-19,0.67168,0.62062
2023-04-20,0.6754,0.61912
2023-04-21,0.66912,0.6138
2023-04-24,0.66809,0.61421
2023-04-25,0.66278,0.6144
2023-04-26,0.66159,0.6135
2023-04-27,0.66142,0.61331
2023-04-28,0.66168,0.6187
2023-05-01,0.66361,0.61709
2023-05-02,0.66698,0.62081
2023-05-03,0.66751,0.62379
2023-05-04,0.6676,0.62822
2023-05-05,0.67472,0.62988
2023-05-08,0.67921,0.635
2023-05-09,0.67522,0.63211
2023-05-10,0.67641,0.6354
2023-05-11,0.66939,0.6296
2023-05-12,0.66489,0.61931
2023-05-15,0.66979,0.62259
2023-05-16,0.66631,0.62371
2023-05-17,0.66511,0.625
2023-05-18,0.66181,0.62189
2023-05-19,0.66609,0.62881
2023-05-22,0.66441,0.62751
2023-05-23,0.66221,0.62602
2023-05-24,0.65411,0.6108
2023-05-25,0.65062,0.60511
2023-05-26,0.65108,0.60459
2023-05-30,0.6513,0.60449
2023-05-31,0.64729,0.59948
2023-06-01,0.65768,0.60761
2023-06-02,0.66159,0.6072
2023-06-05,0.6626,0.60838
2023-06-06,0.66738,0.60801
2023-06-07,0.66609,0.60489
2023-06-08,0.67069,0.60938
2023-06-09,0.67399,0.61271
2023-06-12,0.67472,0.6117
2023-06-13,0.6776,0.61482
2023-06-14,0.6832,0.62352
2023-06-15,0.6871,0.62278
2023-06-16,0.68648,0.6222
2023-06-20,0.677,0.61508
2023-06-21,0.6781,0.61889
2023-06-22,0.67531,0.61881
2023-06-23,0.66872,0.61489
2023-06-26,0.66832,0.61702
2023-06-27,0.66832,0.61679
2023-06-28,0.66199,0.6089
2023-06-29,0.66331,0.6075
2023-06-30,0.66631,0.61331
2023-07-03,0.66778,0.6155
2023-07-05,0.66631,0.61851
2023-07-06,0.6619,0.6152
2023-07-07,0.66858,0.621
2023-07-10,0.66689,0.62081
2023-07-11,0.6664,0.61809
2023-07-12,0.6782,0.62941
2023-07-13,0.68729,0.63731
2023-07-14,0.68432,0.63759
2023-07-17,0.68208,0.63351
2023-07-18,0.68171,0.62921
2023-07-19,0.67632,0.62441
2023-07-20,0.67778,0.62239
2023-07-21,0.67372,0.61782
2023-07-24,0.67499,0.62112
2023-07-25,0.67912,0.62239
2023-07-26,0.67558,0.621
2023-07-27,0.67399,0.62089
2023-07-28,0.66698,0.61671
2023-07-31,0.67299,0.62201
2023-08-01,0.66111,0.61421
2023-08-02,0.65419,0.60838
2023-08-03,0.65539,0.60872
2023-08-04,0.6605,0.61271
2023-08-07,0.65638,0.60968
2023-08-08,0.65138,0.6047
2023-08-09,0.65249,0.60481
2023-08-10,0.65569,0.60621
2023-08-11,0.64931,0.5983
2023-08-14,0.6496,0.59852
2023-08-15,0.64838,0.59769
2023-08-16,0.644,0.59499
2023-08-17,0.64168,0.5934
2023-08-18,0.64131,0.59421
2023-08-21,0.6393,0.59049
2023-08-22,0.64251,0.59481
2023-08-23,0.64691,0.59741
2023-08-24,0.64259,0.59249
2023-08-25,0.64008,0.59001
2023-08-28,0.64259,0.59119
2023-08-29,0.64591,0.59488
2023-08-30,0.64952,0.59841
2023-08-31,0.64679,0.59481
2023-09-01,0.64491,0.594
2023-09-05,0.6382,0.5883
2023-09-06,0.6382,0.58751
2023-09-07,0.638,0.58841
2023-09-08,0.63861,0.5898
2023-09-11,0.6435,0.5921
2023-09-12,0.6423,0.59049
2023-09-13,0.64251,0.59179
2023-09-14,0.6445,0.59172
2023-09-15,0.64421,0.59091
2023-09-18,0.64421,0.592
2023-09-19,0.64579,0.59319
2023-09-20,0.6499,0.59769
2023-09-21,0.64222,0.5934
2023-09-22,0.64529,0.59751
2023-09-25,0.64201,0.59659
2023-09-26,0.64049,0.59542
2023-09-27,0.63678,0.5927
2023-09-28,0.64271,0.5973
2023-09-29,0.64512,0.60129
2023-10-02,0.63751,0.5957
2023-10-03,0.62929,0.58948
2023-10-04,0.63371,0.59221
2023-10-05,0.635,0.59481
2023-10-06,0.63939,0.59959
2023-10-10,0.643,0.60441
2023-10-11,0.6407,0.6023
2023-10-12,0.63339,0.59439
2023-10-13,0.62901,0.58931
2023-10-16,0.63391,0.59242
2023-10-17,0.63771,0.5907
2023-10-18,0.63359,0.58589
2023-10-19,0.63251,0.58391
2023-10-20,0.63191,0.58299
2023-10-23,0.63371,0.58432
2023-10-24,0.63488,0.5835
2023-10-25,0.63339,0.58251
2023-10-26,0.63119,0.5816
2023-10-27,0.6352,0.58241
2023-10-30,0.63739,0.5837
2023-10-31,0.63319,0.5816
2023-11-01,0.63629,0.58299
2023-11-02,0.64222,0.58851
2023-11-03,0.6507,0.59902
2023-11-06,0.65028,0.59801
2023-11-07,0.64238,0.59319
2023-11-08,0.6421,0.59291
2023-11-09,0.64201,0.59471
2023-11-13,0.63869,0.58921
2023-11-14,0.6491,0.59869
2023-11-15,0.65181,0.6031
2023-11-16,0.64641,0.5978
2023-11-17,0.64939,0.59709
2023-11-20,0.65569,0.60292
2023-11-21,0.65681,0.60632
2023-11-22,0.65351,0.6014
2023-11-24,0.65841,0.60831
2023-11-27,0.65972,0.60901
2023-11-28,0.66658,0.61482
2023-11-29,0.66181,0.61489
2023-11-30,0.66142,0.6166
2023-12-01,0.666,0.61981
2023-12-04,0.66199,0.61702
2023-12-05,0.65509,0.61331
2023-12-06,0.6569,0.61569
2023-12-07,0.66011,0.61728
2023-12-08,0.6569,0.61181
2023-12-11,0.6563,0.612
2023-12-12,0.65608,0.61308
2023-12-13,0.65828,0.61241
2023-12-14,0.67132,0.6222
2023-12-15,0.6715,0.62208
2023-12-18,0.6697,0.62069
2023-12-19,0.6765,0.62688
2023-12-20,0.67641,0.6283
2023-12-21,0.67898,0.62842
2023-12-22,0.68032,0.62968
2023-12-26,0.68162,0.63219
2023-12-27,0.68442,0.63432
2023-12-28,0.68442,0.6346
2023-12-29,0.68278,0.63399
2024-01-02,0.67709,0.62629
2024-01-03,0.672,0.62352
2024-01-04,0.67101,0.62329
2024-01-05,0.67218,0.62551
2024-01-08,0.67191,0.625
2024-01-09,0.66921,0.62418
2024-01-10,0.66921,0.62239
2024-01-11,0.66529,0.62112
2024-01-12,0.66921,0.62469
2024-01-16,0.65972,0.6147
2024-01-17,0.65389,0.61039
2024-01-18,0.65638,0.61069
2024-01-19,0.65811,0.61009
2024-01-22,0.65859,0.61031
2024-01-23,0.6566,0.60709
2024-01-24,0.66011,0.61278
2024-01-25,0.65811,0.61158
2024-01-26,0.65889,0.61031
2024-01-29,0.65941,0.61099
2024-01-30,0.6595,0.6129
2024-01-31,0.65998,0.6147
2024-02-01,0.6566,0.6135
2024-02-02,0.651,0.60661
2024-02-05,0.64779,0.60481
2024-02-06,0.65172,0.60731
2024-02-07,0.65232,0.6111
2024-02-08,0.64901,0.6092
2024-02-09,0.65159,0.6141
2024-02-12,0.65381,0.6138
2024-02-13,0.64599,0.60621
2024-02-14,0.64889,0.60901
2024-02-15,0.65079,0.61039
2024-02-16,0.65308,0.61188
2024-02-20,0.656,0.6177
2024-02-21,0.65458,0.61751
2024-02-22,0.65471,0.61881
2024-02-23,0.6566,0.61981
2024-02-26,0.65389,0.61759
2024-02-27,0.65471,0.61728
2024-02-28,0.6496,0.60931
2024-02-29,0.65028,0.6092
2024-03-01,0.65291,0.61061
2024-03-04,0.6521,0.61002
2024-03-05,0.6507,0.60909
2024-03-06,0.65768,0.61421
2024-03-07,0.66181,0.61728
2024-03-08,0.66269,0.61801
2024-03-11,0.66081,0.61709
2024-03-12,0.66011,0.61508
2024-03-13,0.6623,0.61592
2024-03-14,0.6585,0.61331
2024-03-15,0.6569,0.60909
2024-03-18,0.65621,0.60849
2024-03-19,0.65278,0.605
2024-03-20,0.65321,0.60368
2024-03-21,0.65699,0.60459
2024-03-22,0.65202,0.59981
2024-03-25,0.65389,0.60038
2024-03-26,0.65381,0.601
2024-03-27,0.65249,0.6002
2024-03-28,0.65249,0.59841
2024-03-29,0.6524,0.59869
2024-04-01,0.64838,0.59439
2024-04-02,0.6513,0.5968
2024-04-03,0.65578,0.59999
2024-04-04,0.66151,0.60419
2024-04-05,0.65841,0.60201
2024-04-08,0.6602,0.60321
2024-04-09,0.66221,0.60569
2024-04-10,0.65091,0.59791
2024-04-11,0.65249,0.5983
2024-04-12,0.64779,0.59499
2024-04-15,0.64691,0.5928
2024-04-16,0.64119,0.58879
2024-04-17,0.64189,0.59021
2024-04-18,0.64371,0.59189
2024-04-19,0.6423,0.58948
2024-04-22,0.64392,0.59091
2024-04-23,0.64792,0.59351
2024-04-24,0.64859,0.59242
2024-04-25,0.65062,0.59421
2024-04-26,0.65278,0.594
2024-04-29,0.65651,0.59741
2024-04-30,0.64901,0.59119
2024-05-01,0.6496,0.59028
2024-05-02,0.65471,0.59428
2024-05-03,0.66159,0.60208
2024-05-06,0.6623,0.60129
2024-05-07,0.66081,0.60121
2024-05-08,0.6585,0.60038
2024-05-09,0.66059,0.60201
2024-05-10,0.66072,0.60201
2024-05-13,0.66111,0.6019
2024-05-14,0.6623,0.60339
2024-05-15,0.66738,0.61039
2024-05-16,0.66832,0.61241
2024-05-17,0.66858,0.6132
2024-05-20,0.66751,0.6114
2024-05-21,0.66658,0.60968
2024-05-22,0.66361,0.6105
2024-05-23,0.66291,0.61151
2024-05-24,0.66291,0.61211
2024-05-28,0.66658,0.61569
2024-05-29,0.6619,0.61181
2024-05-30,0.66419,0.61278
2024-05-31,0.66401,0.61369
2024-06-03,0.66832,0.61831
2024-06-04,0.66432,0.61751
2024-06-05,0.66432,0.61858
2024-06-06,0.66618,0.61969
2024-06-07,0.65889,0.61128
2024-06-10,0.66111,0.61259
2024-06-11,0.6598,0.6132
2024-06-12,0.67011,0.62189
2024-06-13,0.6641,0.6174
2024-06-14,0.66168,0.61421
2024-06-17,0.65989,0.61181
2024-06-18,0.6652,0.61391
2024-06-20,0.6656,0.612
2024-06-21,0.66401,0.612
2024-06-24,0.66551,0.61259
2024-06-25,0.66419,0.61151
2024-06-26,0.66489,0.60779
2024-06-27,0.66481,0.6089
2024-06-28,0.66769,0.60961
2024-07-01,0.6656,0.6072
2024-07-02,0.66591,0.6072
2024-07-03,0.67191,0.6114
2024-07-05,0.67431,0.6138
2024-07-08,0.67408,0.61338
2024-07-09,0.67372,0.61229
2024-07-10,0.67472,0.60831
2024-07-11,0.6776,0.61128
2024-07-12,0.67879,0.61218
2024-07-15,0.67778,0.60938
2024-07-16,0.67259,0.60441
2024-07-17,0.67281,0.60731
2024-07-18,0.67259,0.60669
2024-07-19,0.66939,0.6019
2024-07-22,0.66388,0.59769
2024-07-23,0.6619,0.59609
2024-07-24,0.65998,0.59481
2024-07-25,0.65518,0.59028
2024-07-26,0.65569,0.58948
2024-07-29,0.65398,0.5872
2024-07-30,0.65368,0.58969
2024-07-31,0.65351,0.59471
2024-08-01,0.65219,0.5962
2024-08-02,0.65278,0.59719
2024-08-05,0.6488,0.59301
2024-08-06,0.65189,0.5951
2024-08-07,0.65518,0.6015
2024-08-08,0.65811,0.6002
2024-08-09,0.65768,0.60121
2024-08-12,0.6595,0.60208
2024-08-13,0.66129,0.60591
2024-08-14,0.66168,0.60208
2024-08-15,0.66291,0.6006
2024-08-16,0.66489,0.6035
2024-08-19,0.6715,0.60931
2024-08-20,0.67431,0.6144
2024-08-21,0.67531,0.6161
2024-08-22,0.67078,0.61399
2024-08-23,0.67769,0.6212
2024-08-26,0.67719,0.62039
2024-08-27,0.67792,0.62371
2024-08-28,0.6781,0.62418
2024-08-29,0.68069,0.6268
2024-08-30,0.6765,0.62418
2024-09-03,0.67209,0.61889
2024-09-04,0.6724,0.61989
2024-09-05,0.67272,0.62131
2024-09-06,0.66778,0.61782
2024-09-09,0.6664,0.61501
2024-09-10,0.6652,0.6155
2024-09-11,0.66498,0.61211
2024-09-12,0.66961,0.6152
2024-09-13,0.67119,0.6166
2024-09-16,0.6739,0.61851
2024-09-17,0.6754,0.61831
2024-09-18,0.67609,0.62031
2024-09-19,0.68171,0.6241
2024-09-20,0.6806,0.6234
2024-09-23,0.68479,0.62712
2024-09-24,0.68729,0.63211
2024-09-25,0.68371,0.6279
2024-09-26,0.69018,0.63271
2024-09-27,0.69109,0.6342
2024-09-30,0.69339,0.63629
2024-10-01,0.6888,0.62842
2024-10-02,0.68951,0.62771
2024-10-03,0.68432,0.62158
2024-10-04,0.67972,0.61561
2024-10-07,0.67609,0.61229
2024-10-08,0.67381,0.61241
2024-10-09,0.67249,0.6065
2024-10-10,0.67331,0.60861
2024-10-11,0.67558,0.6111
2024-10-15,0.67092,0.60861
2024-10-16,0.66618,0.6058
2024-10-17,0.6702,0.60632
2024-10-18,0.67002,0.6065
2024-10-21,0.66609,0.60328
2024-10-22,0.66791,0.60441
2024-10-23,0.66322,0.60071
2024-10-24,0.66291,0.60082
2024-10-25,0.66212,0.59941
2024-10-28,0.65872,0.59801
2024-10-29,0.65569,0.59609
2024-10-30,0.65841,0.59859
2024-10-31,0.65501,0.5951
2024-11-01,0.6582,0.59801
2024-11-04,0.65841,0.5978
2024-11-05,0.66331,0.59992
2024-11-06,0.65729,0.5946
2024-11-07,0.66711,0.60201
2024-11-08,0.65729,0.59609
2024-11-12,0.65219,0.59172
2024-11-13,0.64859,0.58862
2024-11-14,0.64729,0.5872
2024-11-15,0.64612,0.5862
2024-11-18,0.64981,0.5883
2024-11-19,0.6524,0.5907
2024-11-20,0.64939,0.5872
2024-11-21,0.65028,0.58531
2024-11-22,0.64952,0.58272
2024-11-25,0.6491,0.58411
2024-11-26,0.64612,0.58261
2024-11-27,0.64918,0.59021
2024-11-29,0.6513,0.5913
2024-12-02,0.64591,0.58772
2024-12-03,0.6483,0.5883
2024-12-04,0.64358,0.58641
2024-12-05,0.64392,0.58699
2024-12-06,0.6382,0.58319
2024-12-09,0.6462,0.5881
2024-12-10,0.63771,0.58021
2024-12-11,0.6378,0.57971
2024-12-12,0.63881,0.57901
2024-12-13,0.63589,0.5761
2024-12-16,0.63719,0.5781
2024-12-17,0.63391,0.5759
2024-12-18,0.6302,0.57189
2024-12-19,0.6252,0.5644
2024-12-20,0.62661,0.56641
2024-12-23,0.6243,0.56491
2024-12-24,0.62301,0.56389
2024-12-26,0.6227,0.56319
2024-12-27,0.62081,0.56309
2024-12-30,0.62189,0.56402
2024-12-31,0.61851,0.5596
2025-01-02,0.62081,0.5601
2025-01-03,0.62089,0.56041
2025-01-06,0.62512,0.56459
2025-01-07,0.62449,0.5643
2025-01-08,0.6217,0.56129
2025-01-09,0.61962,0.55979
2025-01-10,0.6147,0.55559
2025-01-13,0.6155,0.55559
2025-01-14,0.61839,0.5596
2025-01-15,0.62181,0.56129
2025-01-16,0.62208,0.5618
2025-01-17,0.621,0.5596
2025-01-21,0.6272,0.5667
2025-01-22,0.62759,0.56689
2025-01-23,0.62869,0.5677
2025-01-24,0.63219,0.57198
2025-01-27,0.62798,0.56821
2025-01-28,0.62469,0.56632
2025-01-29,0.62278,0.56539
2025-01-30,0.62329,0.56539
2025-01-31,0.62418,0.5668
2025-02-03,0.6177,0.55891
2025-02-04,0.6257,0.565
2025-02-05,0.6296,0.5697
2025-02-06,0.6279,0.56699
2025-02-07,0.62641,0.5652
2025-02-10,0.6279,0.5651
2025-02-11,0.62941,0.56571
2025-02-12,0.6285,0.56411
2025-02-13,0.62921,0.5652
2025-02-14,0.63589,0.57339
2025-02-18,0.63528,0.57052
2025-02-19,0.63412,0.57009
2025-02-20,0.6393,0.57561
2025-02-21,0.63759,0.57511
2025-02-24,0.63609,0.57461
2025-02-25,0.63319,0.57159
2025-02-26,0.63231,0.5711
2025-02-27,0.62559,0.56468
2025-02-28,0.62112,0.56019
2025-03-03,0.62488,0.56351
2025-03-04,0.6212,0.56211
2025-03-05,0.63119,0.57071
2025-03-06,0.6348,0.57491
2025-03-07,0.63,0.571
2025-03-10,0.6308,0.57251
2025-03-11,0.6285,0.571
2025-03-12,0.6306,0.57231
2025-03-13,0.62889,0.57091
2025-03-14,0.63179,0.57409
2025-03-17,0.63751,0.58109
2025-03-18,0.63561,0.58099
2025-03-19,0.63311,0.5783
2025-03-20,0.63012,0.57511
2025-03-21,0.62661,0.5731
2025-03-24,0.6281,0.57189
2025-03-25,0.63091,0.57379
2025-03-26,0.63072,0.57428
2025-03-27,0.6308,0.57481
2025-03-28,0.63,0.573
2025-03-31,0.6236,0.5666
2025-04-01,0.62779,0.57039
2025-04-02,0.63,0.57409
2025-04-03,0.6352,0.5815
2025-04-04,0.6043,0.55932
2025-04-07,0.59801,0.55359
2025-04-08,0.6015,0.55769
2025-04-09,0.60031,0.55611
2025-04-10,0.6192,0.57221
2025-04-11,0.62449,0.57961
2025-04-14,0.63119,0.58672
2025-04-15,0.63581,0.59161
2025-04-16,0.6389,0.59291
2025-04-17,0.6382,0.59709
2025-04-18,0.63751,0.5933
2025-04-21,0.64119,0.6001
2025-04-22,0.6391,0.59941
2025-04-23,0.63759,0.59652
2025-04-24,0.63959,0.59869
2025-04-25,0.63959,0.59691
2025-04-28,0.64131,0.59652
2025-04-29,0.63849,0.594
2025-04-30,0.63992,0.5933
2025-05-01,0.63731,0.59011
2025-05-02,0.6447,0.59549
2025-05-05,0.64721,0.59741
2025-05-06,0.64889,0.60038
2025-05-07,0.6462,0.59769
2025-05-08,0.6416,0.59221
2025-05-09,0.64251,0.592
2025-05-12,0.6369,0.58641
2025-05-13,0.64721,0.59379
2025-05-14,0.64479,0.59179
2025-05-15,0.64029,0.5873
2025-05-16,0.63951,0.5872
2025-05-19,0.64579,0.59259
2025-05-20,0.64049,0.59091
2025-05-21,0.64679,0.59652
2025-05-22,0.64168,0.5907
2025-05-23,0.64779,0.59769
2025-05-27,0.64371,0.59439
2025-05-28,0.64168,0.5952
2025-05-29,0.64429,0.59801
2025-05-30,0.64342,0.59719
2025-06-02,0.64931,0.6035
2025-06-03,0.6462,0.59992
2025-06-04,0.6499,0.60321
2025-06-05,0.65172,0.60449
2025-06-06,0.6496,0.60201
2025-06-09,0.65261,0.60558
2025-06-10,0.65232,0.60449
2025-06-11,0.6521,0.6047
2025-06-12,0.65249,0.60632
2025-06-13,0.6513,0.6035
2025-06-16,0.65359,0.6072
2025-06-17,0.65151,0.60558
2025-06-18,0.65202,0.60459
2025-06-20,0.64549,0.59691
2025-06-23,0.6423,0.594
2025-06-24,0.6499,0.60161
2025-06-25,0.64931,0.60201
2025-06-26,0.65548,0.60691
2025-06-27,0.65351,0.60621
2025-06-30,0.65729,0.6092
2025-07-01,0.6572,0.60872
2025-07-02,0.65712,0.60772
2025-07-03,0.65759,0.6068
2025-07-07,0.6513,0.6014
2025-07-08,0.6524,0.59941
2025-07-09,0.65321,0.5992
2025-07-10,0.6572,0.6019
2025-07-11,0.65768,0.60111
2025-07-14,0.65501,0.59741
2025-07-15,0.65202,0.5951
2025-07-16,0.65219,0.59389
2025-07-17,0.64851,0.59301
2025-07-18,0.6527,0.59769
2025-07-21,0.65308,0.59791
2025-07-22,0.65561,0.6001
2025-07-23,0.65898,0.6039
2025-07-24,0.66011,0.60408
2025-07-25,0.65561,0.6006
2025-07-28,0.65189,0.5973
2025-07-29,0.65091,0.59549
2025-07-30,0.6452,0.59119
2025-07-31,0.643,0.58941
2025-08-01,0.64679,0.59119
2025-08-04,0.64671,0.5907
2025-08-05,0.64721,0.59011
2025-08-06,0.65041,0.59389
2025-08-07,0.6502,0.59439
2025-08-08,0.65278,0.59559
2025-08-11,0.65121,0.59361
2025-08-12,0.65321,0.5957
2025-08-13,0.65458,0.5978
2025-08-14,0.64901,0.59161
2025-08-15,0.65151,0.59301
2025-08-18,0.64939,0.59249
2025-08-19,0.64591,0.59011
2025-08-20,0.6428,0.58221
2025-08-21,0.6421,0.5818
2025-08-22,0.64851,0.5862
2025-08-25,0.64998,0.58672
2025-08-26,0.64998,0.58651
2025-08-27,0.6496,0.5848
2025-08-28,0.65321,0.58851
2025-08-29,0.65449,0.59011
2025-09-02,0.65159,0.58641
2025-09-03,0.65501,0.5881
2025-09-04,0.65138,0.58381
2025-09-05,0.65699,0.59102
2025-09-08,0.6592,0.59411
2025-09-09,0.65928,0.59308
2025-09-10,0.6626,0.59542
2025-09-11,0.66578,0.5973
2025-09-12,0.66361,0.59481
2025-09-15,0.66711,0.59719
2025-09-16,0.66778,0.59801
2025-09-17,0.6668,0.59719
2025-09-18,0.66129,0.58779
2025-09-19,0.65972,0.58589
2025-09-22,0.65911,0.5863
2025-09-23,0.66011,0.58579
2025-09-24,0.65872,0.5815
2025-09-25,0.65501,0.5777
2025-09-26,0.65458,0.5769
2025-09-29,0.65781,0.5786
2025-09-30,0.66142,0.57991
2025-10-01,0.6605,0.58109
2025-10-02,0.6588,0.58129
2025-10-03,0.66151,0.58401
2025-10-06,0.66199,0.58381
2025-10-07,0.65872,0.58059
2025-10-08,0.6582,0.5779
2025-10-09,0.65561,0.57451
2025-10-10,0.64952,0.5733
2025-10-14,0.64918,0.57189
2025-10-15,0.65138,0.57241
2025-10-16,0.64918,0.5732
2025-10-17,0.64859,0.57221
2025-10-20,0.65172,0.57511
2025-10-21,0.6499,0.57471
2025-10-22,0.6502,0.57531
2025-10-23,0.65159,0.57511
2025-10-24,0.65108,0.57481
2025-10-27,0.65539,0.5763
2025-10-28,0.6585,0.578
2025-10-29,0.66129,0.57981
2025-10-30,0.65548,0.57471
2025-10-31,0.65458,0.5728
2025-11-03,0.65368,0.57091
2025-11-04,0.6502,0.5666
2025-11-05,0.65121,0.56641
2025-11-06,0.64679,0.56309
2025-11-07,0.64758,0.5617
2025-11-10,0.65219,0.56329
2025-11-12,0.65411,0.56632
2025-11-13,0.65531,0.56779
2025-11-14,0.65488,0.5685
2025-11-17,0.65159,0.56741
2025-11-18,0.65049,0.56609
2025-11-19,0.64679,0.56029
2025-11-20,0.64479,0.55969
2025-11-21,0.6457,0.56092
2025-11-24,0.64562,0.5607
2025-11-25,0.64529,0.56092
2025-11-26,0.65159,0.56941
2025-11-28,0.65518,0.57369
2025-12-01,0.65539,0.57369
2025-12-02,0.65561,0.5727
2025-12-03,0.6592,0.5769
2025-12-04,0.6619,0.5775
2025-12-05,0.66348,0.5771
2025-12-08,0.66221,0.5771
2025-12-09,0.66529,0.57931
2025-12-10,0.66419,0.5788
2025-12-11,0.66711,0.5819
2025-12-12,0.66401,0.57931
2025-12-15,0.66432,0.57951
2025-12-16,0.6637,0.57941
2025-12-17,0.66081,0.5776
2025-12-18,0.6619,0.5781
2025-12-19,0.66168,0.576
2025-12-22,0.66569,0.57981
2025-12-23,0.66939,0.58319
2025-12-24,0.67069,0.5837
2025-12-26,0.67101,0.58299
2025-12-29,0.66899,0.58069
2025-12-30,0.67029,0.58042
2025-12-31,0.66689,0.57551
2026-01-02,0.6684,0.5767
2026-01-05,0.67182,0.5789
2026-01-06,0.67322,0.5779
2026-01-07,0.67281,0.578
2026-01-08,0.66939,0.57501
2026-01-09,0.6684,0.5731
2026-01-12,0.67159,0.5764
2026-01-13,0.6684,0.57461
2026-01-14,0.66791,0.57501
2026-01-15,0.67051,0.57428
2026-01-16,0.66818,0.57511
2026-01-20,0.67431,0.5848
2026-01-21,0.6765,0.5849
2026-01-22,0.68339,0.59021
2026-01-23,0.68781,0.59291
2026-01-26,0.69329,0.59891
2026-01-27,0.69779,0.60179
2026-01-28,0.6993,0.60321
2026-01-29,0.70102,0.60529
2026-01-30,0.6995,0.60481
2026-02-02,0.69599,0.601
2026-02-03,0.7019,0.605
2026-02-04,0.69959,0.60049
2026-02-05,0.6974,0.59902
2026-02-06,0.70141,0.60201
2026-02-09,0.70872,0.60481
2026-02-10,0.70721,0.60459
2026-02-11,0.71291,0.60569
2026-02-12,0.70972,0.6047
2026-02-13,0.70681,0.60361
2026-02-17,0.70641,0.60292
2026-02-18,0.70651,0.59859
2026-02-19,0.70502,0.5968
2026-02-20,0.70822,0.59741
2026-02-23,0.70611,0.59659
2026-02-24,0.70671,0.5973
2026-02-25,0.71159,0.5992
2026-02-26,0.70922,0.59741
2026-02-27,0.7121,0.59999
2026-03-02,0.70671,0.59301
2026-03-03,0.70259,0.58851
2026-03-04,0.70721,0.5934
2026-03-05,0.70048,0.58921
2026-03-06,0.7022,0.59021
2026-03-09,0.70462,0.59179
2026-03-10,0.715,0.59559
2026-03-11,0.715,0.59091
2026-03-12,0.70892,0.58689
2026-03-13,0.70038,0.58042
2026-03-16,0.70552,0.58469
2026-03-17,0.70998,0.58579
2026-03-18,0.70781,0.58401
2026-03-19,0.70358,0.58319
2026-03-20,0.70328,0.58401
2026-03-23,0.6995,0.58432
2026-03-24,0.69648,0.5818
2026-03-25,0.69618,0.5815
2026-03-26,0.69132,0.5779
2026-03-27,0.68899,0.5759
2026-03-30,0.68578,0.57149
2026-03-31,0.68549,0.571
2026-04-01,0.6944,0.577
2026-04-02,0.69109,0.5727
2026-04-03,0.68942,0.56951
2026-04-06,0.6919,0.57189
2026-04-07,0.6944,0.57039
2026-04-08,0.70621,0.5836
2026-04-09,0.70862,0.58699
2026-04-10,0.70781,0.58421
2026-04-13,0.70631,0.58432
2026-04-14,0.71311,0.5907
2026-04-15,0.71608,0.59081
2026-04-16,0.717,0.58959
2026-04-17,0.71922,0.59102
2026-04-20,0.71751,0.58921
2026-04-21,0.71638,0.59049
2026-04-22,0.71618,0.59102
2026-04-23,0.71561,0.58789
2026-04-24,0.71541,0.5881
2026-04-27,0.71932,0.59179
2026-04-28,0.71808,0.589
2026-04-29,0.71301,0.5837
2026-04-30,0.71839,0.58921
2026-05-01,0.72192,0.59179
2026-05-04,0.71669,0.5873
2026-05-05,0.71958,0.59028
2026-05-06,0.72348,0.59559
2026-05-07,0.72411,0.5962
2026-05-08,0.72422,0.59598
2026-05-11,0.7259,0.59691
2026-05-12,0.72239,0.59439
2026-05-13,0.72632,0.59368
2026-05-14,0.72249,0.59231
2026-05-15,0.7151,0.58411
2026-05-18,0.71602,0.58679
2026-05-19,0.71008,0.58319
2026-05-20,0.71521,0.58699
2026-05-21,0.71342,0.58569
2026-05-22,0.71322,0.58551
2026-05-26,0.71618,0.5835
2026-05-27,0.71372,0.58941
2026-05-28,0.71592,0.5927
2026-05-29,0.71911,0.5992
2026-06-01,0.71531,0.59308
2026-06-02,0.7186,0.5933
2026-06-03,0.71388,0.5871
2026-06-04,0.71429,0.58789
2026-06-05,0.70602,0.58089
2026-06-08,0.70552,0.5817
2026-06-09,0.70279,0.58241
2026-06-10,0.7022,0.58231
2026-06-11,0.6995,0.5779
2026-06-12,0.70472,0.58289
2026-06-15,0.70811,0.5835
2026-06-16,0.70771,0.58411
2026-06-17,0.70731,0.5818
2026-06-18,0.7019,0.5758
2026-06-22,0.69999,0.57212
2026-06-23,0.69262,0.56721
2026-06-24,0.68951,0.56459
2026-06-25,0.69219,0.5659
2026-06-26,0.6907,0.5651
2026-06-29,0.68852,0.565
2026-06-30,0.69152,0.5676
2026-07-01,0.69032,0.56779
2026-07-02,0.6931,0.57071
2026-07-06,0.6944,0.56909
2026-07-07,0.69348,0.5686
2026-07-08,0.69109,0.56841
2026-07-09,0.6944,0.5761
2026-07-10,0.69589,0.5774
2026-07-13,0.69348,0.5771
2026-07-14,0.6974,0.58079
2026-07-15,0.69989,0.58391
2026-07-16,0.70038,0.58449
2026-07-17,0.69852,0.5848
2026-07-20,0.70038,0.58469
2026-07-21,0.70082,0.58319
2026-07-22,0.69999,0.58231
2026-07-23,0.6975,0.5776
2026-07-24,0.69959,0.58021
2026-07-27,0.6993,0.578
2026-07-28,0.69842,0.57981
2026-07-29,0.693,0.5769
2026-07-30,0.7022,0.58761
2026-07-31,0.70259,0.58789
2026-08-03,0.70008,0.58679
2026-08-04,0.70378,0.58889
2026-08-05,0.70512,0.58799
2026-08-06,0.70279,0.58672
2026-08-07,0.70641,0.58921
2026-08-10,0.70661,0.5891
2026-08-11,0.70621,0.5882
2026-08-12,0.70701,0.58672
2026-08-13,0.70582,0.5848
2026-08-14,0.70912,0.58969
2026-08-17,0.71129,0.59102
2026-08-18,0.70972,0.58799
2026-08-19,0.7123,0.59301
2026-08-20,0.712,0.59488
2026-08-21,0.71782,0.5983
2026-08-24,0.7151,0.5957
2026-08-25,0.71602,0.59719
2026-08-26,0.7169,0.59379
2026-08-27,0.71979,0.59531
2026-08-28,0.71659,0.59151
2026-08-31,0.71659,0.59172
2026-09-01,0.71608,0.59049
2026-09-02,0.7169,0.58469
2026-09-03,0.71989,0.58851
2026-09-04,0.72088,0.589
2026-09-08,0.72181,0.58551
2026-09-09,0.72192,0.58421
2026-09-10,0.7171,0.58099
2026-09-11,0.71741,0.5817
2026-09-14,0.71408,0.5779
2026-09-15,0.71281,0.57571
2026-09-16,0.71322,0.5759
2026-09-17,0.71139,0.57359
2026-09-18,0.71109,0.571
2026-09-21,0.7123,0.57189
2026-09-22,0.71018,0.57149
2026-09-23,0.70358,0.56721
2026-09-24,0.70161,0.5659
2026-09-25,0.70328,0.5667
