p_up,n,p_up_spread_le_5_ticks,bucket_mid
0.39879297484234083,14747,0.3301104972375691,-0.9
0.41629692832764503,11720,0.39746835443037976,-0.7
0.37509266123054114,10792,0.25679172056921085,-0.5
0.4188342424379029,22183,0.3711340206185567,-0.30000000000000004
0.4833349955121173,50135,0.4326241134751773,-0.1
0.5070828961175237,11436,0.5080179602309173,0.1
0.5246005713681092,18902,0.5256166982922201,0.30000000000000004
0.5319334496176037,14906,0.5355113636363636,0.5
0.552885209440257,16186,0.46042830540037244,0.7
0.5649201257250251,30861,0.5912912912912913,0.9
