entry,expiry,days,strike,forward0,premium,premium_pct,settle_value,iv_entry,rv_realised,stale_marks,missing_forward_days,option_pnl_pct,hedge_pnl_pct,cost_pct,pnl_pct
2020-05-04,2020-05-28,18,9300.0,9280.818192426152,748.2,8.061789213914219,190.10000000000036,39.53992210568988,25.618695960857035,0,0,6.013478428609358,-3.484263623491097,0.06650926753643488,2.462705537581826
2020-05-29,2020-06-25,20,9500.0,9491.55951370341,563.1,5.932639406485584,788.8999999999996,27.462354740720528,21.13789369862418,0,0,-2.378955741403734,2.207419853412536,0.05949153998829837,-0.23102742797949613
2020-06-26,2020-07-30,25,10300.0,10314.638364504775,663.05,6.428242819270516,802.1499999999996,26.57967056629541,15.334696905848192,0,0,-1.348568850253415,2.6333378656938984,0.06068018315622949,1.224088832284254
2020-07-31,2020-08-27,20,11100.0,11095.126623983517,535.35,4.825091395016379,459.25,22.339749806146553,12.972117982801354,0,0,0.6858867192691633,1.004508862134839,0.0563755586830482,1.6340200227209543
2020-08-28,2020-09-24,20,11650.0,11672.909891376456,411.3,3.523543005363678,844.4500000000007,16.316577440347118,19.155875042350527,0,0,-3.710728550384828,3.3222578886507272,0.05056562792750416,-0.4390362896616049
2020-09-25,2020-10-29,24,11050.0,11044.919330532706,521.75,4.72389145077473,620.7999999999993,19.514065122502693,15.425458031071393,2,0,-0.896792425872992,0.8140210066960832,0.04933067726332013,-0.13210209644022872
2020-10-30,2020-11-26,19,11650.0,11638.243608372608,597.9000000000001,5.137373130511446,1337.0,23.777010452270687,16.984719328653416,4,0,-6.35061461910187,6.593559625669237,0.04735208402308684,0.19559292254428054
2020-11-27,2020-12-31,23,13000.0,13016.902029118915,536.5999999999999,4.122332631832223,981.75,17.038642705320864,14.929593024490428,0,0,-3.4197845155797895,3.1644948300438314,0.05022823432155616,-0.30551791985751464
2021-01-01,2021-01-28,19,14050.0,14052.713013452476,557.9000000000001,3.9700519000560943,232.45000000000073,18.386234546441543,16.074462157245208,0,0,2.3159229088963134,-1.786558529563555,0.04986145485709678,0.47950292447566145
2021-01-29,2021-02-25,20,13700.0,13706.581569671744,733.3499999999999,5.350349365174082,1397.3500000000004,24.7839366042515,23.642585810822894,2,0,-4.844388052738247,3.8402998078877086,0.05067657797461709,-1.0547648228251554
2021-02-26,2021-03-25,19,14550.0,14571.905071579244,849.5999999999999,5.830397575517034,225.10000000000036,27.01743586842514,18.108875888117385,0,0,4.285644168915237,-2.6178693852973525,0.061181267984104566,1.60659351563378
2021-03-26,2021-04-29,20,14600.0,14609.75890966985,698.0999999999999,4.778312936690175,294.89999999999964,19.7494590123483,21.563083392826414,0,0,2.7597991348996995,-2.3236626983072375,0.07019317087400724,0.36594326571845515
2021-04-30,2021-05-27,18,14700.0,14689.851320048148,714.5,4.863902189567281,637.8500000000004,22.51581955413447,14.18239081229768,0,0,0.5217888073202664,0.9969779504295265,0.05709299351201007,1.4616737642377828
2021-05-28,2021-06-24,20,15450.0,15466.93121358304,505.45,3.2679397937459913,340.4500000000007,15.135664411358574,7.689450410399316,0,0,1.0667920980672394,0.31320614083953574,0.040705664809064915,1.3392925740977102
2021-06-25,2021-07-29,24,15900.0,15888.480462296928,480.65,3.0251476920060014,121.54999999999927,12.492044007122988,8.590605052131535,0,0,2.2601280270453707,-1.055460655226705,0.05587915313855511,1.1487882186801104
2021-07-30,2021-08-26,19,15800.0,15778.999266238246,389.5,2.468470867055549,836.9000000000015,11.41223590352506,9.496553444219098,0,0,-2.835414289911826,2.588548825352251,0.0342457579498921,-0.2811112225094678
2021-08-27,2021-09-30,24,16700.0,16715.292312059973,449.1,2.6867612699538452,918.1500000000015,11.101627275270316,10.91125933599817,0,0,-2.8061130564948895,2.2646746758687293,0.03766215400398575,-0.5791005346301461
2021-10-01,2021-10-28,19,17550.0,17535.781799869434,584.25,3.331759066506805,307.25,15.419169134191238,12.745816194597879,0,0,1.579627319507719,-1.1419128885276626,0.04384002871873885,0.39387440226131754
2021-10-29,2021-11-25,18,17750.0,17728.044687430895,619.05,3.4919248620740655,213.75,16.153676704085456,13.155311973741776,0,0,2.28620813601263,-1.8685290158761951,0.056540209482707764,0.36113891065372705
2021-11-26,2021-12-30,25,17050.0,17055.281884099662,696.55,4.084072047201877,153.95000000000073,16.877078852535853,16.13390977380636,0,0,3.1814191268562713,-2.7961412814586026,0.0745477994424212,0.3107300459552471
2021-12-31,2022-01-27,19,17400.0,17408.139040357426,571.5,3.28294712418764,289.84999999999854,15.204819944222209,16.58969471982587,0,0,1.617921360502981,-2.3567824115232106,0.04687180795951282,-0.7857328589797423
2022-01-28,2022-02-24,20,17150.0,17130.606977913787,793.8,4.633811288901983,902.0499999999993,21.44297831794787,27.431955485893976,0,0,-0.6319098916901443,-2.217275030487002,0.06385450224152216,-2.9130394244186686
2022-02-25,2022-03-31,23,16650.0,16658.50131821755,948.55,5.694089653567313,814.75,23.534989222862766,19.261113010785007,0,0,0.803193501288605,-0.0017536749763274815,0.06760995890602925,0.7338298674062483
2022-04-01,2022-04-28,18,17700.0,17717.333141501924,659.15,3.720368041485745,454.9500000000007,17.232811984998325,18.831722589093385,0,0,1.1525436608835415,-1.1156754307227705,0.05434828851813836,-0.01748005835736737
2022-04-29,2022-05-26,19,17150.0,17138.746018271213,681.0,3.973452895993686,979.8500000000004,18.392725232861658,23.012024707808894,0,0,-1.7437098354885674,1.546739359803932,0.04187874285794759,-0.23884921854258295
2022-05-27,2022-06-30,25,16350.0,16327.413657516685,748.55,4.584620783803003,569.75,18.92498975129658,17.45830409394264,0,0,1.095090770347975,-1.1246542847533045,0.05235828755153941,-0.08192180195686882
2022-07-01,2022-07-28,20,15750.0,15757.234702539934,709.8,4.50459749695539,1179.5999999999985,20.86471339238456,13.361140387609632,0,0,-2.981487607874945,4.067964902290245,0.04984250736526501,1.0366347870500348
2022-07-29,2022-08-25,18,17200.0,17203.0647003815,566.3499999999999,3.292145962733259,322.4500000000007,15.246057286090963,10.369432883663075,0,0,1.4177706370806733,-0.6887350887684685,0.04131989872353583,0.6877156495886689
2022-08-26,2022-09-29,24,17650.0,17658.24979992709,670.5999999999999,3.797658361378311,831.9000000000015,15.694037188375919,16.881797792997315,0,0,-0.9134540615722152,0.04533557084753223,0.06648483761035286,-0.9346033283350357
2022-09-30,2022-10-27,18,17100.0,17103.516869290244,703.1,4.110850448906401,636.9500000000007,19.038560034853173,14.447366254496993,0,0,0.3867625617908626,0.5901623303236478,0.0542947561842097,0.9226301359303006
2022-10-28,2022-11-24,19,17850.0,17830.10456801518,569.2,3.1923536837864015,634.0999999999985,14.768735557236527,11.189434236018151,0,0,-0.36399113506277697,0.8431131425353203,0.041229823953642115,0.43789218351890125
2022-11-25,2022-12-29,25,18650.0,18647.23329880494,502.25,2.693429057018277,459.0,11.127216256224825,11.109890723096184,0,0,0.2319378929139681,-0.21648109457670903,0.05205597059564743,-0.03659917225838835
2022-12-30,2023-01-25,19,18200.0,18200.753480654475,533.05,2.9287249045297883,308.0499999999993,13.817912784258946,11.016025477363236,0,0,1.2362125570194247,-0.5216771157390275,0.050681391870531715,0.6638540494098655
2023-01-27,2023-02-23,20,17700.0,17681.51131573128,649.1,3.671066281661649,188.75,16.98656004746388,9.895824495064467,0,0,2.603567035530643,-1.4478131353161117,0.057330504659277554,1.0984233955552534
2023-02-24,2023-04-27,40,17650.0,17649.393338635757,677.7,3.839792037024113,265.0499999999993,11.807245535046398,10.746817816838126,0,0,2.3380407024907823,-1.089062635596931,0.07199740510079082,1.1769806617930603
2023-04-28,2023-05-25,19,18100.0,18116.07711675541,367.4,2.028032877273385,221.15000000000146,9.38922708416579,8.506097998098912,0,0,0.8072939801339946,-0.4193908954010981,0.04300910744569169,0.34489397728720467
2023-06-30,2023-07-27,20,19250.0,19256.481087692024,401.15,2.083194734142777,409.90000000000146,9.647001595388524,8.872956674877013,0,0,-0.045439246974329744,0.3220006867206241,0.03503656045448798,0.24152487929180633
2023-07-28,2023-08-31,24,19750.0,19748.641801231515,484.35,2.452573725701968,496.2000000000007,10.13257545089198,7.1860034007651645,0,0,-0.06000412645725208,0.6741034916792084,0.04214744879642078,0.5719519164255356
2023-09-01,2023-09-28,19,19500.0,19511.70615063753,412.04999999999995,2.111809171472873,23.549999999999272,9.779122976764402,8.592518778993847,0,0,1.9911123968382782,-1.3263748402530513,0.033275986367597134,0.6314615702176299
2023-09-29,2023-10-26,18,19700.0,19709.29458312422,453.45,2.3006911692733008,842.75,10.65445107608998,11.080953149308478,0,0,-1.9752102154550584,2.0380970660708053,0.05211118721455389,0.010775663401193071
2023-10-27,2023-11-30,23,19150.0,19136.216797682788,489.1,2.555886595407016,983.1500000000015,10.553389520811262,8.044286973524507,0,0,-2.58175377726608,2.865165157653245,0.038447122761066044,0.24496425762609908
2023-12-01,2023-12-28,19,20350.0,20374.316639092554,461.3,2.2641250166638507,1428.7000000000007,10.481083168829764,13.225797204754707,0,0,-4.748134708694149,3.9432341259658257,0.034493557054567824,-0.8393941397828912
2023-12-29,2024-01-25,19,21900.0,21887.08806560581,636.55,2.908335718721297,547.4000000000015,13.461611451505245,14.011287044731723,0,0,0.40731777444662526,-1.1497572755013559,0.056370899930261016,-0.7988104009849916
2024-01-29,2024-02-29,24,21850.0,21866.94327847011,763.45,3.4913430298768935,132.79999999999927,15.102595809139332,9.625143763912284,0,0,2.884033639127468,-1.3689803724298901,0.05261575645963196,1.462437510237946
2024-03-01,2024-03-28,18,22450.0,22443.97108121672,670.0,2.9852114742774756,123.09999999999854,13.82114220548665,10.410056480069633,0,0,2.436734560122919,-1.5091036634771287,0.0450910501155718,0.8825398465302188
2024-04-01,2024-04-25,17,22600.0,22604.92098728334,526.2,2.327811719828704,29.650000000001455,11.42761473819497,9.486729153569065,0,0,2.196645590043595,-1.3775093727016712,0.03957922737452592,0.7795569899673981
2024-04-26,2024-05-30,23,22550.0,22561.821359651625,639.75,2.8355423518426366,61.349999999998545,11.717175091996967,10.872993807389083,0,0,2.563622815640149,-1.9595746596673138,0.046151404734320146,0.5578967512385145
2024-05-31,2024-06-27,19,22700.0,22709.39506510394,1136.75,5.005637520247161,1344.5,23.185930013655497,30.304795082404407,0,0,-0.9148196127832396,-0.9936005858714911,0.06324922248369101,-1.9716694211384216
2024-06-28,2024-07-25,19,24150.0,24132.36541255891,668.95,2.7720034425297846,256.09999999999854,12.828463918167465,7.2597505711979915,0,0,1.7107730342303995,-0.2882003475039352,0.03594249907920402,1.3866301876472604
2024-07-26,2024-08-29,23,24900.0,24913.93411329149,716.85,2.877305514015802,251.95000000000073,11.889843838009318,13.872701140008406,0,0,1.8660240405467594,-2.401566242836267,0.05137586211149685,-0.5869180644010041
2024-08-30,2024-09-26,20,25400.0,25381.109387812397,621.5999999999999,2.449065525474951,816.0499999999993,11.332929692483724,10.845954277375876,0,0,-0.7661209643317292,0.8474991541900632,0.04639968330177484,0.03497850655655919
2024-09-27,2024-10-31,24,26350.0,26343.46052444804,682.6,2.591155400280511,2144.6500000000015,10.703919070757923,12.57687797016081,2,0,-5.5499542235278705,4.944403604668286,0.039949394371357805,-0.6455000132309419
2024-11-01,2024-11-28,18,24400.0,24385.681317889717,793.85,3.255393973420046,485.84999999999854,15.068658861128863,16.553696551193724,0,0,1.2630362711008118,-1.2261450164201468,0.048238653715905924,-0.011347399035240964
2024-12-02,2024-12-26,18,24450.0,24427.50405813329,666.3,2.7276630408670477,699.7999999999993,13.378662879572556,11.406491925427527,0,0,-0.13714049507585807,0.2349531933820123,0.04550169126258098,0.052311007043573235
2024-12-27,2025-01-30,25,24000.0,23991.599289098634,745.55,3.1075460665048906,750.5,12.836554417159347,13.123564211906627,0,0,-0.02063222188880605,-0.1179282933827462,0.0471895513587265,-0.18575006663027874
2025-01-31,2025-02-27,20,23600.0,23622.50796345757,798.9,3.381944039285941,1054.9500000000007,15.66427146885625,9.697814166951803,0,0,-1.083923859380608,2.0222669390080337,0.04339065971377562,0.8949524199136503
2025-02-28,2025-03-27,19,22300.0,22282.26493057919,631.15,2.832521747525934,1291.9500000000007,13.107745494295195,11.483178319647894,0,0,-2.9655872150283447,3.2245702967985848,0.04129629555479195,0.21768678621544824
2025-03-28,2025-04-30,20,23650.0,23644.51787762327,654.25,2.767026180809421,684.2000000000007,11.600507173092696,21.506081484409535,0,0,-0.12666783968703735,-0.46084724467737065,0.05264381047485518,-0.6401588948392632
