,vix,atm_iv30,rv_fwd
2020-04-13,51.46,46.40430112923954,33.64152677630947
2020-04-15,49.74,44.87803154533358,33.537705112797234
2020-04-16,46.1,42.41277608793844,35.55755638939518
2020-04-17,42.59,39.26195371345784,34.074281329739335
2020-04-20,43.46,39.65821917805582,34.83386620252283
2020-04-21,45.2,41.42521453377588,33.20055775368868
2020-04-22,42.82,39.311148332949294,32.36047055917119
2020-04-23,39.23,36.133950037403544,32.013697846895006
2020-04-24,39.12,35.83210286923318,33.25187580976456
2020-04-27,38.04,34.52946599684119,33.52952243896563
2020-04-28,35.35,31.66259884843609,33.489843143501815
2020-04-29,33.84,30.3499824004163,34.041057786961474
2020-04-30,33.99,29.87920769941849,32.67590836074177
2020-05-04,43.67,38.53691874208902,25.609366548527152
2020-05-05,43.61,38.57265813645447,25.421536194256873
2020-05-06,41.25,36.506908863333024,25.59953696458488
2020-05-07,39.93,35.97305469766774,25.4718923054654
2020-05-08,38.41,34.40970590561106,25.730933318531363
2020-05-11,38.04,33.53557483644152,25.83740806204456
2020-05-12,38.21,34.14801235312907,26.8316863958203
2020-05-13,38.84,34.62154261447308,26.027351211427614
2020-05-14,38.18,34.26286702196038,25.0478855741879
2020-05-15,38.02,34.228648869984994,25.293367699283042
2020-05-18,40.92,36.75041801031262,22.241903601016986
2020-05-19,39.45,34.57047596039768,23.307630538457854
2020-05-20,35.81,31.253881457277238,22.758577809500572
2020-05-21,32.99,29.35135285555896,22.819537082035954
2020-05-22,32.38,28.820174308959395,23.293092195540005
2020-05-26,31.47,27.481537436574687,23.936334051462623
2020-05-27,31.27,27.339997959079597,21.369094188095
2020-05-28,30.02,26.429733257036244,20.614121345180926
2020-05-29,30.22,27.238339012766883,20.488768359694525
2020-06-01,30.74,27.398310097242433,18.516640408794153
2020-06-02,30.12,26.57480950335059,18.235143287847
2020-06-03,30.04,26.595588701199112,18.45350003056693
2020-06-04,29.69,26.773460473208516,18.509450703381784
2020-06-05,28.68,26.014108673806152,18.79356928035078
2020-06-08,29.65,27.17702241249497,18.80933957905238
2020-06-09,30.21,27.813607421023807,18.59569735366741
2020-06-10,29.44,27.093970303906673,18.764867405192078
2020-06-11,29.66,27.612059250053566,17.300512025936108
2020-06-12,30.82,28.537509394832938,17.159192251225118
2020-06-15,32.58,30.43291307495911,17.41626508503636
2020-06-16,32.97,31.62709356703341,17.060006784860803
2020-06-17,33.35,31.304230701924773,17.473398899732835
2020-06-18,31.46,28.81036591241566,16.69768611069934
2020-06-19,29.97,27.719720334227038,16.31658743215927
2020-06-22,30.46,28.369079448030888,16.741927906309172
2020-06-23,29.34,26.440137584443484,15.898428326263073
2020-06-24,29.58,27.35976344393051,15.126935491278735
2020-06-25,29.73,27.38171314907894,15.131206967269872
2020-06-26,28.74,26.5796705662954,14.924834689408842
2020-06-29,28.91,26.87933523715985,15.631018543111178
2020-06-30,29.12,26.97398213299823,15.914039008511821
2020-07-01,28.12,25.789344638447385,15.644725710711526
2020-07-02,26.51,24.341558195475635,15.146801400770189
2020-07-03,25.77,23.82588609468611,16.093704940469006
2020-07-06,25.2,22.80588849284536,16.568452436427332
2020-07-07,25.1,23.04929850752565,16.52923597425605
2020-07-08,26.1,24.06707206096394,16.535654440640275
2020-07-09,24.91,22.70082755541526,16.173714935904712
2020-07-10,24.94,22.641187087330213,16.200404487478874
2020-07-13,25.25,23.295567499815522,16.241665724319
2020-07-14,26.64,23.35112171868376,14.967135654250882
2020-07-15,26.29,24.56468944401628,14.964928157345419
2020-07-16,25.36,23.565449984362584,14.91650169119014
2020-07-17,24.16,22.387724145435033,14.14894247383201
2020-07-20,24.71,22.577795150716653,14.268947523299719
2020-07-21,24.43,22.68283711502294,13.600125797396817
2020-07-22,24.89,23.097397355984807,13.882348246165355
2020-07-23,24.64,22.590262636607257,13.762774198952535
2020-07-24,24.54,22.607697507551638,14.04492031708458
2020-07-27,25.02,23.29763367080174,13.912110302811334
2020-07-28,23.64,21.991232491958428,13.10729809099443
2020-07-29,24.11,22.99055503074048,12.760769481828282
2020-07-30,24.73,23.428926760349665,12.649531140103203
2020-07-31,24.19,22.57138523104743,14.846227738224952
2020-08-03,25.19,23.25203998740713,13.9211824510934
2020-08-04,23.82,22.10048130600934,12.50678549014754
2020-08-05,23.57,21.824934082965147,12.50724678128933
2020-08-06,23.15,21.14368371627448,13.471913352433166
2020-08-07,22.58,20.79347046058833,13.480612827921998
2020-08-10,22.51,20.46541413461193,13.418862579408405
2020-08-11,21.36,19.434045718297558,13.377013217710262
2020-08-12,20.85,19.344714563507747,14.353112194121016
2020-08-13,20.57,18.645900241868326,14.35840177164239
2020-08-14,21.67,19.80973174394792,13.876518083750119
2020-08-17,21.31,19.27100622175614,13.933313437572433
2020-08-18,20.43,18.313941098862788,13.504513512767055
2020-08-19,19.96,22.358854357812078,13.744305974848823
2020-08-20,20.62,18.88310297470118,13.431806519569934
2020-08-21,19.94,17.81818260641105,15.398710585782593
2020-08-24,19.23,17.090903813551613,15.421412501286557
2020-08-25,19.32,17.39174136329032,15.435303373236305
2020-08-26,19.3,17.687319735725342,18.41306417072766
2020-08-27,18.9,17.02886256864032,19.978279938097813
2020-08-28,18.35,16.400777325484782,20.556719665823607
2020-08-31,22.84,21.14538493083305,19.010527223916124
2020-09-01,21.8,19.64559997882186,18.860290485874614
2020-09-02,21.11,18.89545241990107,19.460830677857018
2020-09-03,20.5,18.337430891435755,19.63398175679769
2020-09-04,22.15,20.22488724293746,19.331208339921517
2020-09-07,22.01,17.931248344853202,19.452493640198536
2020-09-08,22.72,22.027975474461712,19.62119913944483
2020-09-09,22.23,21.322470695505935,19.721261313138516
2020-09-10,21.26,19.080443940326617,19.023967050243044
2020-09-11,20.71,18.726489770105864,19.01869400557778
2020-09-14,21.19,19.337783610929655,19.033866182917482
2020-09-15,20.6,18.592410286683673,20.705661264826563
2020-09-16,19.66,17.891178732250076,20.699420736525003
2020-09-17,20.1,18.541234082461216,20.783448261960448
2020-09-18,20.05,17.819151331898112,20.792265869858507
2020-09-21,22.19,20.795890205870588,19.332098162378358
2020-09-22,21.41,19.938487472373723,19.135965198581623
2020-09-23,20.99,19.800337427890273,19.149347243678555
2020-09-24,23.51,22.05963683439619,16.825116048163853
2020-09-25,20.68,19.514065122502693,15.349352507953625
2020-09-28,19.57,17.91266281649738,15.072202324309178
2020-09-29,19.77,18.01017938841201,15.171578054399081
2020-09-30,19.53,17.996746188543643,15.175235386620336
2020-10-01,18.35,16.46378642355701,14.2864950037452
2020-10-05,19.7,18.161265611648933,14.677236709331254
2020-10-06,19.64,17.95225827721959,14.159532791388743
2020-10-07,20.06,18.283125393719303,15.253343262071645
2020-10-08,20.38,18.561904092273604,15.53422194059532
2020-10-09,20.38,18.957389530819988,16.326321277820306
2020-10-12,21.13,19.399522947681213,16.9811080991734
2020-10-13,20.72,19.47888262212336,17.283864200513694
2020-10-14,20.21,18.5622645158793,17.3244068158205
2020-10-15,22.06,20.406429416918893,15.10781720694763
2020-10-16,21.65,20.090670929426512,15.485278306120016
2020-10-19,21.82,20.148468607177826,15.239378960757788
2020-10-20,22.69,21.425667591010978,15.871459174800515
2020-10-21,22.92,21.092386648107663,16.00213311074996
2020-10-22,22.64,21.32655988087233,16.059685535120725
2020-10-23,21.83,20.436837862917876,16.392678445858476
2020-10-26,22.83,21.62383093649344,16.546707243800785
2020-10-27,22.2,20.89536742219115,16.52225834553927
2020-10-28,23.28,22.139831860132922,15.850689725530955
2020-10-29,24.02,23.142171772537804,16.188504412388916
2020-10-30,24.75,23.276073896355495,16.166965573302722
2020-11-02,25.21,23.350078724298825,16.156163466143287
2020-11-03,24.24,21.923518381305016,15.924529903504325
2020-11-04,23.2,20.585591631763577,15.883793607080479
2020-11-05,20.97,17.63798592232964,14.694495481359187
2020-11-06,20.5,17.49042077573723,14.547776652329073
2020-11-09,20.11,16.831098065433768,13.516911103859739
2020-11-10,21.58,18.165712506199736,12.708004946615926
2020-11-11,22.03,16.734841087923133,12.344802635642015
2020-11-12,20.62,16.98179442386358,12.244605028903807
2020-11-13,19.7,15.889738185240965,12.562839538765644
2020-11-17,19.8,15.978460805903644,11.9388905046987
2020-11-18,19.12,15.870409515621473,11.825046701101591
2020-11-19,19.57,16.48124290255913,15.552100980234899
2020-11-20,19.62,16.40529850167398,15.779947158030572
2020-11-23,20.8,17.115694677469094,16.050930096956133
2020-11-24,21.06,17.100540007368235,16.122603405660687
2020-11-25,23.13,17.538690366287184,15.554166425365674
2020-11-26,20.02,16.79573707537336,15.239375573396142
2020-11-27,19.82,17.0386427053209,15.280924831258943
2020-12-01,20.18,17.61131324071312,14.820682192442877
2020-12-02,19.91,17.08975835587106,14.848032261216376
2020-12-03,19.0,16.364529362806753,15.103244011861577
2020-12-04,18.03,15.345369689889823,14.834189127298982
2020-12-07,18.02,15.949439334396029,14.674626632859708
2020-12-08,18.62,16.102999033356674,14.644583383161253
2020-12-09,18.92,16.537880915831273,15.108035896231803
2020-12-10,18.71,16.614376725210526,15.410110256683335
2020-12-11,18.79,16.917351992021416,15.497168073300497
2020-12-14,19.4,17.83791109290466,15.455679036388933
2020-12-15,19.35,17.966604866744035,15.470953206778985
2020-12-16,19.2,17.770801881312543,15.6765597612264
2020-12-17,19.16,17.473380944230783,16.035217055222002
2020-12-18,18.62,17.147712566020612,17.03425001153571
2020-12-21,23.19,21.617414167464872,13.289069693469093
2020-12-22,21.99,20.007253970924115,12.866405862189007
2020-12-23,20.5,19.245817417438733,13.451680306907566
2020-12-24,19.97,18.450355456989477,13.313013842053275
2020-12-28,20.43,19.294069021240805,14.560663012121724
2020-12-29,20.79,19.65732337061018,14.96004081311103
2020-12-30,21.11,20.03362767339089,15.608381379035983
2020-12-31,21.1,20.12242903488022,22.38826901767656
2021-01-04,20.03,19.328952580417624,24.099331908986592
2021-01-05,20.46,19.881772969669225,24.170458915028235
2021-01-06,21.0,20.335330306195882,24.144536560027188
2021-01-07,20.62,19.98442343579149,24.544413832181505
2021-01-08,20.64,19.741682071036344,24.008024030223794
2021-01-11,22.38,21.58047640942064,23.779662116222582
2021-01-12,22.85,22.104707991478598,23.75468547037355
2021-01-13,23.29,22.472594765016655,23.75575991929546
2021-01-14,23.03,22.2547692096257,23.992648002870265
2021-01-15,24.01,23.451195556028647,23.679475909224294
2021-01-18,24.4,23.653594474487278,23.512310074853254
2021-01-19,22.9,22.38724348205676,22.88588219775611
2021-01-20,21.55,20.97318040268998,22.915551576948026
2021-01-21,22.18,21.798283068302464,23.97046854037256
2021-01-25,23.25,22.702047131596245,24.050336935113958
2021-01-27,24.39,23.780759774859412,23.26017708554533
2021-01-28,24.29,23.782410113153574,26.526494962453885
2021-01-29,25.34,24.321672160714073,26.693714950029
2021-02-01,23.32,21.18716142365526,21.644085543406575
2021-02-02,23.35,21.27695425858514,21.156418902483686
2021-02-03,23.75,21.85739475130753,21.22717510650855
2021-02-04,23.12,20.45790379204305,21.338854590237165
2021-02-05,23.42,20.785093681421966,21.33263104647219
2021-02-08,23.96,21.191607268170088,21.126037828280168
2021-02-09,24.27,22.02778898880029,21.19774516217607
2021-02-10,23.95,20.46424799787703,21.452896737905903
2021-02-11,23.05,20.23900707079258,21.526596422173125
2021-02-12,22.04,19.747937094587886,21.529928634254674
2021-02-16,21.78,19.745687932290405,22.050180609427287
2021-02-18,21.54,19.802221990140225,22.26568330285118
2021-02-19,22.25,19.71087912646995,22.117016218752198
2021-02-22,25.47,22.919755344535634,21.845845924399136
2021-02-23,25.23,22.77192401289836,22.487467572998884
2021-02-24,24.17,21.677764358432896,21.99894175417488
2021-02-25,22.89,20.992232695429124,23.248077943646585
2021-02-26,28.14,26.56082473326692,19.416255175752223
2021-03-01,25.63,23.973940040230794,19.076611625373825
2021-03-02,23.61,21.48774974803246,19.47939507565576
2021-03-03,22.09,20.331102212286073,18.010360656640025
2021-03-04,24.15,22.430280578698568,17.897547580836743
2021-03-05,25.56,23.881121666898554,17.638446904225603
2021-03-08,24.68,23.597925441559987,17.656837658579004
2021-03-09,22.5,21.314045920575726,21.359614775065854
2021-03-10,20.75,19.715676537751833,21.792962002581522
2021-03-12,21.71,20.862310151997686,21.618976117843328
2021-03-15,21.23,20.550610980081387,21.50865862632328
2021-03-16,20.19,19.645754542992663,22.374042057004026
2021-03-17,20.16,19.51408119244566,21.985501798422234
2021-03-18,20.08,19.363633823733423,21.804157201042
2021-03-19,19.99,18.938445868702825,21.41232164160068
2021-03-22,20.49,19.720709979654625,21.688147233152304
2021-03-23,20.67,18.767395744420728,21.976530997904366
2021-03-24,22.46,21.00135450277292,21.642867869167073
2021-03-25,22.7,21.33201314513785,20.97367160921968
2021-03-26,20.65,19.7494590123483,21.42433663435309
2021-03-31,20.65,20.613610843518465,19.824959381825856
2021-04-01,19.99,18.380158158193346,19.601616556684142
2021-04-05,21.22,20.72193481401381,19.014348805486076
2021-04-06,20.84,20.20451990276068,19.123214022164547
2021-04-07,20.25,19.570293954719816,19.059445463081964
2021-04-08,20.31,19.636642409320494,19.135513450095885
2021-04-09,19.79,18.994891445338517,19.453137015005264
2021-04-12,23.0,22.58775585715165,14.946718165396977
2021-04-13,20.46,19.852483084140164,15.317474684117109
2021-04-15,20.89,20.031269334783534,15.795492245577721
2021-04-16,20.4,19.823072934362536,15.873330956241851
2021-04-19,22.49,22.25519783606078,14.901025173096476
2021-04-20,22.43,22.436805140847028,16.067804227102844
2021-04-22,23.03,22.819421850903442,15.856147151849246
2021-04-23,22.69,22.41128470389849,15.78095397566613
2021-04-26,23.5,23.084346566317446,15.542790207876081
2021-04-27,23.08,22.26288903873556,15.042918430138672
2021-04-28,22.58,21.348730929294188,14.369873139177674
2021-04-29,23.31,22.23774767920299,14.724014721054532
2021-04-30,23.03,22.36450983084399,13.360752013664811
2021-05-03,23.69,22.344809799810132,13.360590641172779
2021-05-04,23.01,22.22776971110806,13.19794000843188
2021-05-06,22.04,20.68921952340954,12.762767717053691
2021-05-07,20.82,19.764324985001863,12.555274900117746
2021-05-10,20.23,18.991778382527805,12.461431052299023
2021-05-14,20.27,18.548367108961227,12.020550055580832
2021-05-17,19.61,18.017956256204716,10.634447493409615
2021-05-18,19.24,17.559290345996274,9.99228273130731
2021-05-19,19.32,17.584028361961913,9.972323335777327
2021-05-21,19.08,17.1778910225206,7.396633680542319
2021-05-24,19.13,16.921870394321832,7.401489255692183
2021-05-26,20.87,16.62115305360887,7.682575673736109
2021-05-27,19.91,16.353708245412413,7.790099192893971
2021-05-28,17.4,15.27875419746558,7.538870585167638
2021-06-01,17.39,14.787923933903087,6.961858082744239
2021-06-02,17.21,14.40095763213838,7.0217475893379095
2021-06-03,15.75,14.09028271670803,6.616184767904319
2021-06-04,15.94,13.487540242368867,7.045523176191315
2021-06-07,15.57,13.701486855050184,6.822192716495443
2021-06-08,15.23,13.549500494343187,6.948292195417541
2021-06-09,14.75,13.557915638816532,7.347981013268498
2021-06-10,15.0,13.469165195249925,7.04166838400781
2021-06-11,14.1,13.079309707469536,6.910688206932769
2021-06-14,14.72,13.112629330121074,7.390360974907092
2021-06-15,14.61,13.48087920673916,7.339628909082549
2021-06-16,14.87,13.960584778894457,7.159305955179748
2021-06-17,15.29,14.340890493111253,6.9601331283225045
2021-06-18,14.8,13.9299569264164,7.899421217123678
2021-06-21,15.06,13.895781298908883,8.216789383304581
2021-06-22,14.74,13.763782307955388,9.222608660284616
2021-06-23,15.37,14.375248725476714,9.054055442497813
2021-06-24,15.1,13.80880444564452,8.789992148379106
2021-06-25,13.37,12.49204400712298,8.823420976762648
2021-06-28,13.4,12.31692973722433,8.80463979216799
2021-06-29,13.0,11.995489407422081,8.815623311200202
2021-06-30,13.05,12.26341886878083,8.802137182584922
2021-07-01,12.84,12.150633889235428,9.153352472529013
2021-07-02,12.09,11.248160038694573,10.54346895145713
2021-07-06,12.28,11.549202574886163,10.633000652503299
2021-07-07,12.21,11.592751201409156,10.616135028922645
2021-07-08,13.56,12.881566836708242,10.090627121355219
2021-07-09,12.94,12.28290048563856,10.066345119883536
2021-07-12,12.99,12.446410647843921,10.066259265725046
2021-07-13,12.62,12.003890913152107,9.870868681283524
2021-07-14,12.59,11.914546067714893,10.423042425411182
2021-07-15,12.27,11.52360370854037,10.334374296811205
2021-07-16,11.71,11.049753353399636,10.390273722002732
2021-07-19,12.68,12.087811169080307,9.740696972455453
2021-07-20,13.21,12.617571539008294,9.695112489947354
2021-07-22,11.89,11.110554016578847,8.778100212858288
2021-07-23,11.76,10.850260999049956,9.15156224206693
2021-07-26,12.45,11.630143711048193,9.127834085374085
2021-07-27,13.23,12.38710459286069,8.966025496401574
2021-07-28,13.69,12.770638773717662,9.040900520325387
2021-07-29,12.95,11.915850149440015,10.053393777911342
2021-07-30,12.8,11.58618389262641,10.848728337549876
2021-08-02,12.81,11.42526559534969,10.575174796516679
2021-08-03,13.75,11.990943453630125,9.68260419588808
2021-08-04,13.21,11.39399872519149,9.458672713606715
2021-08-05,12.87,10.990829306398258,9.489833747427614
2021-08-06,12.61,10.978012374494615,9.418722942835767
2021-08-09,12.61,10.982549502493317,9.41058307286614
2021-08-10,12.71,11.000568975244317,9.40432796070351
2021-08-11,12.71,11.075952116957584,9.40833453584285
2021-08-12,12.37,10.505411620764901,9.258516085405232
2021-08-13,12.99,11.056584691435576,9.01941212065595
2021-08-16,13.46,11.361518256320062,9.24932524369812
2021-08-17,13.41,11.270807609314822,9.22781474066569
2021-08-18,12.91,11.020183145246808,9.906595332355888
2021-08-20,14.02,12.0329723632263,10.133115389425878
2021-08-23,13.69,11.768807771261065,10.091488302922318
2021-08-24,13.19,11.050746470705187,11.13306384844281
2021-08-25,13.5,11.257430681238723,11.146585847049185
2021-08-26,13.54,10.82603138380816,11.14654833957656
2021-08-27,13.41,11.10162727527031,11.248389156175778
2021-08-30,13.32,10.92882021799654,10.267242473408604
2021-08-31,14.52,11.939975557293,9.592419006016327
2021-09-01,14.19,11.385810286962007,9.675250880008862
2021-09-02,14.24,11.705061031617435,9.656594861936338
2021-09-03,14.54,12.022563229838513,9.82701039714231
2021-09-06,15.11,12.630820505674123,10.356583516970552
2021-09-07,14.9,12.493095197528158,10.729664996206616
2021-09-08,14.41,12.186764728273497,10.919708127186471
2021-09-09,13.94,11.818758664465543,10.95918130136046
2021-09-13,14.03,12.005279152014921,10.991478663064862
2021-09-14,13.58,11.457432921841502,11.45242231977002
2021-09-15,13.73,11.724750545049977,11.608456279670529
2021-09-16,14.41,12.186869157915206,11.698039609973408
2021-09-17,15.23,13.12901449435732,11.716708116732963
2021-09-20,17.49,15.155054119522712,11.473336899245123
2021-09-21,16.52,14.281165311859272,11.12483556338354
2021-09-22,16.49,14.340779601376472,11.185963200201217
2021-09-23,16.6,14.818178697043932,9.791491231789319
2021-09-24,16.92,15.071280697695652,10.145884452151972
2021-09-27,18.05,16.25397105801859,10.204318108867401
2021-09-28,18.54,16.785524597774128,12.082872628344173
2021-09-29,18.84,17.096900471437817,12.592212051208252
2021-09-30,18.4,17.11076256333982,13.43266393462175
2021-10-01,17.21,15.764377078521566,13.348265721030138
2021-10-04,16.74,15.538319813545854,13.027425592883347
2021-10-05,16.4,15.228495628487806,12.886435133754961
2021-10-06,17.33,15.98436450188431,12.756822044772399
2021-10-07,16.16,15.019317300826366,12.449454619847836
2021-10-08,15.65,14.496767446351596,12.292893348735154
2021-10-11,16.09,14.881863745189902,12.563314014392532
2021-10-12,15.85,14.624579876707397,13.286255812994966
2021-10-13,16.1,14.921828064836987,12.882272249211399
2021-10-14,15.77,14.443264550031138,12.616088217922453
2021-10-18,17.18,15.899541707635734,12.49553096942074
2021-10-19,17.38,15.996262716784248,12.716179058692617
2021-10-20,18.31,16.871992620678313,14.159101688080057
2021-10-21,18.04,16.790053804711917,14.163877993540455
2021-10-22,17.55,16.270279269068087,14.220734682503759
2021-10-25,17.61,16.553313254981745,14.420851604558695
2021-10-26,16.75,15.60124792424295,17.464118016633297
2021-10-27,16.83,15.893197069710304,17.438963745147944
2021-10-28,17.91,16.541789050384835,16.125407345215752
2021-10-29,17.43,16.123487060618636,16.149893945115355
2021-11-01,17.24,15.390768584208784,16.05446354828172
2021-11-02,17.06,15.219814332203219,16.552030527635136
2021-11-03,16.13,14.558065564686187,17.493152281523805
2021-11-04,15.75,14.071114030958826,18.221299887892275
2021-11-08,16.34,14.559349764438483,18.916183421489126
2021-11-09,16.0,14.309505828870812,18.93342496327333
2021-11-10,16.31,14.280968689257016,18.92660964822195
2021-11-11,16.35,14.376384098832103,18.936905026842602
2021-11-12,15.22,13.168356358582505,18.435879541555263
2021-11-15,15.47,13.488309369559747,18.55191841231099
2021-11-16,15.2,13.130521644071639,18.438908031836064
2021-11-17,14.98,12.960259825340781,19.094546353715113
2021-11-18,14.86,12.541612221644904,20.405097425241827
2021-11-22,17.52,14.755022074261898,19.491040596884066
2021-11-23,18.02,13.840916362924178,19.78169517010785
2021-11-24,17.1,14.170295997746003,19.847803373758765
2021-11-25,16.66,13.48579132665019,19.75152738625695
2021-11-26,20.8,16.877078852535853,16.984959406826526
2021-11-29,20.83,16.84894247042036,17.233186887922177
2021-11-30,21.17,17.43901555442856,17.177456730955683
2021-12-01,19.45,15.949660312432915,16.769416762901514
2021-12-02,18.09,14.700016904504679,16.374754534962108
2021-12-03,18.45,15.72574598981503,16.74033061921565
2021-12-06,20.08,18.205221199502958,16.099121405840762
2021-12-07,18.46,16.213732356557063,15.352777265613938
2021-12-08,17.27,14.97242209336687,14.611637528777901
2021-12-09,16.6,14.507348751399917,14.63980875349533
2021-12-10,16.06,14.109789149909869,15.096547822248857
2021-12-13,16.57,15.103497373488587,14.860937859790424
2021-12-14,16.95,15.534592503615452,15.134304281022711
2021-12-15,17.22,15.963731891671518,15.016130970252807
2021-12-16,15.9,15.120370861438504,15.006371919100145
2021-12-17,16.34,15.081882599874048,14.064169226396919
2021-12-20,18.97,17.710355053360534,12.370934136048435
2021-12-21,17.54,16.31381442424249,12.39907061334297
2021-12-22,16.58,15.3468511936902,12.318801873847468
2021-12-23,15.83,14.615670559617367,12.392175014052654
2021-12-24,16.15,15.135806977960101,15.4471736684549
2021-12-27,17.12,16.07097755505307,15.573302067296439
2021-12-28,16.48,15.43086020524829,15.657283127548208
2021-12-29,16.24,15.40076971257443,15.653175219446672
2021-12-30,16.57,15.805173422855285,16.36722637538317
2021-12-31,16.22,15.348991291245802,16.761429735358462
2022-01-03,16.45,15.518146867954039,16.365892219884806
2022-01-04,16.12,15.098061782771563,16.555474247278536
2022-01-05,17.23,16.199814764203502,16.414062815439117
2022-01-06,17.98,17.007816551708295,17.13920926324858
2022-01-07,17.6,16.841343775283228,17.123056076100486
2022-01-10,17.68,16.78383252486292,17.17722562792993
2022-01-11,17.76,17.24949618371447,17.37575310692239
2022-01-12,17.18,16.57266661268276,17.717742699520098
2022-01-13,16.7,16.19732418039064,20.717114907024786
2022-01-14,16.56,15.875607828687588,23.148149479669062
2022-01-17,16.77,16.170397075322235,23.134783196673485
2022-01-18,17.78,17.164377649750296,22.838024504179007
2022-01-19,17.82,17.219728541128557,22.597159392460597
2022-01-20,17.79,17.306940450659322,22.365004050806476
2022-01-21,18.89,18.33753879258583,22.31671243803372
2022-01-24,22.83,22.235775107332113,20.28230329552753
2022-01-25,21.36,20.85400200981311,26.3116157924122
2022-01-27,21.07,20.456534568249047,27.48743961149473
2022-01-28,20.7,21.070522479036935,27.629823770991113
2022-01-31,21.95,21.225022965513034,27.49009472794064
2022-02-01,19.98,19.006439687766267,27.17885018201496
2022-02-02,18.65,17.148717286139213,27.412291601424844
2022-02-03,19.16,18.089055791430283,28.299884973195994
2022-02-04,18.9,17.72497793088986,28.47460330715818
2022-02-07,20.44,19.884691987906507,28.7200068794572
2022-02-08,19.68,18.312140451509475,29.176156673192327
2022-02-09,18.56,17.275642612396,28.919643825874818
2022-02-10,17.71,16.076648806941922,29.21095388102577
2022-02-11,18.68,17.5189735282315,29.169326035215406
2022-02-14,22.98,21.155504044387467,27.860584635180928
2022-02-15,20.61,18.863903516224205,26.632710851586662
2022-02-16,20.59,18.76642633835281,26.843618156043398
2022-02-17,22.01,20.305094533769584,27.135064074426047
2022-02-18,22.17,20.16854637166751,27.165251258826583
2022-02-21,22.9,21.032379365132435,27.133087946915968
2022-02-22,26.66,22.832027265592483,27.07094420582204
2022-02-23,24.54,21.518693653055845,27.100279955793116
2022-02-24,31.98,26.87357330121869,21.238259101350376
2022-02-25,26.74,23.53498922286276,19.703198147168237
2022-02-28,28.57,25.860569550792338,19.513618004969015
2022-03-02,29.23,27.155117852237648,19.545685333412212
2022-03-03,28.16,26.582239227758166,20.786933458054968
2022-03-04,27.96,26.17647476488985,20.17219439759893
2022-03-07,29.33,27.986054228418343,18.63637911720191
2022-03-08,28.59,27.12363777684386,18.639692523179026
2022-03-09,27.47,24.7405704960299,17.463025810919028
2022-03-10,25.58,23.778968957712667,16.79215268272238
2022-03-11,25.35,23.666756000677427,17.01558961918176
2022-03-14,25.68,23.96482933926484,16.306160256021496
2022-03-15,26.73,25.612912019438856,16.847444257557715
2022-03-16,24.12,23.190541564472074,16.170764741185696
2022-03-17,22.61,20.794125318659752,15.324268224339685
2022-03-21,24.62,23.540049069140753,15.798263820647762
2022-03-22,24.07,22.755049586703173,15.915106947540526
2022-03-23,24.75,23.973680407469537,16.459596976862542
2022-03-24,23.93,23.142785320444144,17.198263764481133
2022-03-25,23.43,22.678689790610466,17.45287437897008
2022-03-28,22.61,21.82319443195717,17.891593368639526
2022-03-29,21.3,20.37132789750252,18.002208312215647
2022-03-30,20.61,19.66642953317475,17.683316160458965
2022-03-31,20.56,19.602013500158492,19.41304277123819
2022-04-01,18.43,17.31142681305487,18.9848522738007
2022-04-04,17.91,16.650488467070073,18.372428605705863
2022-04-05,18.49,17.026345488359347,18.425610365523983
2022-04-06,19.02,17.942318758256675,18.243330389455963
2022-04-07,19.0,17.99317049939476,18.01267486673386
2022-04-08,17.69,16.51263881688097,19.416025842790532
2022-04-11,18.27,17.339653212923377,19.306333137013947
2022-04-12,18.16,17.189324430738562,19.140730246732463
2022-04-13,17.79,17.023022281513363,21.123497021005257
2022-04-18,19.34,18.27857943932128,20.245991639182815
2022-04-19,19.77,18.657259053049295,21.854752520839853
2022-04-20,18.67,17.843928036994786,23.704555826264357
2022-04-21,17.85,16.910548585386106,23.167100043843934
2022-04-22,18.35,17.48737377966282,22.821778924106038
2022-04-25,21.26,20.500436977757396,22.49063563491045
2022-04-26,19.19,18.10981797478409,22.145062308379295
2022-04-27,20.61,19.8172658967089,22.24155696859363
2022-04-28,19.38,18.39076292865618,22.78783459294781
2022-04-29,19.42,18.239329641320825,22.662485330401502
2022-05-02,20.28,19.07683720713071,22.689222595159276
2022-05-04,21.88,20.6214564974304,21.331478878873796
2022-05-05,20.29,18.693192892708076,21.35069091921193
2022-05-06,21.25,19.88801215090686,20.583080950260324
2022-05-09,22.03,20.239788692179424,20.703838743778544
2022-05-10,22.3,20.7140607414871,20.70101539782164
2022-05-11,22.8,20.579152365264637,20.80169097925931
2022-05-12,24.27,21.882040169185476,20.16129285134052
2022-05-13,23.49,21.310442636081557,22.179291370164233
2022-05-16,24.53,22.12347315747966,22.15964137249192
2022-05-17,22.74,20.66283297208868,20.26872106123856
2022-05-18,22.3,20.018879987984228,21.572674481574364
2022-05-19,24.56,22.591384197979806,19.51677207559864
2022-05-20,23.1,20.61151925164631,16.88789250126422
2022-05-23,23.4,21.695787706890858,18.04562836000652
2022-05-24,25.64,22.644489762055358,18.635414478433994
2022-05-25,25.28,22.758384583936618,18.787741242839633
2022-05-26,22.72,20.57197667505139,18.796851340481474
2022-05-27,21.48,18.924989751296568,18.62134027399927
2022-05-30,19.98,18.14544223225767,17.46061313047211
2022-05-31,20.48,18.53427702392787,17.422958898090265
2022-06-01,20.85,18.724833328513142,17.37981586974035
2022-06-02,20.32,18.508277192404762,17.251188657554835
2022-06-03,19.98,18.13759090983074,17.32370187053414
2022-06-06,20.2,18.55624024507113,17.329262328991305
2022-06-07,20.43,18.878712966500608,17.468522166499202
2022-06-08,19.84,18.367962248986455,17.69352530015437
2022-06-09,19.14,17.76198184634606,17.606169803154533
2022-06-10,19.58,18.636237956510026,16.603420916459015
2022-06-13,22.37,21.389448058808135,14.190464751204566
2022-06-14,21.89,21.0784594823708,14.298088589041772
2022-06-15,22.15,21.60897339417518,14.283880078119413
2022-06-16,22.87,22.95536776591442,12.451468870976083
2022-06-17,22.76,22.19979190056633,13.299962820176683
2022-06-20,22.41,22.07248132064358,13.303589816254208
2022-06-21,21.14,20.210490951157674,12.238766093693808
2022-06-22,21.3,20.976582894150745,11.295526674327432
2022-06-23,20.88,20.302987104808018,11.08791597715761
2022-06-24,20.55,20.050209444285727,10.785491703133072
2022-06-27,21.01,20.35141664921354,10.83007166078641
2022-06-28,21.45,20.86478440878645,11.315753485394636
2022-06-29,21.9,21.46935044837027,12.73079314573186
2022-06-30,21.84,21.385002549648657,13.546190244848574
2022-07-01,21.25,20.838284131945812,14.015909316379243
2022-07-04,20.97,20.415746838515417,13.896733457499744
2022-07-05,20.79,20.440179449298025,13.912474290983212
2022-07-06,20.27,19.681356091851804,13.355598814916467
2022-07-07,19.2,18.508722570615195,12.997751359848012
2022-07-08,18.4,17.574846018047314,13.108117490325693
2022-07-11,18.37,17.777012192585865,13.10913631608164
2022-07-12,18.55,17.776182865935812,12.898524474736336
2022-07-13,18.52,17.951291137751003,12.768288081541193
2022-07-14,18.34,17.821692459326556,12.992470310325741
2022-07-15,17.6,17.040411817340058,12.976279058567009
2022-07-18,17.16,16.55802381614158,12.012071525846723
2022-07-19,17.2,16.468820446400002,12.542463215648924
2022-07-20,16.82,15.87156332820239,13.059842977645753
2022-07-21,16.86,16.020290790738976,13.053133845478063
2022-07-22,16.65,15.844988496908135,12.8467718445089
2022-07-25,17.68,16.95659716348567,12.818382428994074
2022-07-26,18.17,17.51741108714105,12.46398807231463
2022-07-27,18.13,17.284635220930635,12.974031671801095
2022-07-28,17.01,15.979814671717946,14.519542384481893
2022-07-29,16.55,15.297246618049643,14.397000964610108
2022-08-01,17.49,15.871237825263846,13.926509278011325
2022-08-02,18.53,17.103152943490567,14.146333836697131
2022-08-03,18.45,17.500565197957933,14.122087498852007
2022-08-04,19.26,17.442345717677217,14.134841273507949
2022-08-05,18.92,16.949231541882583,14.537081675697888
2022-08-08,19.3,17.270685208445514,14.330777380228064
2022-08-10,19.59,18.03565659881839,14.467717735759637
2022-08-11,18.36,16.06392620689259,14.489663950614753
2022-08-12,17.61,15.371413080808352,14.525262072934309
2022-08-16,17.68,15.27462353504834,14.518624066371782
2022-08-17,17.68,15.072651343999672,15.857496665870727
2022-08-18,17.35,15.251445605918779,15.957733750330963
2022-08-19,18.29,16.118834368828516,15.94595793894443
2022-08-22,19.04,16.91298505372109,15.173028840439166
2022-08-23,19.05,16.388406184547524,15.175384429438187
2022-08-24,18.43,16.209201507499664,16.30746685965531
2022-08-25,19.57,17.123815477080388,17.39718134193895
2022-08-26,18.22,15.694037188375919,17.383226938099995
2022-08-29,19.82,17.39356239715135,16.95745913696488
2022-08-30,18.7,15.881686462613102,14.507926100263452
2022-09-01,19.87,17.519274674619847,14.975944910630332
2022-09-02,19.55,17.592233521868625,15.559117266729727
2022-09-05,19.66,17.811683676419925,17.247997709626254
2022-09-06,19.52,17.720277698882754,17.285212445889986
2022-09-07,19.37,17.653784743718376,17.277753965235874
2022-09-08,18.31,16.70940582718032,17.002144248593027
2022-09-09,17.72,16.196967451602823,17.770275718756174
2022-09-12,17.94,16.37440536368437,17.885633373368588
2022-09-13,17.47,15.915221377724206,17.83798059390357
2022-09-14,18.28,16.76490994971455,18.127920692781103
2022-09-15,18.39,16.947972994886197,18.14064733546118
2022-09-16,19.82,18.621288004625562,17.183157056706353
2022-09-19,19.94,18.683769808849497,17.095811077312806
2022-09-20,18.8,17.680521014614545,16.701041459360194
2022-09-21,19.33,18.22131653098797,16.593392696465497
2022-09-22,18.82,17.68662706139269,16.77837583195407
2022-09-23,20.59,19.79784558901143,15.7385605326951
2022-09-26,21.89,20.80993253837367,14.519485812098731
2022-09-27,21.57,20.88564057138256,14.550871025893326
2022-09-28,22.1,21.25791733216163,14.882549319550515
2022-09-29,21.3,20.404646710806052,15.076808728872127
2022-09-30,19.97,18.945354447137287,14.031689323624496
2022-10-03,21.37,20.491813135002754,13.39443460477527
2022-10-04,19.57,18.610546527380723,10.924508355526296
2022-10-06,19.32,18.310024770237,10.98585772793577
2022-10-07,18.81,17.940962989146957,11.01512881065751
2022-10-10,19.62,18.71617075355393,11.190806459987575
2022-10-11,20.49,19.92180477838124,11.643229557589363
2022-10-12,20.18,19.61458158420468,11.297001563607576
2022-10-13,20.29,19.61055931632946,11.165459750658437
2022-10-14,18.26,17.32232765106938,10.612821846275706
2022-10-17,18.42,17.560062510087196,10.380489866606332
2022-10-18,17.45,16.43442566430898,9.801218615924832
2022-10-19,17.49,16.339651425394194,10.182682028704114
2022-10-20,17.23,16.266579666964727,10.25744095748226
2022-10-21,17.28,16.42569058772447,10.263874103621403
2022-10-24,17.42,16.499305424250263,10.62419360611072
2022-10-25,16.88,16.13977763906597,10.537531293031998
2022-10-27,16.6,15.844704577629862,10.460558785850424
2022-10-28,15.92,14.826919720891162,10.466130890890675
2022-10-31,15.8,14.511074947350759,9.86276756397237
2022-11-01,16.13,14.768840608483332,9.578996784196027
2022-11-02,16.66,15.398753537402389,9.744173860415302
2022-11-03,15.94,14.771600400142956,9.727444667282443
2022-11-04,15.66,14.38595769101824,9.709223858913173
2022-11-07,15.59,14.142093787206372,9.692564246024427
2022-11-09,15.92,14.551125570962636,9.696043684767904
2022-11-10,15.57,14.230675187811547,9.610598684894855
2022-11-11,14.41,12.861665650610062,7.407474713965027
2022-11-14,14.91,13.178368367338717,7.681405037847256
2022-11-15,14.64,12.760412693229425,7.614986830579923
2022-11-16,15.1,13.27947196095359,8.88842123280889
2022-11-17,14.88,13.024941777559066,9.2228377926571
2022-11-18,14.39,12.711113042329236,9.631730711953617
2022-11-21,14.8,12.978213886306472,9.237644298030913
2022-11-22,13.84,11.901010383263198,9.7569130016109
2022-11-23,14.04,12.211139723830088,9.842694060223604
2022-11-24,13.48,11.70739594693817,10.879561282660806
2022-11-25,13.33,11.12721625622482,11.585773476108738
2022-11-28,13.57,11.470706368255131,11.766325923006393
2022-11-29,13.62,11.17318325863838,11.722613558248712
2022-11-30,13.81,11.354369858917135,11.504966574944325
2022-12-01,13.36,11.190085630761807,11.577699318063036
2022-12-02,13.45,11.33815502516373,11.511443056077619
2022-12-05,13.73,12.086783578313904,11.530416456439303
2022-12-06,14.04,12.358755500647073,12.037172809482016
2022-12-07,14.08,12.536213482916967,11.97920400595
2022-12-08,13.4,11.79764211730304,12.216725661725574
2022-12-09,13.48,11.848161964045884,12.90387988427577
2022-12-12,13.32,12.07802134589444,13.396178841512581
2022-12-13,12.88,11.49898299187078,13.240130323338112
2022-12-14,12.89,11.730114020437433,13.22436339708824
2022-12-15,13.73,12.316877805652156,12.548995165798829
2022-12-16,14.07,12.888317214790199,12.300747750474407
2022-12-19,13.55,12.420920677314419,12.347266380603617
2022-12-20,13.78,12.75816090942888,12.51444491076627
2022-12-21,15.56,14.23656576979372,12.057501436373038
2022-12-22,15.19,14.135159977795523,12.077879532297752
2022-12-23,16.16,15.067355926654843,10.522012176834457
2022-12-27,15.29,14.211179946996957,10.413247864070865
2022-12-28,15.4,14.435516046313825,11.828455482353109
2022-12-29,14.81,13.79248449039798,11.788665242321363
2022-12-30,14.87,14.056173535276248,11.677488732271327
2023-01-02,14.69,14.024727237218285,11.579365244356328
2023-01-03,14.39,13.767204696486074,11.560690822568755
2023-01-04,15.2,14.75532966597667,11.966353076214215
2023-01-05,14.98,14.6249398254508,12.052673024347754
2023-01-06,15.03,14.56148641403855,11.806730246624356
2023-01-09,14.65,14.020654168997975,11.23623633087626
2023-01-10,15.51,15.068948629107961,10.652836534148458
2023-01-11,15.44,14.985523750529731,10.670907886674817
2023-01-12,15.28,14.973343938482433,10.775488630462908
2023-01-13,14.46,14.081720391764263,11.045493186891889
2023-01-16,15.02,14.744146080778211,11.105246326822538
2023-01-17,14.59,14.185908229542152,10.684034250769624
2023-01-18,14.37,13.843432756554137,10.614562227889818
2023-01-19,13.96,13.566065401738307,10.73221380945809
2023-01-20,13.79,13.396920500362047,10.627175925393663
2023-01-23,13.62,13.177396909880882,11.762420891023973
2023-02-16,12.89,10.91248853934263,12.645829747393245
2023-02-17,13.09,11.059769097120878,12.753798869294073
2023-02-20,13.38,11.65556050436711,12.639143596035218
2023-02-21,14.01,11.129832592856653,12.725235179897766
2023-02-22,15.59,12.486783324101674,11.861177538324528
2023-02-23,15.08,12.16499082026767,11.859721055887217
2023-02-24,14.19,11.80724553504639,11.845854747334329
2023-02-27,13.88,11.54007488988293,12.04616478372387
2023-02-28,14.02,11.75151832467216,13.17126869286911
2023-03-01,13.0,10.95541638909322,12.864050921490117
2023-03-02,12.97,11.647116522994699,12.992664467737555
2023-03-03,12.18,10.764227316170361,11.84361157945119
2023-03-06,12.27,10.849242385565839,11.628870007060955
2023-03-08,12.45,11.09928860588419,11.757352573388236
2023-03-09,12.73,11.574199460244,11.440514122958305
2023-03-10,13.41,12.157482516573479,10.896999092465462
2023-03-13,16.22,14.656489704158451,9.87213107792286
2023-03-14,16.22,15.10055040107482,9.656024664620313
2023-03-15,16.3,15.15853021999586,9.581217524089233
2023-03-16,16.22,14.905455283856089,9.577942506643144
2023-03-17,14.77,13.689763276832151,9.291143856898554
2023-03-20,16.01,14.9251108211273,9.30818022895529
2023-03-21,15.08,13.93229545171415,9.002205292366813
2023-03-22,14.81,13.70609514348855,8.998842233827864
2023-03-23,14.49,13.63918584302417,9.085409493808289
2023-03-24,15.24,14.569578736535691,9.147271303533216
2023-03-27,15.45,14.63950941924127,9.245757495777623
2023-03-28,15.1,14.129986799584099,9.285657929004866
2023-03-29,13.63,12.537337390303275,9.451645813179823
2023-03-31,12.94,11.58877970109398,8.397306987612067
2023-04-03,12.59,11.45044067358123,9.155056023980999
2023-04-05,12.41,11.300334716121148,8.595597039384279
2023-04-06,11.8,10.63966600976487,8.605955254514228
2023-04-10,12.27,11.013253000494947,8.598831668309302
2023-04-11,11.98,10.650888014402717,8.387173802949862
2023-04-12,12.27,10.936850119139121,8.353111369236803
2023-04-13,11.91,10.591382182612334,8.61304247938911
2023-04-17,12.27,11.207111609997007,8.518533234150647
2023-04-18,12.08,11.156087595163678,8.526740501208426
2023-04-19,12.15,11.338881946834906,8.602668673596039
2023-04-20,11.94,11.11189849445728,8.855970879758678
2023-04-21,11.63,10.856131415861087,8.8787003084686
2023-04-24,11.67,10.920364016751142,8.646779995052857
2023-04-25,11.52,10.583637848549781,8.658537708725161
2023-04-26,11.65,10.588499339299437,9.244871638878271
2023-04-27,11.43,10.10222127621411,9.221533976415296
2023-04-28,10.95,9.556568865533288,8.782289042918975
2023-05-02,11.9,10.154282988526292,8.835420162145011
2023-05-03,11.84,10.329021463980752,8.809403062561044
2023-05-04,11.73,10.045485719678627,8.267472535900367
2023-05-05,12.3,10.772935439213748,7.543228617845078
2023-05-08,12.64,10.796202381397249,6.559450800483205
2023-05-09,12.68,10.939166596307123,6.972634038874631
2023-05-10,13.08,11.441102888043114,7.1170378877203095
2023-05-11,13.22,11.515855807120424,7.231253977422678
2023-05-12,12.85,11.235641718103999,7.258239019513078
2023-05-15,13.17,11.403363284874853,7.395741379798014
2023-05-16,13.29,11.420740419940401,7.122859767155207
2023-05-17,13.11,11.304610302759707,6.953318856024914
2023-05-18,12.8,11.020056850415434,7.33879772381184
2023-05-19,12.3,10.544578301423401,7.320375535144915
2023-05-22,12.57,10.54355397677165,7.101313446405736
2023-05-23,12.61,10.40992335103189,7.111305891157681
2023-05-24,13.11,10.767782436794974,7.187009997674037
2023-05-25,12.52,10.33946296864797,7.417910354671606
2023-05-26,11.9,10.06763596889994,6.633967632721991
2023-05-29,12.3,9.79260432989837,6.782641922202581
2023-05-30,12.01,9.700382603752491,7.322529318271645
2023-05-31,11.97,9.808181052669928,8.105375445601844
2023-06-01,11.6,10.093782840796399,8.40850634806719
2023-06-02,11.13,9.469248099368272,8.447777869600879
2023-06-05,11.14,9.576173289514381,8.375596520693177
2023-06-06,11.38,9.704753640297314,8.557948813234535
2023-06-07,11.44,9.813505869394232,8.738799756259692
2023-06-08,11.26,10.005674542551596,8.582060757809556
2023-06-09,11.12,9.93881821788368,8.609253770869433
2023-06-12,11.25,10.11697060959652,8.636065320017234
2023-06-13,11.11,9.943496602923574,8.386149576391887
2023-06-14,11.16,10.015380262710034,8.77309661315338
2023-06-15,11.08,9.974289919512042,9.061615651992522
2023-06-16,10.84,9.870120171960457,8.72165193731752
2023-06-19,11.23,10.368756246422153,8.748268899283094
2023-06-20,11.13,10.281180274514773,9.039462628557565
2023-06-21,11.29,10.444168759176515,9.891621896899794
2023-06-22,11.55,10.864590855165519,9.848384131059246
2023-06-23,11.24,10.502848416118539,9.653066050307782
2023-06-26,11.4,10.559878616912085,9.792710460737291
2023-06-27,10.78,9.9167078922196,9.735998639079737
2023-06-28,10.89,10.055576204524982,9.316922103107506
2023-06-30,10.8,9.855175187648584,8.653373696590027
2023-07-03,11.54,10.427336429637627,8.321005049765775
2023-07-04,11.7,10.659801224715244,9.009374533724488
2023-07-05,11.88,10.816569918439274,9.37002455052831
2023-07-06,11.84,10.732355060443505,9.513771025971444
2023-07-07,11.53,10.565845413891864,9.155033670618378
2023-07-10,11.46,10.554930303747815,9.156815361220549
2023-07-11,11.01,10.148415306140706,9.100143826238613
2023-07-12,10.94,10.127234292839224,9.184131293141174
2023-07-13,10.94,10.020395851205826,9.393449976166222
2023-07-14,10.68,9.83494778658659,9.003858300982253
2023-07-17,11.32,10.418939858022597,8.639686157349702
2023-07-18,11.71,10.788461007944928,8.796096590197939
2023-07-19,11.6,10.662284562332308,8.728631798877045
2023-07-20,11.79,10.917793586879023,8.48322905873543
2023-07-21,11.49,10.784961846804393,7.435743923123576
2023-07-24,11.65,10.989480754652671,7.374220439092717
2023-07-25,10.24,10.56469610309069,7.443334898700353
2023-07-26,10.46,10.580713812549025,7.560205361395861
2023-07-27,10.51,10.6548540128779,7.304321752207588
2023-07-28,10.14,10.13257545089198,7.329664409751204
2023-07-31,10.41,9.89945938871275,7.081060288395413
2023-08-01,10.28,9.624166058438389,7.269141890820946
2023-08-02,11.28,10.324827806643649,7.0753284399518375
2023-08-03,11.19,10.012810579960039,6.794625820923342
2023-08-04,10.57,9.454845286329377,6.404881958032993
2023-08-07,11.1,9.833380163200033,6.277578146264451
2023-08-08,11.33,10.034074849889835,6.585052004666239
2023-08-09,11.14,9.798272407471176,6.69497904415328
2023-08-10,11.4,9.940360509815912,7.193178050476656
2023-08-11,11.52,10.027322253467304,6.897796178402278
2023-08-14,12.0,10.135786475755769,7.023608442523897
2023-08-16,12.13,10.187266316581447,7.025867259958561
2023-08-17,12.24,10.218149196256338,6.967781992512216
2023-08-18,12.14,10.177466142675799,6.971726476494042
2023-08-21,11.96,10.133742242086061,7.904378414087225
2023-08-22,11.75,10.138487695619625,8.378709242340507
2023-08-23,11.73,9.959507808517621,8.421171970011743
2023-08-24,11.7,10.061486295809551,8.358885224097444
2023-08-25,12.08,10.645969207261965,8.074955724916713
2023-08-28,12.4,10.696180382102636,8.093892926910367
2023-08-29,12.23,10.35296009121335,8.756743319920457
2023-08-30,11.8,10.160437895172342,8.988568091303813
2023-08-31,12.06,10.453542871913237,9.040146963325048
2023-09-01,11.37,9.81962901461304,8.595012216912336
2023-09-04,10.96,9.375374661688587,8.654945182002974
2023-09-05,10.82,9.137910440153519,8.824269981642773
2023-09-06,10.68,9.231040055882062,9.148420218992829
2023-09-07,10.87,9.378928238556314,9.453063631123497
2023-09-08,10.78,9.226666571350425,9.55263732413866
2023-09-11,11.35,9.58775717330853,9.0511572157354
2023-09-12,11.69,10.034847293158599,9.082218155248887
2023-09-13,11.83,10.042740841110037,8.99096671280322
2023-09-14,11.32,9.70523947790862,9.080968118642419
2023-09-15,10.9,9.521920861824555,9.283260482718404
2023-09-18,10.84,9.616991846422422,9.26385044970531
2023-09-20,11.13,10.025311301376444,8.47464969577219
2023-09-21,10.82,9.777866182460606,9.261221074195355
2023-09-22,10.66,9.76128722667127,9.624321843915729
2023-09-25,10.9,9.972778646878563,10.769377282514021
2023-09-26,11.19,10.20403053259064,11.314156631420879
2023-09-27,11.59,10.569758490050154,11.404734517448507
2023-09-28,12.82,11.857002949092992,10.94087667275985
2023-09-29,11.45,10.59618007100857,10.87618046223812
2023-10-03,11.79,11.13055551299484,11.017912728965367
2023-10-04,11.66,11.21674524593727,11.035005093362518
2023-10-05,10.94,10.198259810899517,11.336761537017626
2023-10-06,10.3,9.610773461436349,11.17602323051872
2023-10-09,11.4,10.725728689431152,10.913286143399256
2023-10-10,11.27,10.446254447733104,10.488014773751512
2023-10-11,10.99,10.112946742707454,10.283229489217296
2023-10-12,10.62,9.87035120705905,10.283867607020795
2023-10-13,10.62,9.8065796455811,11.04808816397455
2023-10-16,11.07,10.262353476557625,11.1548695236794
2023-10-17,10.7,9.819042751332974,11.082508936389713
2023-10-18,10.97,10.171756804487131,10.82559595414449
2023-10-19,10.9,10.151053978918991,10.908065848374378
2023-10-20,10.82,10.134167558767809,10.8225348403191
2023-10-23,10.91,11.171115677550468,9.771399461359398
2023-10-25,11.31,11.61318209105362,9.338438389272346
2023-10-26,11.73,11.96170488919206,8.161202939852641
2023-10-27,10.91,10.55338952081126,8.209494584655838
2023-10-30,11.49,10.69166338916509,8.05638319208491
2023-10-31,11.83,10.88535715217105,8.307242823211357
2023-11-01,12.05,11.009497374127605,10.794512664672048
2023-11-02,11.08,9.934917337993967,10.841666101646934
2023-11-03,10.88,9.714350660320918,10.785449372237336
2023-11-06,11.11,9.581380347868393,10.302600485207586
2023-11-07,11.19,9.604784691797816,10.363918416185006
2023-11-08,11.04,9.598967710067564,10.353224082823658
2023-11-09,10.98,9.493781295736444,10.425871992034502
2023-11-10,11.11,9.417089330071594,10.417310785839009
2023-11-13,11.19,9.624160867286118,11.234090414294926
2023-11-15,11.14,9.401888703608835,11.364434164060503
2023-11-16,11.65,9.377208055536268,11.271284488136793
2023-11-17,11.83,9.83691290065294,11.269806890787093
2023-11-20,12.15,10.303744498929127,12.281681339526969
2023-11-21,12.23,10.240777406923755,12.301033647990566
2023-11-22,11.87,9.872594984966748,12.386350266643394
2023-11-23,11.32,9.490629524893805,12.47430904991611
2023-11-24,11.33,9.460191350526335,12.936833423436648
2023-11-28,12.18,10.08004214771149,12.981529731233957
2023-11-29,12.71,10.48118151465266,12.499442479789574
2023-11-30,12.69,10.821278321300673,12.484704918364018
2023-12-01,12.38,10.50266534842701,12.328967941200322
2023-12-04,12.99,10.788850496653057,10.3660525489047
2023-12-05,13.46,11.070165279440346,10.232981581356313
2023-12-06,13.74,11.460167862334645,10.175180067178573
2023-12-07,12.67,10.978569912000731,10.640489063771145
2023-12-08,12.47,10.74766138313206,10.592794369748336
2023-12-11,12.76,11.094404703984194,10.649097502504851
2023-12-12,12.71,11.124161399075327,10.552853836155611
2023-12-13,12.07,10.600212142491996,11.258061867024447
2023-12-14,12.32,11.079431605380972,10.91628119616443
2023-12-15,13.13,11.589366945286404,10.019843556549544
2023-12-18,13.9,12.466270014971347,12.390518439823547
2023-12-19,13.87,12.66701732255803,12.503363727933205
2023-12-20,14.45,13.063977776813557,11.77683620066032
2023-12-21,13.76,12.437549683320217,13.19872047505258
2023-12-22,13.71,12.612542938344017,13.566234185526197
2023-12-26,14.68,13.644890484590949,13.583705251659344
2023-12-27,15.56,14.312241472023857,14.528170965414555
2023-12-28,15.14,14.11659166728997,14.801023998816094
2023-12-29,14.5,13.441483689411275,15.137417915183264
2024-01-02,14.58,13.831627028572392,15.297964193423919
2024-01-03,14.1,13.382438453586849,15.16756996886459
2024-01-04,13.33,12.550112646578324,15.204225631029347
2024-01-05,12.63,12.038205534284973,15.181350702201685
2024-01-08,13.46,12.943738426505488,15.225102414600963
2024-01-09,13.26,12.607858625042951,15.251165145511575
2024-01-10,12.97,12.350259004333171,15.43547458037331
2024-01-11,12.77,12.354445323906639,15.562023728582423
2024-01-12,13.1,12.54786940057584,15.134530923721135
2024-01-15,13.79,13.112510016444187,14.835652335791849
2024-01-16,13.57,13.061344211141149,14.94143689485942
2024-01-17,15.08,14.455074824186115,13.09116216159012
2024-01-18,14.07,13.285798681619413,13.023942131307278
2024-01-19,13.88,13.30204638807547,12.9586481126901
2024-01-23,14.85,14.627590376385594,11.659143124564629
2024-01-24,14.38,13.774365124870661,11.124322998372548
2024-01-25,13.87,13.37191608534494,11.093537136972046
2024-01-29,15.68,15.10259580913933,9.282719389025493
2024-01-30,16.1,15.45334997142645,9.450169496946177
2024-01-31,16.05,15.288092368633416,8.88349256506937
2024-02-01,14.46,13.657831195483228,10.472525278214118
2024-02-02,14.7,13.74289267567291,10.225400017587926
2024-02-05,15.62,14.533260983175486,10.170598412811264
2024-02-06,15.79,14.47554981347098,10.02506428339644
2024-02-07,15.51,14.156154985185745,10.029550101752916
2024-02-08,15.83,14.714689074081216,9.766977212119125
2024-02-09,15.45,14.121682070624672,9.712834303005456
2024-02-12,16.06,14.979462509490254,10.732186451219137
2024-02-13,15.81,14.47307469169733,10.794149142823628
2024-02-14,15.44,14.075534607573514,10.857540410300238
2024-02-15,15.23,13.97740575769317,10.811626483133576
2024-02-16,15.22,13.986868761445761,11.262787898529087
2024-02-20,16.07,14.609534561247935,11.464123085516723
2024-02-21,15.93,14.334241296594,11.325396748001177
2024-02-22,15.2,13.819150975315253,11.130902852349331
2024-02-23,14.97,13.510782265219174,11.286239138776327
2024-02-26,15.6,14.23548063758302,11.636507647328521
2024-02-27,15.73,14.270243185435879,11.762355819506169
2024-02-28,16.33,15.039505142715884,11.105063637756773
2024-02-29,15.57,14.343986246659094,11.097575815488076
2024-03-01,15.24,14.036528926059265,9.680710153004107
2024-03-04,14.92,13.827114508418179,9.625223198844028
2024-03-05,14.38,13.29792670571125,9.876164785882956
2024-03-06,14.3,13.186215731965156,9.71374464903993
2024-03-07,13.61,12.560120853176887,9.85590697241479
2024-03-11,14.0,13.650221592611986,10.18929332887202
2024-03-12,13.64,13.098900185741941,10.881361023398421
2024-03-13,14.43,13.78336383133375,9.709743491311201
2024-03-14,13.62,13.017178243265647,9.721579790697579
2024-03-15,13.69,13.16789376937441,9.818175042502256
2024-03-18,13.9,13.399131162094498,10.239133280590226
2024-03-19,14.11,13.487515111882518,9.535429886396573
2024-03-20,13.47,12.953011874797793,9.544095550513214
2024-03-21,12.51,11.85196759392865,9.504001381637508
2024-03-22,12.22,11.549182059836905,9.69103090425751
2024-03-26,12.82,12.241625916284809,10.179740227745611
2024-03-27,12.7,12.19494086868513,10.024362129892008
2024-03-28,12.83,12.340602362214591,9.533753972587808
2024-04-01,12.08,11.449962133585144,9.670968799148714
2024-04-02,11.65,11.121631848717898,9.68354580726977
2024-04-03,11.37,10.839462540808691,9.919710443239945
2024-04-04,11.22,10.838894327727424,9.84277353462677
2024-04-05,11.34,10.797142089878108,11.227011972277513
2024-04-08,11.61,11.077222113168125,11.087608833761243
2024-04-09,11.36,10.749946047277485,11.108230580961337
2024-04-10,11.11,10.608272786838144,11.121369204392378
2024-04-12,11.53,11.026693379342593,10.530457332338575
2024-04-15,12.47,11.91663414404845,10.309103495693495
2024-04-16,12.62,12.06079640472529,10.169796588763553
2024-04-18,13.04,12.535862154956462,9.933250515758376
2024-04-19,13.46,12.607424010078509,9.70338745669313
2024-04-22,12.7,11.887893998921587,10.820333011856011
2024-04-23,10.2,11.720644550711775,10.810416326440881
2024-04-24,10.28,11.501712824455172,10.803713055427698
2024-04-25,10.73,11.67843659694857,10.510688236421526
2024-04-26,10.93,11.71717509199696,10.624575073026977
2024-04-29,12.24,11.85617907555438,10.585340619831825
2024-04-30,12.87,12.16262885271148,10.58866368962069
2024-05-02,13.45,12.404156408462946,15.321342966058271
2024-05-03,14.62,13.718468413076202,26.00155579105848
2024-05-06,16.6,15.462834944696265,28.408888340384475
2024-05-07,17.01,15.849508508088118,28.49120082096656
2024-05-08,17.08,15.894516148984042,29.348842091486926
2024-05-09,18.2,16.801695252844407,28.851358834920195
2024-05-10,18.47,16.916211274454778,28.81046238418097
2024-05-13,20.6,18.95150417103296,28.813224144998134
2024-05-14,20.2,18.383438376970876,28.780303899744485
2024-05-15,20.27,18.506135686535256,28.795926647394975
2024-05-16,20.0,18.21175609647565,28.65454740992822
2024-05-17,19.8,17.742615764930065,28.645060751972203
2024-05-21,21.81,19.555097140023655,28.638491281134677
2024-05-22,21.47,19.184003358222334,28.635468127036084
2024-05-23,21.38,18.990707699417225,28.08304311514757
2024-05-24,21.71,19.011091148140842,28.211076293204147
2024-05-27,23.19,20.639806602408957,28.290233706406713
2024-05-28,24.2,21.563811609716648,28.396185643016057
2024-05-29,24.18,22.030021176375094,28.26324526568938
2024-05-30,24.18,22.019128781683246,28.132057034607566
2024-05-31,24.6,22.51239598592265,28.125813160205492
2024-06-03,20.94,18.981508869172373,25.950252419685217
2024-06-04,26.75,24.58534122559032,15.004184875678872
2024-06-05,18.89,16.782208854504557,9.694106050506985
2024-06-06,16.8,15.12939122574254,9.196839612011816
2024-06-07,16.88,15.076200106109347,6.126867057677016
2024-06-10,16.4,15.262995995331835,6.3019205237610985
2024-06-11,14.77,13.715764332400385,6.302521832277591
2024-06-12,14.39,13.462539121380459,6.779252454943115
2024-06-13,13.49,12.644795043711929,6.790717135928297
2024-06-14,12.82,12.167775171688557,6.7289440216866465
2024-06-18,12.97,12.261250929769654,7.0969240809038405
2024-06-19,13.71,13.070578416753339,8.02244223004027
2024-06-20,13.35,12.68701549129089,7.993118481705921
2024-06-21,13.18,12.578105244395951,7.945528802001417
2024-06-24,14.06,13.332202142676069,7.981304992232611
2024-06-25,14.31,13.485539452123211,7.5152785608083725
2024-06-26,14.05,13.038813101135686,9.394758004074461
2024-06-27,14.15,13.139295603697212,9.044726399156222
2024-06-28,13.8,12.802726227298859,9.03634694568655
2024-07-01,13.83,12.996210858883178,8.932417727530591
2024-07-02,13.64,12.787026134065327,8.966999408117921
2024-07-03,13.21,12.381727331535886,9.574715274469133
2024-07-04,12.86,11.954009700096922,13.419821157713432
2024-07-05,12.7,11.775857911421442,13.447027082292589
2024-07-08,13.6,12.77033599521915,14.140815256201158
2024-07-09,14.28,13.451690895191145,14.285373481599791
2024-07-10,14.43,13.672476088462718,14.645723843689368
2024-07-11,14.0,13.287332485276524,14.64812517777313
2024-07-12,13.73,13.042404108189034,14.711159426723123
2024-07-15,14.19,13.372709511693062,14.66284004697017
2024-07-16,14.22,13.50791073755843,15.711312596322035
2024-07-18,14.51,13.591548439252826,15.495348102474725
2024-07-19,14.83,14.06700861759832,15.128822249597823
2024-07-22,15.44,14.383051350616293,15.158701926560832
2024-07-23,12.75,12.433203584344602,15.16366930187592
2024-07-24,11.76,11.778276388773676,15.136067093884668
2024-07-25,12.62,12.278641037442869,15.358419561731761
2024-07-26,12.25,11.88984383800931,14.124368760581293
2024-07-29,12.95,12.16745033619469,14.13246972507552
2024-07-30,12.88,11.80538005161783,14.196075004126921
2024-07-31,13.25,12.139847974531609,14.182975668022591
2024-08-01,12.93,11.679801430555898,14.170916994806573
2024-08-05,20.37,17.797303274313755,9.84392599149116
2024-08-06,18.74,16.59164404573971,9.829570161162133
2024-08-07,16.17,14.318700089439895,9.693177728670326
2024-08-08,16.6,14.728195146177953,9.415956512999468
2024-08-09,15.34,13.487277352102991,8.829135356653264
2024-08-12,15.87,13.764538027810543,8.986744644920485
2024-08-13,16.17,14.430716290674935,10.672711966843988
2024-08-14,15.44,13.69254570926914,10.681657703895658
2024-08-16,14.4,12.378922980131216,9.069323476069062
2024-08-19,14.32,12.356893664174118,9.070855123635813
2024-08-20,13.82,11.860063634998525,8.913144491109609
2024-08-21,13.33,11.5402309125231,8.872305941484413
2024-08-22,13.0,11.215220974006096,10.205327502297354
2024-08-23,13.55,11.949914886488122,10.395026571797924
2024-08-26,13.8,11.848733047082689,10.063068597388796
2024-08-27,13.63,11.67919253922753,10.098441374352879
2024-08-28,13.95,11.910148448578488,10.471533507762294
2024-08-29,13.79,11.810169494317119,10.39251997923731
2024-08-30,13.39,11.43283883751924,11.43394741448564
2024-09-02,14.06,12.428882630070444,11.420404607083336
2024-09-03,13.84,12.197702391613872,13.62002291660728
2024-09-04,14.38,12.821677049938321,13.957118836198928
2024-09-05,14.21,12.672816002877866,14.266157361632226
2024-09-06,15.22,13.863001536030897,14.006712819240775
2024-09-09,14.24,13.199095420102344,13.964258312185493
2024-09-10,13.36,12.419935721924888,13.890507558990844
2024-09-11,13.63,12.68756689092046,13.794134833531164
2024-09-12,13.18,12.03208125690213,12.386507482299967
2024-09-13,12.55,11.509691940940378,12.416917320853557
2024-09-16,12.46,11.61344333648603,12.46841818277373
2024-09-17,12.59,11.707513792061679,12.835807410357447
2024-09-18,13.37,12.308523026588372,12.9059419009454
2024-09-19,12.47,11.51599732873457,12.935531673454156
2024-09-20,12.79,11.728744435573816,12.667163490652507
2024-09-23,13.79,12.74622489516555,12.521642564478555
2024-09-24,13.39,12.452110405008947,12.532099010792844
2024-09-25,12.74,11.780550711978325,12.886027105290554
2024-09-26,12.0,11.00006173098992,12.777267430805658
2024-09-27,11.96,10.70391907075797,12.895890171103307
2024-09-30,12.79,11.61289151908157,12.059844979781452
2024-10-01,11.99,11.05505278464824,12.212463810649469
2024-10-03,13.17,12.108320646522964,9.801216170371104
2024-10-04,14.13,13.149331786464591,10.255412746239998
2024-10-07,15.08,13.995451304589857,10.281938442002813
2024-10-08,14.59,13.632930834149251,10.555186623272043
2024-10-09,14.12,13.326837371035769,11.297827726759326
2024-10-10,13.5,12.75128693696396,11.319269304000883
2024-10-11,13.22,12.617380390181134,11.309763541744344
2024-10-14,13.0,12.284450560304707,11.688535143255175
2024-10-15,13.0,12.410792082614302,12.574375982113509
2024-10-16,13.05,12.476150073881726,12.523783644129308
2024-10-17,13.39,12.887721522148658,12.193313624756783
2024-10-18,13.04,12.387870091576739,12.143701239071172
2024-10-21,13.76,13.32637567714991,12.354925465706815
2024-10-22,14.4,14.041444038386667,14.160665124668133
2024-10-23,14.62,14.189860195252976,14.858385642396959
2024-10-24,13.97,13.407346645949131,14.854731749776324
2024-10-25,14.63,14.305968676861895,14.569304651326338
2024-10-28,14.29,13.603940338200033,15.298802933160596
2024-10-29,14.52,13.98559899605287,15.509824213846072
2024-10-30,15.51,14.762656169128352,15.54540404977115
2024-10-31,15.55,14.815333482705459,15.638058174170895
2024-11-01,15.9,14.988018051962698,15.574689106160605
2024-11-04,16.69,15.698920284091573,15.311710907199913
2024-11-05,16.12,14.717793700792475,14.994059522330408
2024-11-06,14.87,13.206549447323432,14.51436138094386
2024-11-07,14.94,13.468271395576304,13.937957798652068
2024-11-08,14.47,12.928011591163358,13.925835026014818
2024-11-11,14.27,12.389084911472386,13.987082964699777
2024-11-12,14.59,12.87864165821832,13.831793738686862
2024-11-13,15.44,13.513825482436179,13.070634322160195
2024-11-14,14.78,12.929063569213579,13.883690544825825
2024-11-18,15.17,13.339004964594068,13.972698091412791
2024-11-19,15.66,13.678440763744975,14.386522504366134
2024-11-21,15.99,13.778580681126988,15.13055070007788
2024-11-22,16.1,13.50547244431606,12.963741785240801
2024-11-25,15.3,12.90046344244499,12.152543898473368
2024-11-26,15.31,13.11292201580294,12.150673834287584
2024-11-27,14.63,12.474988358463094,12.131183132442203
2024-11-28,15.21,13.553988155480596,11.239003526098736
2024-12-02,14.7,13.172831303024047,10.690230259208407
2024-12-03,14.37,12.994651645718704,12.213408950626421
2024-12-04,14.45,13.151506742545537,12.49541456559786
2024-12-05,14.53,12.945203592805118,13.288823330043556
2024-12-06,14.14,12.75977764716523,13.34978334217842
2024-12-09,14.11,13.234770957134339,13.327060507701574
2024-12-10,13.78,13.086027986590596,13.537978713291634
2024-12-11,13.27,12.529452662575668,13.603013568090693
2024-12-12,13.19,12.479822569707798,14.48483516843096
2024-12-13,13.05,12.1913589396167,14.216672221027931
2024-12-16,14.02,13.32548445261256,14.158235169047085
2024-12-17,14.49,13.894658241800528,13.436734447870638
2024-12-18,14.37,13.650437414879377,13.391392904320936
2024-12-19,14.51,14.004598147262751,13.081351352875345
2024-12-20,15.07,14.457927559986313,12.87725874493854
2024-12-23,13.52,12.900968244342694,12.797282099705685
2024-12-24,13.18,12.498455980116699,12.813548473876017
2024-12-26,14.04,13.66142911076523,12.920750703651853
2024-12-27,13.24,12.836554417159341,13.485138455692761
2024-12-30,13.97,13.64671179386825,13.399824348834455
2024-12-31,14.45,14.0329970197031,13.752004098611053
2025-01-02,13.74,13.254188806988559,12.724989000952707
2025-01-03,13.54,13.270457726835799,12.453346223399604
2025-01-06,15.65,15.37862186012755,11.23888573911296
2025-01-07,14.66,14.385468400560272,12.468120368486153
2025-01-08,14.47,14.226792840765587,12.480817684546182
2025-01-09,14.66,14.544942516760306,12.326486060946232
2025-01-10,14.92,14.649425166602603,12.26312074459516
2025-01-13,16.0,15.887915177005585,11.437890942984096
2025-01-14,15.47,15.06096847028913,12.261885880721092
2025-01-15,15.26,14.84714546839902,12.255818923223913
2025-01-16,15.47,15.185094657320766,12.169329944680534
2025-01-17,15.75,15.41373246807139,12.15924348569954
2025-01-20,16.42,15.911725707821574,11.984031730259023
2025-01-21,17.06,16.694055483536687,10.990351425277078
2025-01-22,16.77,16.445218669756613,10.815635586064756
2025-01-23,16.7,16.31557764778363,10.793921131578893
2025-01-24,16.75,16.47453214739109,10.807407583098882
2025-01-27,18.13,18.197765681206622,10.713576925238943
2025-01-28,18.2,18.063764216644092,10.537145262942687
2025-01-29,18.64,18.5138984807945,10.073260614145898
2025-01-30,17.39,16.80166279141858,11.92955655768797
2025-01-31,16.25,15.399331220979255,11.296237452392731
2025-02-03,14.35,13.568247487476734,11.847050902433018
2025-02-04,14.02,13.007597893909487,10.93859660664805
2025-02-05,14.08,13.087230873415464,10.921251814290969
2025-02-06,14.18,13.208529384158368,10.928585240560894
2025-02-07,13.69,12.746596053563646,10.925349300516645
2025-02-10,14.45,13.554485849115276,10.611897383843855
2025-02-11,14.87,13.882621936379158,9.61999210796491
2025-02-12,14.9,13.689303852879359,9.764583136671105
2025-02-13,14.96,13.789066311795823,10.956629318321694
2025-02-14,15.02,13.921997869898671,10.9045513170993
2025-02-17,15.72,14.582727833740394,11.696058369825886
2025-02-18,15.67,14.537017024710744,11.933445844889622
2025-02-19,15.42,14.32716070175075,12.766031670492852
2025-02-20,14.68,13.551997998133974,12.763432983128814
2025-02-21,14.53,13.564737560553855,12.918259321809192
2025-02-24,14.44,13.349816175994858,12.471660541536902
2025-03-20,12.6,11.86132156126785,20.721703763616738
2025-03-21,12.58,12.041675502521693,20.798680590091223
2025-03-24,13.7,12.852716327198504,20.71570335054561
2025-03-25,13.64,12.928695510305428,20.71542612601171
2025-03-26,13.47,12.511655824614989,20.54251487099314
2025-03-27,13.3,12.29454153992768,20.484979029807533
2025-03-28,12.72,11.60050717309269,20.521544991451865
2025-04-01,13.78,12.791350557307346,19.872760109364545
2025-04-02,13.72,12.860183558819593,19.72320960969079
2025-04-03,13.6,12.840705181604376,19.786645754091463
2025-04-04,13.76,12.955431175513024,19.47144999022362
2025-04-07,22.79,22.18038682622798,20.425309781945302
2025-04-08,20.44,19.60418249527239,20.175185534820717
2025-04-09,21.43,21.042926647211416,20.10342684468049
2025-04-11,20.11,18.89652893560725,19.778633936405747
2025-04-15,16.13,14.684151301240503,18.308658707142033
2025-04-16,15.87,14.707160039529931,18.26688118460664
2025-04-17,15.47,14.06197987359081,17.610765809910646
2025-04-21,15.52,14.243250949472117,17.256379238207526
2025-04-22,15.23,14.375922810636697,17.480923197780786
2025-04-23,15.96,14.733115181153039,17.659965687396717
2025-04-24,16.25,15.138706397965276,17.740586633681392
2025-04-25,17.16,15.84256029118571,17.657704045311128
2025-04-28,16.94,15.290670677065945,17.19598466554248
2025-04-29,17.37,15.504638741226708,17.23299805424103
2025-04-30,18.22,16.12328589382779,17.271865098034453
