,value
start,2020-01-02
end,2026-03-10
days,1515
mean_vix,17.340125412541255
mean_rv_fwd,15.181931597710104
mean_vrp_vol,2.1581938148311495
vrp_vol_t_nw,2.653977970640218
median_vrp_vol,2.9266838395410346
share_vix_above_rv,0.7881188118811882
worst_vrp_vol,-64.50094827633457
worst_vrp_date,2020-03-05
mz_vix_a,1.2947348967978938
mz_vix_b,0.8008706033272577
mz_vix_b_se,0.10501433431455336
mz_vix_r2,0.36455935508005266
mz_past_a,7.509796015544781
mz_past_b,0.5110061701299415
mz_past_b_se,0.10693191628329737
mz_past_r2,0.259007063147368
rmse_vix,8.54439953355599
rmse_past,10.081539764839675
