lookback,entry_z,net_return,gross_return,costs,annual_return,annual_vol,sharpe,t_stat_mean,max_drawdown,trades,win_rate,profit_factor,avg_trade,avg_hold_days,stop_outs,time_in_market,years
20,1.5,-0.009409686458739696,-0.0037944778410070705,0.0056152086177326255,-0.0010887240530773202,0.009015032215698309,-0.12076762756116088,-0.35504156737294285,0.02762952222142425,14,0.6428571428571429,0.769072971016855,-0.0006721204613385502,10.642857142857142,0,0.06841138659320478,8.642857142857142
20,2.0,-0.00928844516778743,-0.005672980996264749,0.0036154641715226816,-0.001074696135115901,0.007944683420257354,-0.13527236747730448,-0.39768367021260065,0.03110324894190188,9,0.6666666666666666,0.6881826005126873,-0.0010320494630874921,9.88888888888889,0,0.04086317722681359,8.642857142857142
20,2.5,-0.00638009759245574,-0.0047712238130830815,0.0016088737793726572,-0.0007381931098709121,0.006934927660634121,-0.10644568278069287,-0.3129368591380234,0.024585119526446264,4,0.5,0.6261420351976938,-0.0015950243981139355,15.0,0,0.027548209366391185,8.642857142857142
20,3.0,0.01068546792473071,0.01149690562199807,0.0008114376972673642,0.0012363351317870243,0.004811905147045534,0.2569325649625747,0.7553492803960661,0.007130170702703018,2,1.0,,0.005342733962365355,8.5,0,0.007805325987144169,8.642857142857142
30,1.5,-0.02069819803362727,-0.015481137737728998,0.00521706029589827,-0.0023948328303370395,0.012020352522993662,-0.19923149722572428,-0.5857154311428068,0.05194206402450364,13,0.6153846153846154,0.6223023160381215,-0.0015921690795097888,11.846153846153847,0,0.0707070707070707,8.642857142857142
30,2.0,-0.01798428180221893,-0.014769383805598175,0.0032148979966207616,-0.002080825993645166,0.011434956405387376,-0.1819706101078638,-0.5349706037388817,0.04464021479733075,8,0.625,0.5491548588281893,-0.0022480352252773677,13.25,0,0.048668503213957756,8.642857142857142
30,2.5,-0.02195241404052328,-0.02074391427026237,0.0012084997702609085,-0.0025399487319613715,0.010145932191093967,-0.2503415836142609,-0.7359726279297744,0.037145954481815416,3,0.3333333333333333,0.15454737614059977,-0.007317471346841094,19.0,0,0.026170798898071626,8.642857142857142
30,3.0,0.009409043441734315,0.009820120473469661,0.0004110770317353453,0.0010886496544155405,0.005025702359517562,0.21661642026091746,0.6368249084731209,0.007130170702703018,1,1.0,,0.009409043441734315,14.0,0,0.006427915518824609,8.642857142857142
60,1.5,-0.0328223402064672,-0.029215069845589015,0.0036072703608781864,-0.0037976261395912467,0.012391028702222622,-0.30648190968277345,-0.9010180938606047,0.06184745709868538,9,0.5555555555555556,0.36374332602525367,-0.003646926689607465,18.77777777777778,0,0.0775941230486685,8.642857142857142
60,2.0,-0.02883497898208988,-0.026027435980113974,0.0028075430019758995,-0.0033362785599112257,0.011588330716628384,-0.28789984006272074,-0.8463891568170621,0.05761904735859901,7,0.5714285714285714,0.33676546222693465,-0.004119282711727126,18.857142857142858,0,0.06060606060606061,8.642857142857142
60,2.5,-0.02554211654476947,-0.024337215353589,0.0012049011911804664,-0.002955286211791509,0.010560709676025381,-0.27983784257420835,-0.8226879027452406,0.04873631712712799,3,0.3333333333333333,0.11456991878226176,-0.00851403884825649,27.333333333333332,0,0.03764921946740129,8.642857142857142
60,3.0,-0.03017670820422839,-0.029372814132803765,0.0008038940714246235,-0.003491519957514029,0.010423971087728242,-0.3349510400719038,-0.9847137404442274,0.04878581322562071,2,0.0,0.0,-0.015088354102114194,35.0,0,0.03213957759412305,8.642857142857142
90,1.5,-0.047573597903121836,-0.044777288463801176,0.002796309439320652,-0.005504383228460378,0.011201544601468088,-0.49139501955283627,-1.4446392751479817,0.06048377374192184,7,0.42857142857142855,0.19090070392020628,-0.006796228271874547,21.428571428571427,1,0.06887052341597796,8.642857142857142
90,2.0,-0.032113350200692156,-0.030116610869799963,0.0019967393308921873,-0.003715594238096613,0.010349461334398055,-0.35901329721840247,-1.0554537364543104,0.045908605533244794,5,0.6,0.2513180235814079,-0.00642267004013843,23.2,1,0.05325987144168962,8.642857142857142
90,2.5,-0.033112023688390946,-0.03151556414815442,0.0015964595402365167,-0.003831143236673333,0.009289728328027415,-0.4124063806166052,-1.2124226560182205,0.04594595553226176,4,0.5,0.22803521951722588,-0.008278005922097735,18.75,1,0.03443526170798898,8.642857142857142
90,3.0,-0.028792965366856594,-0.027996768540005344,0.0007961968268512492,-0.0033314174804627466,0.00864833903861259,-0.38520893614240054,-1.1324656053609992,0.03504196884447697,2,0.5,0.12879640380414306,-0.014396482683428299,18.5,1,0.016988062442607896,8.642857142857142
