entry_date,exit_date,direction,entry_z,days,gross,cost,exit_reason,net,pair
2013-12-02,2013-12-18,short,2.652385538576348,12,0.0039306647159699105,0.00040119278122775206,revert,0.0035294719347421584,EURUSD/GBPUSD
2014-01-02,2014-01-07,short,2.135453905116794,3,-0.0002924922931106806,0.00039958071253711906,end,-0.0006920730056477996,EURUSD/GBPUSD
2014-01-23,2014-02-04,short,2.2139281527254204,8,0.008825846046288662,0.00039663242244779035,revert,0.008429213623840873,EURUSD/GBPUSD
2014-02-14,2014-03-11,short,2.053703870245856,16,0.008539505902074014,0.00039992907188698225,revert,0.008139576830187031,EURUSD/GBPUSD
2014-05-07,2014-07-08,short,2.163841139039819,42,-0.013227112869671534,0.0004000470873667747,end,-0.013627159957038308,EURUSD/GBPUSD
2021-02-10,2021-04-08,short,2.00467855405392,40,-0.0019250377094162253,0.00039758184747574967,revert,-0.002322619556891975,EURUSD/GBPUSD
2021-07-21,2021-07-23,long,-2.4179773873736328,2,0.003696197873054452,0.0004001919204514732,revert,0.003296005952602979,EURUSD/GBPUSD
2021-08-06,2021-08-18,short,2.0621729137271068,8,0.0027968883568289206,0.0003985556201129394,revert,0.002398332736715981,EURUSD/GBPUSD
2021-09-29,2021-10-05,long,-2.3985756465941006,4,0.00844030171630575,0.0004016467420377857,revert,0.008038654974267964,EURUSD/GBPUSD
2021-10-18,2021-10-29,short,2.0505927233935766,9,-0.0004937173709397937,0.00039922604881141685,end,-0.0008929434197512106,EURUSD/GBPUSD
2022-01-05,2022-01-25,short,2.067845922378008,13,0.0010646349588181005,0.00039896011593333337,revert,0.0006656748428847672,EURUSD/GBPUSD
2025-11-17,2025-12-04,long,-2.1025296426358238,12,0.004449407450140486,0.000401895186508119,revert,0.004047512263632367,EURUSD/GBPUSD
2026-01-06,2026-02-06,short,2.0098641019652024,22,0.0007748383402441583,0.00040184116889233545,revert,0.00037299717135182283,EURUSD/GBPUSD
