trade_id,entry_time,exit_time,instrument,direction,risk_pct,r_multiple,pnl_pct
1,2025-01-06 02:41:00,2025-01-06 04:18:00,BTCUSD,Short,1.0,-1.03,-1.03
2,2025-01-06 03:53:00,2025-01-06 04:04:00,NAS100,Long,0.5,-1.005,-0.5025
3,2025-01-06 07:45:00,2025-01-06 08:15:00,BTCUSD,Short,1.0,-1.018,-1.018
4,2025-01-06 07:56:00,2025-01-06 08:13:00,BTCUSD,Short,1.0,-1.004,-1.004
5,2025-01-08 10:23:00,2025-01-08 11:28:00,GBPUSD,Long,1.0,1.638,1.638
6,2025-01-08 17:00:00,2025-01-08 17:28:00,XAUUSD,Short,1.0,2.998,2.998
7,2025-01-09 02:39:00,2025-01-09 02:47:00,GBPUSD,Short,1.0,-1.022,-1.022
8,2025-01-09 12:10:00,2025-01-09 14:35:00,XAUUSD,Short,1.0,-1.053,-1.053
9,2025-01-09 13:24:00,2025-01-09 16:31:00,GBPUSD,Short,1.0,0.834,0.834
10,2025-01-09 16:57:00,2025-01-10 00:46:00,XAUUSD,Long,1.0,-1.023,-1.023
11,2025-01-10 02:27:00,2025-01-10 04:42:00,NAS100,Long,1.0,-1.095,-1.095
12,2025-01-10 16:30:00,2025-01-10 16:36:00,BTCUSD,Long,1.0,1.303,1.303
13,2025-01-10 18:00:00,2025-01-10 19:03:00,GBPUSD,Short,1.0,1.698,1.698
14,2025-01-13 11:08:00,2025-01-13 13:07:00,XAUUSD,Short,1.0,0.483,0.483
15,2025-01-14 06:46:00,2025-01-14 06:59:00,XAUUSD,Short,1.0,0.691,0.691
16,2025-01-14 13:00:00,2025-01-14 17:44:00,GBPUSD,Short,1.0,-1.016,-1.016
17,2025-01-15 16:21:00,2025-01-15 18:22:00,NAS100,Long,1.0,-1.032,-1.032
18,2025-01-16 01:38:00,2025-01-16 03:33:00,NAS100,Short,1.0,0.377,0.377
19,2025-01-16 05:57:00,2025-01-16 10:52:00,NAS100,Long,1.0,-1.01,-1.01
20,2025-01-17 07:10:00,2025-01-17 09:38:00,EURUSD,Short,1.0,-1.024,-1.024
21,2025-01-17 17:32:00,2025-01-17 18:20:00,NAS100,Long,1.0,-1.025,-1.025
22,2025-01-20 01:34:00,2025-01-20 01:42:00,BTCUSD,Short,1.0,-1.027,-1.027
23,2025-01-20 18:14:00,2025-01-20 18:19:00,NAS100,Long,1.0,-1.023,-1.023
24,2025-01-21 12:34:00,2025-01-21 14:19:00,XAUUSD,Short,1.0,2.793,2.793
25,2025-01-23 02:41:00,2025-01-23 03:50:00,GBPUSD,Short,1.0,-1.526,-1.526
26,2025-01-23 16:11:00,2025-01-23 17:08:00,NAS100,Short,0.5,2.201,1.1005
27,2025-01-24 09:15:00,2025-01-24 10:49:00,GBPUSD,Long,1.0,-1.02,-1.02
28,2025-01-24 10:15:00,2025-01-24 13:36:00,NAS100,Long,1.0,2.028,2.028
29,2025-01-27 05:57:00,2025-01-27 07:35:00,NAS100,Short,0.5,-1.057,-0.5285
30,2025-01-28 17:20:00,2025-01-28 17:48:00,NAS100,Short,1.0,1.725,1.725
31,2025-01-29 08:45:00,2025-01-29 11:19:00,NAS100,Long,0.5,2.098,1.049
32,2025-01-29 11:19:00,2025-01-29 11:30:00,NAS100,Long,0.5,4.499,2.2495
33,2025-01-30 03:42:00,2025-01-30 04:27:00,EURUSD,Short,1.0,-1.034,-1.034
34,2025-01-30 10:06:00,2025-01-30 10:11:00,EURUSD,Long,1.0,2.21,2.21
35,2025-01-30 19:12:00,2025-01-30 22:22:00,BTCUSD,Short,1.0,-1.015,-1.015
36,2025-02-03 05:18:00,2025-02-03 09:24:00,EURUSD,Short,1.0,0.48,0.48
37,2025-02-03 13:22:00,2025-02-03 14:41:00,BTCUSD,Long,0.5,1.222,0.611
38,2025-02-03 15:53:00,2025-02-03 16:01:00,XAUUSD,Long,1.0,2.043,2.043
39,2025-02-04 09:00:00,2025-02-04 11:15:00,BTCUSD,Short,0.5,1.089,0.5445
40,2025-02-04 13:09:00,2025-02-04 15:23:00,BTCUSD,Long,1.0,-1.011,-1.011
41,2025-02-04 17:02:00,2025-02-04 17:26:00,EURUSD,Short,1.0,2.802,2.802
42,2025-02-06 09:01:00,2025-02-06 11:16:00,BTCUSD,Short,0.5,1.075,0.5375
43,2025-02-10 07:54:00,2025-02-10 07:57:00,BTCUSD,Short,0.5,-1.03,-0.515
44,2025-02-10 13:22:00,2025-02-10 13:56:00,EURUSD,Long,0.5,3.418,1.709
45,2025-02-11 13:48:00,2025-02-11 14:22:00,GBPUSD,Long,1.0,2.078,2.078
46,2025-02-12 10:52:00,2025-02-12 11:20:00,BTCUSD,Short,1.0,-1.027,-1.027
47,2025-02-12 13:01:00,2025-02-12 14:20:00,EURUSD,Long,1.0,-1.035,-1.035
48,2025-02-13 01:21:00,2025-02-13 02:26:00,NAS100,Short,1.0,-1.425,-1.425
49,2025-02-13 09:11:00,2025-02-13 09:22:00,XAUUSD,Long,0.5,1.977,0.9885
50,2025-02-14 16:31:00,2025-02-14 17:09:00,EURUSD,Short,1.0,2.195,2.195
51,2025-02-17 08:45:00,2025-02-17 09:59:00,EURUSD,Long,1.0,1.064,1.064
52,2025-02-18 00:00:00,2025-02-18 00:35:00,BTCUSD,Long,1.0,-1.021,-1.021
53,2025-02-18 11:50:00,2025-02-18 12:12:00,GBPUSD,Long,0.5,2.475,1.2375
54,2025-02-18 18:44:00,2025-02-18 20:04:00,EURUSD,Long,0.5,0.686,0.343
55,2025-02-19 12:14:00,2025-02-19 13:05:00,GBPUSD,Short,1.0,0.834,0.834
56,2025-02-19 14:38:00,2025-02-19 16:40:00,XAUUSD,Long,1.0,1.857,1.857
57,2025-02-20 07:41:00,2025-02-20 08:51:00,GBPUSD,Short,1.0,-1.024,-1.024
58,2025-02-21 13:21:00,2025-02-21 14:59:00,GBPUSD,Long,1.0,-1.024,-1.024
59,2025-02-24 16:12:00,2025-02-24 16:45:00,GBPUSD,Long,1.0,-1.063,-1.063
60,2025-02-27 09:26:00,2025-02-27 10:42:00,XAUUSD,Short,1.0,0.538,0.538
61,2025-02-28 06:58:00,2025-02-28 08:20:00,BTCUSD,Long,1.0,-1.002,-1.002
62,2025-03-04 00:04:00,2025-03-04 02:00:00,NAS100,Long,1.0,-1.02,-1.02
63,2025-03-04 04:15:00,2025-03-04 04:40:00,BTCUSD,Short,1.0,-1.038,-1.038
64,2025-03-04 14:19:00,2025-03-04 14:35:00,EURUSD,Long,1.0,-1.047,-1.047
65,2025-03-04 19:45:00,2025-03-04 20:03:00,XAUUSD,Short,1.0,-1.009,-1.009
66,2025-03-05 05:24:00,2025-03-05 06:13:00,GBPUSD,Short,1.0,2.109,2.109
67,2025-03-05 05:40:00,2025-03-05 08:10:00,GBPUSD,Short,1.0,0.549,0.549
68,2025-03-05 13:20:00,2025-03-05 14:24:00,EURUSD,Short,1.0,-1.028,-1.028
69,2025-03-06 10:13:00,2025-03-06 10:17:00,XAUUSD,Short,0.5,3.664,1.832
70,2025-03-06 16:08:00,2025-03-06 16:18:00,EURUSD,Long,1.0,-1.006,-1.006
71,2025-03-07 06:10:00,2025-03-07 06:22:00,XAUUSD,Short,0.5,3.4,1.7
72,2025-03-07 07:02:00,2025-03-07 07:30:00,EURUSD,Short,1.0,1.432,1.432
73,2025-03-07 09:28:00,2025-03-07 12:08:00,GBPUSD,Long,1.0,1.544,1.544
74,2025-03-10 09:01:00,2025-03-10 09:16:00,BTCUSD,Long,1.0,-1.051,-1.051
75,2025-03-10 14:36:00,2025-03-10 15:16:00,BTCUSD,Long,0.5,1.593,0.7965
76,2025-03-11 07:49:00,2025-03-11 08:11:00,NAS100,Long,1.0,1.075,1.075
77,2025-03-12 00:43:00,2025-03-12 01:51:00,GBPUSD,Long,0.5,1.31,0.655
78,2025-03-12 03:55:00,2025-03-12 05:20:00,GBPUSD,Long,0.5,1.499,0.7495
79,2025-03-12 17:35:00,2025-03-12 17:47:00,BTCUSD,Long,1.0,1.274,1.274
80,2025-03-13 02:47:00,2025-03-13 03:42:00,NAS100,Long,0.5,1.262,0.631
81,2025-03-13 04:51:00,2025-03-13 06:13:00,EURUSD,Long,1.0,-1.011,-1.011
82,2025-03-13 18:54:00,2025-03-13 20:20:00,EURUSD,Short,1.0,-1.016,-1.016
83,2025-03-14 07:04:00,2025-03-14 07:24:00,XAUUSD,Long,0.5,-1.02,-0.51
84,2025-03-14 12:47:00,2025-03-14 12:52:00,XAUUSD,Short,1.0,-1.005,-1.005
85,2025-03-14 12:48:00,2025-03-14 15:36:00,XAUUSD,Long,1.0,0.566,0.566
86,2025-03-14 18:08:00,2025-03-14 19:49:00,XAUUSD,Long,0.5,-1.044,-0.522
87,2025-03-17 00:29:00,2025-03-17 01:13:00,XAUUSD,Short,1.0,-1.021,-1.021
88,2025-03-17 09:55:00,2025-03-17 11:09:00,XAUUSD,Short,0.5,1.787,0.8935
89,2025-03-18 08:07:00,2025-03-18 10:07:00,EURUSD,Long,1.0,-1.025,-1.025
90,2025-03-18 08:14:00,2025-03-18 12:42:00,EURUSD,Long,0.5,0.633,0.3165
91,2025-03-19 10:48:00,2025-03-19 10:52:00,BTCUSD,Long,1.0,-1.086,-1.086
92,2025-03-20 07:04:00,2025-03-20 08:11:00,EURUSD,Long,1.0,-1.008,-1.008
93,2025-03-20 12:55:00,2025-03-20 14:00:00,BTCUSD,Long,1.0,2.941,2.941
94,2025-03-21 12:30:00,2025-03-21 13:12:00,NAS100,Short,1.0,-1.068,-1.068
95,2025-03-24 12:41:00,2025-03-24 16:29:00,NAS100,Short,1.0,-1.041,-1.041
96,2025-03-24 17:48:00,2025-03-24 19:34:00,XAUUSD,Short,1.0,1.481,1.481
97,2025-03-26 05:23:00,2025-03-26 06:40:00,NAS100,Short,1.0,-1.045,-1.045
98,2025-03-27 01:38:00,2025-03-27 03:11:00,NAS100,Short,0.5,-1.003,-0.5015
99,2025-03-28 07:52:00,2025-03-28 09:42:00,NAS100,Short,1.0,1.21,1.21
100,2025-03-31 19:24:00,2025-03-31 23:20:00,BTCUSD,Short,1.0,-1.004,-1.004
101,2025-04-01 11:05:00,2025-04-01 14:39:00,BTCUSD,Short,1.0,-1.015,-1.015
102,2025-04-01 13:51:00,2025-04-01 13:57:00,XAUUSD,Long,0.5,-1.033,-0.5165
103,2025-04-02 03:21:00,2025-04-02 07:27:00,XAUUSD,Short,1.0,-1.023,-1.023
104,2025-04-02 07:52:00,2025-04-02 10:24:00,BTCUSD,Short,0.5,-1.009,-0.5045
105,2025-04-02 09:03:00,2025-04-02 09:59:00,NAS100,Long,1.0,-1.018,-1.018
106,2025-04-02 17:32:00,2025-04-02 19:24:00,NAS100,Short,1.0,-1.032,-1.032
107,2025-04-03 07:04:00,2025-04-03 08:03:00,GBPUSD,Short,1.0,1.142,1.142
108,2025-04-07 09:55:00,2025-04-07 10:19:00,GBPUSD,Short,1.0,2.473,2.473
109,2025-04-09 01:39:00,2025-04-09 06:35:00,XAUUSD,Long,1.0,-1.036,-1.036
110,2025-04-09 02:39:00,2025-04-09 03:56:00,NAS100,Short,1.0,-1.014,-1.014
111,2025-04-09 09:13:00,2025-04-09 10:48:00,NAS100,Long,1.0,2.745,2.745
112,2025-04-09 11:47:00,2025-04-09 14:42:00,NAS100,Long,0.5,2.165,1.0825
113,2025-04-09 16:45:00,2025-04-09 17:37:00,XAUUSD,Short,1.0,0.974,0.974
114,2025-04-10 18:49:00,2025-04-10 20:55:00,NAS100,Long,1.0,-1.014,-1.014
115,2025-04-11 18:25:00,2025-04-11 23:57:00,GBPUSD,Short,0.5,-1.032,-0.516
116,2025-04-14 12:56:00,2025-04-14 14:16:00,NAS100,Short,0.5,3.642,1.821
117,2025-04-16 11:51:00,2025-04-16 12:13:00,NAS100,Long,1.0,-1.053,-1.053
118,2025-04-16 13:39:00,2025-04-16 14:15:00,GBPUSD,Long,0.5,-1.03,-0.515
119,2025-04-17 10:25:00,2025-04-17 10:52:00,GBPUSD,Long,0.5,1.077,0.5385
120,2025-04-18 06:16:00,2025-04-18 07:13:00,BTCUSD,Long,0.5,-1.007,-0.5035
121,2025-04-21 12:26:00,2025-04-21 13:18:00,NAS100,Long,1.0,-1.027,-1.027
122,2025-04-22 07:47:00,2025-04-22 12:32:00,NAS100,Long,0.5,-1.03,-0.515
123,2025-04-23 09:55:00,2025-04-23 12:12:00,BTCUSD,Long,1.0,2.245,2.245
124,2025-04-24 05:42:00,2025-04-24 09:11:00,NAS100,Long,1.0,-1.001,-1.001
125,2025-04-25 02:44:00,2025-04-25 03:28:00,NAS100,Short,1.0,0.422,0.422
126,2025-04-25 14:12:00,2025-04-25 14:35:00,NAS100,Long,1.0,1.13,1.13
127,2025-04-25 19:36:00,2025-04-25 20:14:00,XAUUSD,Long,1.0,1.547,1.547
128,2025-04-30 11:01:00,2025-04-30 11:29:00,XAUUSD,Long,1.0,2.743,2.743
129,2025-04-30 16:10:00,2025-04-30 17:41:00,BTCUSD,Long,1.0,-1.057,-1.057
130,2025-05-01 01:52:00,2025-05-01 02:23:00,XAUUSD,Long,1.0,-1.019,-1.019
131,2025-05-01 04:53:00,2025-05-01 05:26:00,NAS100,Short,0.5,-1.011,-0.5055
132,2025-05-05 06:39:00,2025-05-05 07:49:00,NAS100,Long,1.0,-1.013,-1.013
133,2025-05-05 07:37:00,2025-05-05 07:53:00,EURUSD,Short,0.5,-1.038,-0.519
134,2025-05-05 17:05:00,2025-05-05 19:20:00,GBPUSD,Short,1.0,0.4,0.4
135,2025-05-06 06:03:00,2025-05-06 09:58:00,XAUUSD,Short,1.0,-1.061,-1.061
136,2025-05-08 12:21:00,2025-05-08 14:38:00,GBPUSD,Long,0.5,0.862,0.431
137,2025-05-09 07:42:00,2025-05-09 10:32:00,EURUSD,Short,1.0,-1.02,-1.02
138,2025-05-13 16:00:00,2025-05-13 16:49:00,NAS100,Short,1.0,2.156,2.156
139,2025-05-16 09:39:00,2025-05-16 09:59:00,XAUUSD,Long,0.5,2.108,1.054
140,2025-05-16 15:32:00,2025-05-16 19:12:00,BTCUSD,Short,1.0,1.284,1.284
141,2025-05-20 13:35:00,2025-05-20 15:21:00,NAS100,Long,1.0,-1.072,-1.072
142,2025-05-20 15:03:00,2025-05-20 15:56:00,NAS100,Long,1.0,-1.044,-1.044
143,2025-05-22 07:36:00,2025-05-22 07:58:00,BTCUSD,Short,1.0,2.153,2.153
144,2025-05-23 09:23:00,2025-05-23 10:31:00,GBPUSD,Short,1.0,0.713,0.713
145,2025-05-26 02:19:00,2025-05-26 06:03:00,BTCUSD,Short,1.0,-1.019,-1.019
146,2025-05-26 09:24:00,2025-05-26 11:01:00,XAUUSD,Short,1.0,0.674,0.674
147,2025-05-26 10:54:00,2025-05-26 11:37:00,NAS100,Short,1.0,-1.002,-1.002
148,2025-05-27 10:24:00,2025-05-27 10:52:00,XAUUSD,Long,1.0,3.966,3.966
149,2025-05-27 15:35:00,2025-05-27 16:15:00,EURUSD,Long,1.0,0.678,0.678
150,2025-05-29 15:04:00,2025-05-29 17:45:00,GBPUSD,Short,1.0,1.017,1.017
151,2025-05-29 15:52:00,2025-05-29 19:19:00,EURUSD,Short,1.0,3.181,3.181
152,2025-05-30 06:18:00,2025-05-30 07:09:00,XAUUSD,Long,0.5,0.551,0.2755
153,2025-05-30 07:27:00,2025-05-30 09:00:00,NAS100,Long,1.0,-1.037,-1.037
154,2025-06-02 01:59:00,2025-06-02 02:34:00,BTCUSD,Long,1.0,-1.031,-1.031
155,2025-06-02 03:31:00,2025-06-02 03:52:00,BTCUSD,Long,0.5,-1.018,-0.509
156,2025-06-06 10:41:00,2025-06-06 13:05:00,GBPUSD,Short,1.0,0.985,0.985
157,2025-06-06 18:10:00,2025-06-06 20:20:00,XAUUSD,Short,0.5,1.778,0.889
158,2025-06-10 02:57:00,2025-06-10 03:59:00,BTCUSD,Long,0.5,-1.013,-0.5065
159,2025-06-10 03:23:00,2025-06-10 03:39:00,XAUUSD,Long,1.0,-1.009,-1.009
160,2025-06-11 08:45:00,2025-06-11 09:00:00,NAS100,Short,1.0,0.675,0.675
161,2025-06-12 01:53:00,2025-06-12 03:18:00,BTCUSD,Long,1.0,-1.016,-1.016
162,2025-06-12 15:36:00,2025-06-12 17:09:00,NAS100,Long,1.0,1.608,1.608
163,2025-06-12 16:37:00,2025-06-12 16:42:00,XAUUSD,Long,1.0,-1.001,-1.001
164,2025-06-16 13:57:00,2025-06-16 14:12:00,XAUUSD,Short,1.0,2.014,2.014
165,2025-06-16 14:11:00,2025-06-16 14:24:00,XAUUSD,Short,1.0,-1.001,-1.001
166,2025-06-17 09:44:00,2025-06-17 10:00:00,BTCUSD,Long,1.0,-1.023,-1.023
167,2025-06-17 10:51:00,2025-06-17 11:41:00,XAUUSD,Short,0.5,1.385,0.6925
168,2025-06-18 19:10:00,2025-06-18 21:19:00,XAUUSD,Long,1.0,-1.036,-1.036
169,2025-06-20 00:52:00,2025-06-20 00:59:00,GBPUSD,Long,1.0,-1.068,-1.068
170,2025-06-20 13:09:00,2025-06-20 13:15:00,EURUSD,Short,1.0,1.698,1.698
171,2025-06-23 07:25:00,2025-06-23 09:39:00,XAUUSD,Short,1.0,0.892,0.892
172,2025-06-23 09:32:00,2025-06-23 09:48:00,GBPUSD,Short,0.5,1.203,0.6015
173,2025-06-23 10:05:00,2025-06-23 15:05:00,NAS100,Short,0.5,-1.046,-0.523
174,2025-06-24 02:00:00,2025-06-24 02:15:00,XAUUSD,Long,0.5,-1.026,-0.513
175,2025-06-24 11:31:00,2025-06-24 12:28:00,GBPUSD,Long,1.0,-1.017,-1.017
176,2025-06-25 09:28:00,2025-06-25 14:08:00,GBPUSD,Long,1.0,-1.015,-1.015
177,2025-06-25 16:09:00,2025-06-25 17:32:00,XAUUSD,Short,1.0,0.277,0.277
178,2025-06-26 07:17:00,2025-06-26 13:00:00,XAUUSD,Long,1.0,1.314,1.314
179,2025-06-27 14:01:00,2025-06-27 14:49:00,NAS100,Short,1.0,-1.038,-1.038
180,2025-06-30 00:09:00,2025-06-30 02:17:00,XAUUSD,Short,1.0,-1.028,-1.028
181,2025-06-30 04:42:00,2025-06-30 05:10:00,BTCUSD,Short,1.0,0.704,0.704
182,2025-06-30 16:49:00,2025-06-30 17:27:00,EURUSD,Short,0.5,-1.005,-0.5025
183,2025-07-01 09:01:00,2025-07-01 10:26:00,BTCUSD,Short,1.0,1.836,1.836
184,2025-07-03 05:46:00,2025-07-03 06:10:00,XAUUSD,Short,0.5,-1.006,-0.503
185,2025-07-03 08:38:00,2025-07-03 09:57:00,NAS100,Long,1.0,-1.001,-1.001
186,2025-07-03 13:51:00,2025-07-03 15:59:00,EURUSD,Short,0.5,2.704,1.352
187,2025-07-04 03:19:00,2025-07-04 03:56:00,GBPUSD,Short,1.0,-1.041,-1.041
188,2025-07-07 11:24:00,2025-07-07 12:54:00,GBPUSD,Short,0.5,1.825,0.9125
189,2025-07-07 16:57:00,2025-07-07 18:51:00,BTCUSD,Short,0.5,1.437,0.7185
190,2025-07-10 05:09:00,2025-07-10 05:42:00,XAUUSD,Long,1.0,1.385,1.385
191,2025-07-10 11:15:00,2025-07-10 15:36:00,BTCUSD,Long,1.0,-1.029,-1.029
192,2025-07-10 19:25:00,2025-07-10 21:46:00,EURUSD,Long,0.5,0.879,0.4395
193,2025-07-11 16:00:00,2025-07-11 16:47:00,BTCUSD,Long,0.5,-1.074,-0.537
194,2025-07-15 01:11:00,2025-07-15 01:22:00,EURUSD,Long,1.0,-1.059,-1.059
195,2025-07-15 05:37:00,2025-07-15 07:05:00,EURUSD,Short,1.0,-1.023,-1.023
196,2025-07-15 09:12:00,2025-07-15 09:18:00,NAS100,Short,1.0,-1.011,-1.011
197,2025-07-15 09:13:00,2025-07-15 09:26:00,GBPUSD,Long,1.0,-1.009,-1.009
198,2025-07-16 02:17:00,2025-07-16 02:25:00,EURUSD,Short,1.0,-1.055,-1.055
199,2025-07-17 00:06:00,2025-07-17 01:30:00,BTCUSD,Long,1.0,-1.021,-1.021
200,2025-07-17 06:10:00,2025-07-17 08:27:00,EURUSD,Long,0.5,1.338,0.669
201,2025-07-18 04:12:00,2025-07-18 04:27:00,NAS100,Long,1.0,-1.023,-1.023
202,2025-07-18 04:34:00,2025-07-18 05:17:00,EURUSD,Short,1.0,6.714,6.714
203,2025-07-18 07:54:00,2025-07-18 08:44:00,XAUUSD,Short,0.5,1.576,0.788
204,2025-07-21 00:49:00,2025-07-21 02:20:00,NAS100,Short,1.0,-1.002,-1.002
205,2025-07-21 11:25:00,2025-07-21 16:42:00,XAUUSD,Short,1.0,1.69,1.69
206,2025-07-21 13:53:00,2025-07-21 14:58:00,GBPUSD,Long,1.0,-1.016,-1.016
207,2025-07-22 03:02:00,2025-07-22 03:11:00,EURUSD,Long,1.0,2.81,2.81
208,2025-07-22 13:18:00,2025-07-22 13:39:00,NAS100,Long,1.0,-1.006,-1.006
209,2025-07-23 13:55:00,2025-07-23 16:25:00,BTCUSD,Long,1.0,1.466,1.466
210,2025-07-23 16:02:00,2025-07-23 18:10:00,BTCUSD,Long,1.0,0.889,0.889
211,2025-07-24 14:55:00,2025-07-24 15:40:00,NAS100,Long,0.5,4.296,2.148
212,2025-07-25 09:15:00,2025-07-25 10:03:00,EURUSD,Short,1.0,0.953,0.953
213,2025-07-25 13:54:00,2025-07-25 14:19:00,EURUSD,Short,1.0,-1.031,-1.031
214,2025-07-25 18:11:00,2025-07-25 20:44:00,XAUUSD,Long,1.0,1.02,1.02
215,2025-07-28 04:57:00,2025-07-28 05:01:00,NAS100,Long,1.0,-1.065,-1.065
216,2025-07-28 10:39:00,2025-07-28 11:50:00,GBPUSD,Long,1.0,1.155,1.155
217,2025-07-28 13:00:00,2025-07-28 13:49:00,GBPUSD,Short,1.0,-1.0,-1.0
218,2025-07-29 16:50:00,2025-07-29 21:27:00,NAS100,Short,1.0,-1.004,-1.004
219,2025-07-30 04:14:00,2025-07-30 05:34:00,NAS100,Long,1.0,1.689,1.689
220,2025-07-30 08:12:00,2025-07-30 08:55:00,GBPUSD,Long,0.5,-1.032,-0.516
221,2025-07-31 02:09:00,2025-07-31 02:42:00,NAS100,Short,1.0,0.706,0.706
222,2025-07-31 14:17:00,2025-07-31 17:11:00,NAS100,Short,1.0,-1.027,-1.027
223,2025-08-01 09:47:00,2025-08-01 10:20:00,EURUSD,Long,1.0,-1.026,-1.026
224,2025-08-04 08:07:00,2025-08-04 08:28:00,BTCUSD,Short,0.5,0.567,0.2835
225,2025-08-07 01:15:00,2025-08-07 03:00:00,NAS100,Short,0.5,-1.0,-0.5
226,2025-08-08 10:32:00,2025-08-08 11:45:00,XAUUSD,Short,1.0,-1.031,-1.031
227,2025-08-08 15:23:00,2025-08-08 16:01:00,EURUSD,Short,1.0,0.724,0.724
228,2025-08-08 18:48:00,2025-08-08 20:54:00,GBPUSD,Long,1.0,-1.025,-1.025
229,2025-08-11 08:39:00,2025-08-11 08:58:00,XAUUSD,Short,0.5,-1.054,-0.527
230,2025-08-12 08:15:00,2025-08-12 08:29:00,BTCUSD,Long,0.5,-1.002,-0.501
231,2025-08-12 09:07:00,2025-08-12 09:43:00,EURUSD,Short,0.5,1.214,0.607
232,2025-08-12 19:26:00,2025-08-12 20:08:00,GBPUSD,Long,0.5,-1.057,-0.5285
233,2025-08-13 15:40:00,2025-08-13 17:47:00,GBPUSD,Short,0.5,1.321,0.6605
234,2025-08-13 16:03:00,2025-08-13 16:26:00,GBPUSD,Long,1.0,1.954,1.954
235,2025-08-14 11:25:00,2025-08-14 16:34:00,EURUSD,Long,1.0,-1.056,-1.056
236,2025-08-14 15:22:00,2025-08-14 16:25:00,GBPUSD,Short,0.5,-1.061,-0.5305
237,2025-08-14 18:53:00,2025-08-14 19:29:00,EURUSD,Long,1.0,0.812,0.812
238,2025-08-15 18:58:00,2025-08-15 21:36:00,EURUSD,Long,1.0,-1.02,-1.02
239,2025-08-19 12:31:00,2025-08-19 13:00:00,XAUUSD,Short,1.0,-1.004,-1.004
240,2025-08-20 05:05:00,2025-08-20 10:02:00,XAUUSD,Long,1.0,-1.0,-1.0
241,2025-08-20 11:37:00,2025-08-20 12:05:00,BTCUSD,Short,0.5,1.387,0.6935
242,2025-08-22 14:37:00,2025-08-22 18:26:00,BTCUSD,Long,1.0,-1.017,-1.017
243,2025-08-25 04:55:00,2025-08-25 06:09:00,EURUSD,Long,0.5,-1.017,-0.5085
244,2025-08-27 19:41:00,2025-08-27 19:52:00,NAS100,Short,0.5,-1.009,-0.5045
245,2025-08-28 12:46:00,2025-08-28 13:31:00,XAUUSD,Short,1.0,-1.035,-1.035
246,2025-08-28 13:40:00,2025-08-28 13:55:00,EURUSD,Long,1.0,0.506,0.506
247,2025-08-29 17:04:00,2025-08-29 18:13:00,EURUSD,Long,1.0,1.331,1.331
248,2025-09-01 04:05:00,2025-09-01 04:12:00,XAUUSD,Short,1.0,-1.028,-1.028
249,2025-09-03 09:16:00,2025-09-03 09:33:00,XAUUSD,Long,1.0,-1.015,-1.015
250,2025-09-03 19:51:00,2025-09-03 20:44:00,BTCUSD,Long,0.5,-1.03,-0.515
251,2025-09-04 12:08:00,2025-09-04 13:51:00,NAS100,Long,1.0,1.757,1.757
252,2025-09-05 04:12:00,2025-09-05 07:46:00,NAS100,Long,1.0,1.646,1.646
253,2025-09-05 11:09:00,2025-09-05 12:03:00,BTCUSD,Long,1.0,-1.014,-1.014
254,2025-09-08 04:20:00,2025-09-08 05:13:00,GBPUSD,Long,0.5,2.656,1.328
255,2025-09-08 07:08:00,2025-09-08 08:46:00,XAUUSD,Long,0.5,-1.036,-0.518
256,2025-09-08 11:54:00,2025-09-08 16:34:00,XAUUSD,Long,1.0,-1.012,-1.012
257,2025-09-08 15:52:00,2025-09-08 16:10:00,EURUSD,Short,1.0,1.961,1.961
258,2025-09-10 00:05:00,2025-09-10 02:47:00,XAUUSD,Long,1.0,-1.028,-1.028
259,2025-09-10 12:20:00,2025-09-10 12:38:00,NAS100,Long,1.0,-1.016,-1.016
260,2025-09-10 19:14:00,2025-09-10 21:16:00,XAUUSD,Long,1.0,1.045,1.045
261,2025-09-11 01:23:00,2025-09-11 02:39:00,NAS100,Long,1.0,-1.02,-1.02
262,2025-09-11 12:56:00,2025-09-11 13:40:00,BTCUSD,Short,1.0,0.486,0.486
263,2025-09-11 14:59:00,2025-09-11 18:35:00,NAS100,Long,1.0,-1.055,-1.055
264,2025-09-15 04:32:00,2025-09-15 05:16:00,XAUUSD,Short,1.0,1.047,1.047
265,2025-09-15 12:27:00,2025-09-15 13:30:00,EURUSD,Long,1.0,-1.062,-1.062
266,2025-09-15 16:00:00,2025-09-15 16:05:00,EURUSD,Long,1.0,2.501,2.501
267,2025-09-16 17:54:00,2025-09-16 18:06:00,GBPUSD,Long,0.5,-1.038,-0.519
268,2025-09-16 18:33:00,2025-09-16 19:03:00,GBPUSD,Short,0.5,-1.041,-0.5205
269,2025-09-17 02:07:00,2025-09-17 06:09:00,BTCUSD,Short,1.0,1.24,1.24
270,2025-09-18 09:46:00,2025-09-18 10:38:00,NAS100,Short,0.5,1.566,0.783
271,2025-09-18 11:19:00,2025-09-18 15:40:00,GBPUSD,Long,0.5,-1.001,-0.5005
272,2025-09-19 14:14:00,2025-09-19 14:46:00,BTCUSD,Long,1.0,0.617,0.617
273,2025-09-23 13:38:00,2025-09-23 14:53:00,NAS100,Short,1.0,1.279,1.279
274,2025-09-24 10:53:00,2025-09-24 12:53:00,NAS100,Short,0.5,0.484,0.242
275,2025-09-25 09:49:00,2025-09-25 14:05:00,EURUSD,Short,1.0,1.287,1.287
276,2025-09-25 12:00:00,2025-09-25 14:38:00,BTCUSD,Long,0.5,2.336,1.168
277,2025-09-26 18:27:00,2025-09-26 19:00:00,BTCUSD,Long,1.0,1.079,1.079
278,2025-09-29 04:31:00,2025-09-29 05:24:00,XAUUSD,Short,1.0,-1.004,-1.004
279,2025-09-29 06:04:00,2025-09-29 09:03:00,XAUUSD,Short,0.5,-1.0,-0.5
280,2025-09-29 08:28:00,2025-09-29 10:46:00,BTCUSD,Short,0.5,-1.002,-0.501
281,2025-09-29 08:36:00,2025-09-29 08:49:00,EURUSD,Long,1.0,-1.005,-1.005
282,2025-10-01 10:57:00,2025-10-01 11:08:00,EURUSD,Long,1.0,1.705,1.705
283,2025-10-01 12:02:00,2025-10-01 12:22:00,NAS100,Short,1.0,1.073,1.073
284,2025-10-03 09:13:00,2025-10-03 09:44:00,BTCUSD,Short,0.5,1.0,0.5
285,2025-10-03 10:57:00,2025-10-03 12:23:00,XAUUSD,Long,1.0,-1.014,-1.014
286,2025-10-06 05:32:00,2025-10-06 06:07:00,BTCUSD,Long,1.0,-1.034,-1.034
287,2025-10-06 10:30:00,2025-10-06 12:43:00,GBPUSD,Long,1.0,1.37,1.37
288,2025-10-06 13:06:00,2025-10-06 13:20:00,XAUUSD,Long,1.0,0.357,0.357
289,2025-10-06 16:42:00,2025-10-06 17:31:00,NAS100,Short,1.0,1.783,1.783
290,2025-10-07 00:34:00,2025-10-07 01:55:00,BTCUSD,Long,1.0,0.786,0.786
291,2025-10-08 11:16:00,2025-10-08 11:39:00,GBPUSD,Short,0.5,-1.004,-0.502
292,2025-10-10 11:05:00,2025-10-10 12:40:00,GBPUSD,Long,1.0,1.719,1.719
293,2025-10-14 19:34:00,2025-10-14 19:51:00,XAUUSD,Long,1.0,2.836,2.836
294,2025-10-15 04:06:00,2025-10-15 07:58:00,BTCUSD,Long,1.0,-1.036,-1.036
295,2025-10-15 10:31:00,2025-10-15 10:47:00,BTCUSD,Short,1.0,-1.059,-1.059
296,2025-10-15 16:22:00,2025-10-15 16:50:00,NAS100,Long,1.0,-1.025,-1.025
297,2025-10-16 00:38:00,2025-10-16 01:09:00,BTCUSD,Long,1.0,-1.014,-1.014
298,2025-10-16 13:07:00,2025-10-16 13:12:00,BTCUSD,Long,1.0,0.429,0.429
299,2025-10-16 17:00:00,2025-10-16 18:05:00,EURUSD,Long,1.0,-1.022,-1.022
300,2025-10-17 11:16:00,2025-10-17 14:57:00,NAS100,Long,0.5,0.466,0.233
301,2025-10-17 12:07:00,2025-10-17 12:38:00,GBPUSD,Short,1.0,2.561,2.561
302,2025-10-17 14:11:00,2025-10-17 14:39:00,EURUSD,Short,1.0,-1.024,-1.024
303,2025-10-17 14:37:00,2025-10-17 15:13:00,GBPUSD,Long,1.0,-1.04,-1.04
304,2025-10-20 00:02:00,2025-10-20 01:23:00,XAUUSD,Long,1.0,-1.007,-1.007
305,2025-10-20 09:49:00,2025-10-20 11:17:00,XAUUSD,Long,0.5,-1.021,-0.5105
306,2025-10-20 12:54:00,2025-10-20 14:52:00,GBPUSD,Short,1.0,1.28,1.28
307,2025-10-21 12:21:00,2025-10-21 12:58:00,XAUUSD,Long,1.0,-1.062,-1.062
308,2025-10-21 13:43:00,2025-10-21 14:27:00,EURUSD,Long,1.0,-1.039,-1.039
309,2025-10-22 03:55:00,2025-10-22 04:03:00,BTCUSD,Long,0.5,-1.046,-0.523
310,2025-10-22 07:11:00,2025-10-22 09:10:00,GBPUSD,Short,0.5,1.257,0.6285
311,2025-10-24 02:32:00,2025-10-24 04:04:00,BTCUSD,Long,1.0,-1.048,-1.048
312,2025-10-24 18:14:00,2025-10-24 19:09:00,NAS100,Long,0.5,-1.029,-0.5145
313,2025-10-27 02:12:00,2025-10-27 02:31:00,EURUSD,Short,0.5,-1.004,-0.502
314,2025-10-27 03:27:00,2025-10-27 03:38:00,NAS100,Short,0.5,0.943,0.4715
315,2025-10-29 04:24:00,2025-10-29 05:35:00,GBPUSD,Short,1.0,-1.024,-1.024
316,2025-10-29 18:55:00,2025-10-29 20:47:00,EURUSD,Long,1.0,3.917,3.917
317,2025-10-30 09:22:00,2025-10-30 09:42:00,GBPUSD,Long,1.0,-1.036,-1.036
318,2025-11-03 08:47:00,2025-11-03 10:55:00,EURUSD,Short,1.0,-1.053,-1.053
319,2025-11-05 15:15:00,2025-11-05 15:41:00,XAUUSD,Short,1.0,0.412,0.412
320,2025-11-06 09:53:00,2025-11-06 10:37:00,BTCUSD,Short,0.5,-1.005,-0.5025
321,2025-11-07 08:17:00,2025-11-07 09:16:00,BTCUSD,Short,1.0,1.502,1.502
322,2025-11-07 18:41:00,2025-11-07 19:17:00,BTCUSD,Long,1.0,-1.035,-1.035
323,2025-11-10 13:44:00,2025-11-10 15:05:00,GBPUSD,Long,1.0,1.321,1.321
324,2025-11-10 17:44:00,2025-11-10 18:04:00,XAUUSD,Short,1.0,-1.021,-1.021
325,2025-11-11 09:53:00,2025-11-11 12:06:00,XAUUSD,Short,1.0,-1.083,-1.083
326,2025-11-12 03:05:00,2025-11-12 03:19:00,NAS100,Short,1.0,-1.037,-1.037
327,2025-11-12 09:57:00,2025-11-12 10:53:00,NAS100,Long,1.0,-1.031,-1.031
328,2025-11-12 15:01:00,2025-11-12 17:03:00,BTCUSD,Long,0.5,-1.031,-0.5155
329,2025-11-13 11:23:00,2025-11-13 13:33:00,GBPUSD,Long,1.0,-1.006,-1.006
330,2025-11-14 07:54:00,2025-11-14 08:14:00,XAUUSD,Long,0.5,-1.01,-0.505
331,2025-11-14 09:00:00,2025-11-14 09:11:00,EURUSD,Short,1.0,-1.005,-1.005
332,2025-11-17 11:25:00,2025-11-17 11:40:00,NAS100,Short,1.0,-1.029,-1.029
333,2025-11-21 07:49:00,2025-11-21 07:57:00,XAUUSD,Short,1.0,0.749,0.749
334,2025-11-24 00:27:00,2025-11-24 01:04:00,EURUSD,Long,1.0,1.414,1.414
335,2025-11-24 03:37:00,2025-11-24 06:07:00,BTCUSD,Short,1.0,-1.018,-1.018
336,2025-11-25 15:51:00,2025-11-25 20:44:00,EURUSD,Long,1.0,-1.041,-1.041
337,2025-11-26 13:16:00,2025-11-26 16:53:00,XAUUSD,Short,1.0,0.941,0.941
338,2025-11-27 04:14:00,2025-11-27 06:25:00,XAUUSD,Long,1.0,3.0,3.0
339,2025-11-27 05:54:00,2025-11-27 09:43:00,NAS100,Long,0.5,2.833,1.4165
340,2025-11-27 07:54:00,2025-11-27 08:58:00,EURUSD,Long,1.0,-1.039,-1.039
341,2025-11-28 06:34:00,2025-11-28 08:08:00,GBPUSD,Long,1.0,-1.0,-1.0
342,2025-11-28 06:55:00,2025-11-28 11:21:00,NAS100,Long,1.0,-1.02,-1.02
343,2025-11-28 15:52:00,2025-11-28 17:46:00,NAS100,Long,1.0,-1.025,-1.025
344,2025-11-28 18:15:00,2025-11-28 18:59:00,BTCUSD,Short,1.0,-1.004,-1.004
345,2025-12-01 01:50:00,2025-12-01 02:58:00,BTCUSD,Long,1.0,-1.047,-1.047
346,2025-12-01 10:10:00,2025-12-01 10:54:00,NAS100,Long,1.0,0.761,0.761
347,2025-12-01 12:34:00,2025-12-01 13:05:00,XAUUSD,Short,0.5,-1.029,-0.5145
348,2025-12-02 06:45:00,2025-12-02 09:43:00,BTCUSD,Short,0.5,-1.041,-0.5205
349,2025-12-02 07:43:00,2025-12-02 08:21:00,XAUUSD,Long,1.0,2.915,2.915
350,2025-12-02 08:33:00,2025-12-02 11:14:00,BTCUSD,Short,1.0,-1.038,-1.038
351,2025-12-03 02:34:00,2025-12-03 05:03:00,XAUUSD,Long,0.5,1.248,0.624
352,2025-12-03 02:45:00,2025-12-03 10:03:00,BTCUSD,Short,0.5,-1.014,-0.507
353,2025-12-03 10:54:00,2025-12-03 11:25:00,EURUSD,Short,1.0,2.87,2.87
354,2025-12-03 16:16:00,2025-12-03 17:06:00,XAUUSD,Long,1.0,-1.007,-1.007
355,2025-12-03 16:51:00,2025-12-03 17:35:00,GBPUSD,Long,1.0,-1.048,-1.048
356,2025-12-03 17:48:00,2025-12-03 18:05:00,EURUSD,Short,1.0,2.244,2.244
357,2025-12-04 00:16:00,2025-12-04 04:27:00,XAUUSD,Long,1.0,-1.024,-1.024
358,2025-12-05 09:02:00,2025-12-05 10:01:00,BTCUSD,Short,1.0,2.575,2.575
359,2025-12-05 11:38:00,2025-12-05 14:12:00,EURUSD,Long,1.0,-1.031,-1.031
360,2025-12-05 13:14:00,2025-12-05 13:24:00,BTCUSD,Long,0.5,-1.01,-0.505
361,2025-12-08 01:03:00,2025-12-08 01:19:00,BTCUSD,Long,1.0,-1.032,-1.032
362,2025-12-09 13:25:00,2025-12-09 14:42:00,EURUSD,Long,1.0,1.608,1.608
363,2025-12-09 18:45:00,2025-12-09 22:50:00,NAS100,Long,1.0,-1.037,-1.037
364,2025-12-10 11:09:00,2025-12-10 12:42:00,EURUSD,Long,1.0,-1.02,-1.02
365,2025-12-10 14:26:00,2025-12-10 16:13:00,XAUUSD,Long,1.0,1.506,1.506
366,2025-12-10 15:56:00,2025-12-10 17:04:00,GBPUSD,Short,1.0,-1.054,-1.054
367,2025-12-11 01:53:00,2025-12-11 04:19:00,BTCUSD,Short,1.0,1.4,1.4
368,2025-12-11 04:34:00,2025-12-11 05:54:00,NAS100,Long,1.0,-1.025,-1.025
369,2025-12-11 04:59:00,2025-12-11 05:11:00,BTCUSD,Short,1.0,0.566,0.566
370,2025-12-16 00:12:00,2025-12-16 07:31:00,BTCUSD,Long,1.0,-1.007,-1.007
371,2025-12-16 10:28:00,2025-12-16 11:41:00,NAS100,Short,1.0,2.731,2.731
372,2025-12-16 16:04:00,2025-12-16 16:16:00,BTCUSD,Long,1.0,0.68,0.68
373,2025-12-17 05:10:00,2025-12-17 05:39:00,NAS100,Long,1.0,-1.012,-1.012
374,2025-12-17 19:43:00,2025-12-17 20:55:00,NAS100,Short,0.5,-1.009,-0.5045
375,2025-12-18 02:21:00,2025-12-18 05:32:00,XAUUSD,Short,1.0,1.795,1.795
376,2025-12-19 10:45:00,2025-12-19 12:19:00,XAUUSD,Short,0.5,-1.002,-0.501
377,2025-12-19 11:56:00,2025-12-19 12:05:00,XAUUSD,Short,0.5,-1.058,-0.529
378,2025-12-22 02:02:00,2025-12-22 03:00:00,GBPUSD,Long,1.0,-1.075,-1.075
379,2025-12-22 15:58:00,2025-12-22 16:55:00,GBPUSD,Short,1.0,3.585,3.585
380,2025-12-23 11:23:00,2025-12-23 12:37:00,BTCUSD,Short,1.0,1.479,1.479
381,2025-12-23 17:16:00,2025-12-23 17:46:00,XAUUSD,Long,0.5,0.77,0.385
382,2025-12-24 09:35:00,2025-12-24 12:56:00,GBPUSD,Long,1.0,-1.008,-1.008
383,2025-12-25 07:50:00,2025-12-25 09:06:00,XAUUSD,Short,1.0,2.756,2.756
384,2025-12-25 09:03:00,2025-12-25 10:22:00,EURUSD,Short,1.0,1.705,1.705
385,2025-12-25 14:22:00,2025-12-25 15:00:00,BTCUSD,Short,1.0,1.313,1.313
386,2025-12-25 14:57:00,2025-12-25 15:11:00,EURUSD,Short,1.0,-1.039,-1.039
387,2025-12-26 01:59:00,2025-12-26 05:10:00,NAS100,Long,1.0,-1.024,-1.024
388,2025-12-29 03:21:00,2025-12-29 06:10:00,EURUSD,Short,1.0,-1.098,-1.098
389,2025-12-29 07:27:00,2025-12-29 07:32:00,GBPUSD,Long,1.0,1.119,1.119
390,2025-12-29 08:51:00,2025-12-29 09:05:00,XAUUSD,Long,1.0,-1.028,-1.028
391,2025-12-29 12:35:00,2025-12-29 12:43:00,BTCUSD,Long,1.0,-1.028,-1.028
392,2025-12-29 18:13:00,2025-12-29 18:55:00,EURUSD,Long,1.0,-1.03,-1.03
393,2025-12-29 19:57:00,2025-12-29 23:35:00,NAS100,Long,0.5,0.945,0.4725
394,2025-12-31 09:32:00,2025-12-31 09:53:00,GBPUSD,Long,0.5,-1.026,-0.513
395,2025-12-31 11:27:00,2025-12-31 11:36:00,GBPUSD,Short,1.0,-1.057,-1.057
396,2025-12-31 14:06:00,2025-12-31 15:07:00,NAS100,Short,1.0,-1.003,-1.003
397,2025-12-31 15:14:00,2025-12-31 18:10:00,GBPUSD,Long,0.5,-1.01,-0.505
398,2026-01-02 01:35:00,2026-01-02 02:09:00,XAUUSD,Long,1.0,-1.015,-1.015
399,2026-01-02 07:21:00,2026-01-02 08:30:00,BTCUSD,Short,1.0,-1.024,-1.024
400,2026-01-02 18:15:00,2026-01-02 18:25:00,EURUSD,Short,1.0,-1.005,-1.005
